Danish,English
jeg,I
det,that
er,is
du,you
ikke,does not
at,to
i,in
en,one
og,and
har,have
vi,we
til,to
på,on
hvad,what
med,with
så,so
for,for
mig,me
der,there
han,he
dig,you
de,the
den,the
kan,able to
af,of
var,was
vil,will
her,here
et,one
skal,must
men,but
ved,by
om,about
nu,now
ja,Yes
som,as
hun,she
nej,no
min,mine
noget,something
ham,him
være,be
bare,just
din,your
hvor,where
må,must
hvis,if
os,U.S
kom,came
ud,out
dem,them
godt,well
fra,from
have,Garden
ville,would
se,see
gør,do
okay,Okay
hvorfor,Why
alle,all
lige,just
op,up
hende,her
sig,themselves
hvordan,how
tror,think
tak,thanks
gøre,do
kunne,could
lad,leave
kommer,coming
havde,had
eller,or
meget,much
nok,enough
få,few
da,as
ingen,none
man,you
gå,go
går,walks
hvem,who
bliver,becomes
efter,after
sagde,said
tilbage,back
når,when
alt,everything
måske,maybe
også,also
jo,the
mit,my
ind,in
vores,our
hej,Hi
mere,more
hans,his
skulle,should
blev,became
nogen,anyone
lidt,little
aldrig,never
får,sheep
siger,say
selv,self
far,sheep
over,over
to,thaw
kun,only
sådan,such
ser,look
dit,your
jer,you
igen,again
mor,mother
sammen,together
tager,take
mand,man
hele,all
deres,their
dag,day
tage,take
mine,my
sige,say
gjorde,did
fordi,because
end,than
undskyld,Pardon
før,before
været,been
komme,come
hold,team
væk,gone
dette,this
blive,be
år,year
ned,down
helt,quite
fik,got
tid,time
denne,this
god,good
gang,walk
laver,doing
nogle,some
sted,place
mange,many
folk,people
dine,yours
tale,talk
mener,think
tag,roof
ting,thing
siden,since
finde,find
altid,always
brug,use
stadig,still
hjem,home
virkelig,really
åh,oh
fint,fine
anden,other
lille,little
kender,know
andre,others
elsker,love
liv,life
intet,nothing
tog,took
ret,right
gerne,Gladly
uden,without
vent,Wait
hendes,her
vel,well
lide,like
hjælpe,help
set,seen
mod,against
troede,thought
tre,three
vide,know
gud,God
gik,went
klar,clear
bedre,better
vej,way
gjort,done
sidste,last
sker,happens
død,death
samme,same
vidste,knew
sin,his
fanden,hell
forstår,understand
arbejde,occupation
nå,reach
hør,hear
første,first
giv,give
penge,money
hjælp,help
andet,other things
hen,to
ven,friend
giver,provides
aften,evening
blevet,been
jeres,your
give,give
burde,should
høre,hear
taler,speaks
længe,long
eneste,only
morgen,morning
endnu,yet
under,below
holde,keep
fandt,found
bruge,use
skat,treasure
synes,seem
bedste,best
står,stands
venner,friends
fortælle,tell
sikker,safe
finder,finds
vær,be
navn,name
skete,happened
måde,manner
tro,believe
døde,died
sikkert,safe
hos,with
selvfølgelig,of course
holder,holder
par,couple
hedder,called
nødt,need
flere,more
fået,received
behøver,needs
hver,every
først,first
engang,one time
vist,shown
verden,world
betyder,means
ude,out
ellers,or else
snart,soon
stop,stop
stor,big
sir,sir
bange,afraid
børn,children
næste,next
faktisk,actually
gav,gave
søn,son
pige,girl
fyr,guy
prøver,samples
ked,sorry
derfor,Therefore
hallo,Hello
familie,family
gange,times
gode,excellent
tiden,the time
øjeblik,moment
nye,new
store,great
lade,let
lave,make
ligesom,just like
alene,alone
mænd,men
møde,meet
ihjel,death
skyld,fault
sagt,said
gamle,old
dage,days
galt,wrong
mennesker,people
kone,wife
mr,Mr.
altså,all
ses,see ya
fundet,found
allerede,already
arbejder,worker
grund,reason
slags,kind of
stille,quietly
én,one
fem,five
hvornår,when
taget,taken
ønsker,wishes
dø,die
rigtig,correct
glad,glad
orden,order
huske,remember
længere,further
disse,these
farvel,Goodbye
slå,beat
hørte,heard
lyder,sounds
begge,both
bil,car
dræbe,kill
hinanden,each other
hørt,heard
del,share
rigtigt,right
minutter,minutes
barn,child
politiet,the police
fejl,error
s,p
senere,later
bilen,the car
håber,hope
kvinde,woman
hører,hears
haft,had
virker,works
herfra,from here
fire,four
l,l
tænkte,thought
kommet,Came
sket,happened
dør,door
helvede,hell
hus,House
fortæl,tell
rolig,calm
venter,waiting
hurtigt,quickly
frem,forward
klare,pull off
kører,driving
ny,new
heller,nor
spørgsmål,questions
langt,long
rundt,round
bror,brother
næsten,almost
hvilken,Which one
byen,the city
bliv,sign up
sandt,true
gået,gone
livet,life
pas,passport
leder,leader
bør,ought to
indtil,till
fortalte,told
side,page
inden,before
hellere,rather
ringer,calling
bad,bath
imod,against
videre,continue
hey,hey
tænker,think
lort,shit
mr.,mr.
ingenting,nothing
mens,while
beklager,Sorry
pis,pis
sit,his
problem,problem
ord,word
vejen,the road
sød,sweet
ondt,ache
dreng,boy
sent,late
sjovt,fun
sæt,set
klarer,performing
lang,long
job,job
inde,in
datter,daughter
problemer,problems
timer,h
hr,Sir
prøve,sample
svært,difficult
køre,drive
nogensinde,ever
bag,behind
lader,barns
snakke,talk
færdig,done
vise,show
stedet,the place
ligner,looks like
ti,ten
hr.,Sir.
dræbte,killed
egen,own
gammel,old
hjemme,home
ok,OK
forbi,past
tænk,think
fantastisk,fantastic
dog,However
bor,ought to
mad,food
fri,free
pengene,the money
sidder,sitting
tænke,think
stoppe,stop
john,john
gennem,through
føler,feel
omkring,around
ad,ad
ske,Spoon
igennem,through
mellem,between
velkommen,welcome
kæft,shut up
måtte,mat
ringe,call
hader,hate
fat,hold
jack,jack
løb,race
stå,stand
spise,eat
vente,wait
chance,chance
flot,great
ligger,lies
slet,Delete
nyt,new
slap,loose
døren,the door
våben,arms
slår,hits
kalder,call
husker,remember
handler,trades
ring,ring
passer,match
hvilket,which
fortæller,Narrator
beder,asks
mest,most
lavet,made
huset,the House
al,eel
tæt,close
snakker,talks
uge,week
seks,six
hovedet,the head
spørge,ask
hånd,hand
søster,sister
leve,live
plads,space
hjælper,help
redde,save
sgu,damn
holdt,entertained
historie,history
sine,its
resten,the rest
ben,leg
bruger,user
helst,preferably
fast,firm
talte,spoke
dræbt,killed
stort,great
glem,forget
blod,blood
live,live
nummer,number
the,the
kæreste,girlfriend
new,new
sandheden,the truth
sagen,the case
jorden,the earth
begynder,begins
måneder,months
tur,trip
spille,play
kvinder,women
slog,beat
nat,night
seng,bed
lavede,did
valg,choice
gift,married
skide,fucking
piger,girls
ringede,phoned
prøv,try
fuld,full
time,hour
alligevel,Nevertheless
lære,learn
idé,idea
værsgo,here you go
vand,water
spiller,player
drenge,boys
tænkt,thought
tidligere,former
kort,Map
mindre,less
besked,message
talt,spoken
rigtige,right
prøvede,tried
præcis,exact
foregår,going
læg,pleats
masse,lot
øjne,eyes
klokken,o'clock
forkert,wrong
hårdt,hard
fedt,Cool
agent,agent
dagen,the day
smuk,beautiful
kaptajn,captain
øje,eye
forstå,understand
elskede,beloved
slut,end
forældre,parents
lov,law
sætte,put
fortalt,told
muligt,possible
kærlighed,love
lever,liver
sam,Sam
mening,opinion
hvert,each
dr.,dr.
hjerte,heart
chef,chief
sætter,puts
foran,in front of
vigtigt,important
ligeglad,do not care
arbejdet,the work
sjov,fun
perfekt,perfect
små,small
luk,close
uger,weeks
forstået,understood
lover,Lions
aner,ancestry
slip,release
sag,case
vis,View
lyst,bright
viser,shows
fred,peace
dollars,dollars
værre,worse
aftale,appointment
sidst,last
find,find
spørger,asks
steder,sites
tom,empty
plan,level
rejse,trip
udenfor,outside
hente,pick up
svar,reply
dræber,killer
unge,young
ansigt,face
ej,not
held,luck
købe,buy
værd,worth
betale,pay
kendte,known
dårligt,bad
klart,clear
endelig,finally
beskytte,protect
findes,found
spil,game
roligt,quietly
let,easy
sender,sends
værelse,room
stod,stood
fyre,fire
dårlig,bad
bede,ask
land,country
henter,download
derude,out there
oppe,up
begyndte,began
hoved,main
person,person
stykke,piece
træt,tired
by,town
manden,the man
sex,sex
sikke,sikke
natten,the night
kære,Dear
sikkerhed,security
mødes,meet
sove,sleep
ønske,wish
skynd,hurry
idiot,idiot
fald,decrease
dr,Dr.
tøj,clothing
miss,miss
bo,stay
mangler,missing
hva,huh
kaffe,coffee
sidde,sit
føles,feels
godmorgen,Good morning
nede,down
frank,Franks
røven,the ass
lykke,happiness
millioner,millions
mente,thought
givet,given
derinde,in there
jamen,But
dum,stupid
syg,ill
søde,sweetie
rart,nice
mindste,minimum
kl,at
husk,remember
kæmpe,competing
hænder,hands
mærke,feel
rette,right
svin,pig
lod,sounded
york,york
film,movie
desværre,unfortunately
krig,war
tal,speak up
skrive,write
forhold,relationship
skade,damage
herre,Mister
fængsel,prison
spurgte,inquired
syv,seven
større,bigger
familien,the family
godnat,good night
skyde,shoot
lig,equal
øjnene,the eyes
spiser,eat
følge,follow
følger,follows
goddag,good day
hund,Dog
herrer,gentlemen
vinder,winner
godeste,Goodness
træk,drag
anderledes,different
kamp,match
uanset,whatever
blot,just
gider,bother
sendte,sent
drikke,drinking
travlt,busy
charlie,charlie
vild,wild
afsted,leave
fest,party
tillykke,Congratulations
venstre,left
passe,fit
betaler,pays
læse,read
kør,drive
dollar,dollar
skød,lap
brugte,used
vred,angry
stole,chairs
skole,school
joe,joe
mike,mike
højt,high
højre,right
bekymret,concerned
michael,michael
tjeneste,favor
tja,Well
hertil,here
utroligt,unbelievable
straks,immediately
onkel,uncle
åbne,open
råd,advice
kørte,driving
telefon,telephone
skudt,shot
fru,Mrs
knægt,boy
største,largest
løbe,run
otte,eight
skolen,the school
sende,send
hår,hair
forklare,explain
dejligt,lovely
kontor,office
sendt,sent
javel,javel
eget,own
vejret,weather
tingene,the things
fbi,fbi
damer,ladies
pigen,the girl
ung,young
billede,image
lede,look for
pistol,pistol
peter,peter
david,david
børnene,children
mord,murder
menneske,human being
fandens,damn
spor,track
normalt,normally
dele,parts
ende,end
bog,book
mødte,met
hvide,white
mødt,met
kigger,look
ægte,genuine
vinde,win
doktor,doctor
mistet,lost
dyr,animals
indenfor,within
sover,sleeping
stopper,stops
glemt,forgotten
læge,doctor
skyder,shoot
bord,table
fyren,the guy
bedst,best
røv,ass
elske,love
faldt,fell
lys,light
slemt,bad
lyver,lying
george,george
begynde,begin
ha,ha
betjent,cop
slået,beaten
sikre,ensure
forlade,leave
advokat,lawyer
ændre,amend
beviser,proof
aftes,last night
fanget,caught
telefonen,phone
lærer,teacher
baby,baby
kendt,known
dumme,stupid
overhovedet,all
sort,black
ene,one
usa,USA
kalde,call
middag,dinner
herinde,in here
forsøger,try
james,james
sekunder,seconds
født,born
skrev,wrote
kig,look
skriver,write
hænderne,the hands
selvom,though
nemlig,Exactly
mistede,lost
landet,the country
arbejdede,worked
tidspunkt,point in time
smukt,beautiful
falder,falling
flytte,move
hent,fetch
problemet,the problem
underligt,weird
skylder,owe
egne,own
brugt,used
oh,oh
sad,sat
smukke,gorgeous
fly,flight
fare,danger
rejser,travel
umuligt,impossible
ærligt,honestly
ide,idea
vildt,game
øl,beer
prøvet,tried
slippe,get rid
fuck,fuck
hospitalet,the hospital
skyd,shoot
kende,know
tidligt,early
dame,Lady
skør,crazy
stolt,proud
løber,runs
fars,father
sat,set
lægge,put
rent,clean
føle,feel
enhver,any
netop,exactly
mund,mouth
makker,mate
døden,Death
drink,drink
pokker,hell
billeder,Pictures
pris,price
alting,everything
sælge,sell
fange,capture
reddede,saved
ødelægge,destroy
vandet,the water
stemme,vote
kigge,look
tør,dry
savner,miss
sorte,black
løgn,lie
gave,gift
krop,body
kontakt,Contact
ringet,call
fortsæt,continue
sur,angry
stoler,trust
ære,honour
forsigtig,cautious
fleste,most
sid,sid
starte,start
ordne,fix
præsident,president
glemme,forget
stærk,strong
rør,tube
miste,losing
sang,song
stil,style
glemte,forgot
pænt,nice
gutter,guys
halv,half
åben,open
naturligvis,course
færdige,done
mrs,Mrs.
angreb,attack
lægger,puts
lkke,Not
smule,bit
ender,ends
forkerte,false
fin,fine
skidt,bad
tony,tony
lukket,closed
pa,on
pludselig,suddenly
hav,sea
drøm,dream
ryger,smoking
barnet,the child
skål,Cheers
stjal,steals
syntes,thought
følg,follow
mary,mary
midt,in the middle
sulten,hungry
vender,turn
følelser,emotions
hjalp,helped
bestemt,specific
direkte,direct
øh,uh
fortjener,deserve
starter,starts
både,both
virkede,worked
interessant,interesting
lejlighed,apartment
røvhul,asshole
vende,reverse
guds,God
henry,henry
undskylde,excuse
overalt,everywhere
paul,paul
oberst,colonel
lært,learned
derovre,over there
ønskede,wished
styr,steering
masser,lots
historien,the story
nick,nick
frue,lady
tv,TV
heldig,lucky
max,max
stykker,pieces
fører,driver
køber,buyer
egentlig,actually
sarah,Sarah
mister,lose
mål,Goal
kræver,demands
ro,ro
blå,blue
jimmy,jimmy
købte,bought
sælger,selling
a,a
værste,worst
slipper,release
luften,the air
forlod,left
minder,Memories
musik,music
skrevet,written
skønt,wonderful
måned,month
dumt,stupid
general,general
alex,alex
mulighed,possibility
fader,father
verdens,the world
satte,sat
send,send
ærlig,honest
lå,was
brød,Bread
høj,high
meter,meters
forsøgte,tried
lovede,promised
drikker,drinking
ens,alike
enkelt,single
forsvandt,disappeared
løs,loose
stand,able
ni,nine
kaldte,called
trækker,draws
danny,danny
spørg,ask
morges,this morning
bryder,breaks
trække,drag
hurtigere,faster
lagde,put
ødelagt,destroyed
seriøst,seriously
slås,fight
sødt,sweet
dengang,back then
an,an
stemmer,votes
tredje,third
harry,harry
nemt,easy
løj,lied
lyset,the light
tegn,sign
ren,clean
levende,live
læst,read
medmindre,unless
sov,slept
fortsætte,continue
nær,near
forskellige,various
ejer,owner
tide,time
jul,Christmas
møder,meetings
skaffe,provide
hånden,the hand
viste,showed
ét,one
sa,so
mon,mon
snak,chat
lærte,taught
respekt,respect
danse,dance
lege,play
adgang,access
frokost,lunch
forelsket,in love
taber,loser
skid,skid
stol,chair
interesseret,interested
hård,hard
skam,shame
gaden,the street
jim,jim
bed,pray
gravid,pregnant
nervøs,nervous
satan,satan
lukke,close
vælge,choose
krigen,the war
drengen,boy
hvilke,which ones
tjener,serving
magt,power
stoffer,drugs
fart,speed
hel,whole
fremtiden,the future
venlig,friendly
enten,either
ray,ray
hul,hole
flyve,fly
tusind,thousand
derhen,there
smid,throw
o,island
ordner,fixes
forlader,leave
sko,shoe
date,date
evigt,forever
enig,agrees
bagefter,afterwards
morder,killer
frøken,miss
opgave,task
alvorligt,seriously
bill,bill
plejede,used to
nødvendigt,necessary
skrid,slip
farligt,dangerous
nar,when
personligt,personally
nyheder,news
hov,Oops
søger,searching
vandt,won
richard,richard
sjæl,soul
særlig,particular
ekstra,additional
sværger,swear
såret,hurt
klarede,did
bar,bar
valgte,selected
forsvind,get lost
klaret,done
løbet,run
mors,mother
ligge,lie
begyndt,started
bekymre,worry
lav,low
røre,touch
flyt,move
lytter,listen
besøg,visit
spillet,the game
planen,the plan
endda,even
red,red
åbenbart,apparently
tommy,tommy
jesus,jesus
nød,enjoyed
dér,there
især,especially
festen,the party
lukker,closes
ifølge,according to
mindst,least
kampen,the fight
ramt,hit
konge,king
himlen,heaven
jobbet,the job
søvn,sleep
området,the area
is,ice
klog,clever
flytter,moves
læser,reader
tjek,check out
købt,purchased
åbn,open
ild,fire
fjols,fool
ordre,order
vore,our
form,form
flyet,the plane
kontrol,control
fortsætter,continues
retten,right
glemmer,forget
rum,room
claire,claire
tænder,teeth
fatter,understand
lykkelig,happy
nærheden,nearby
kammerat,companion
pokkers,damn
ventet,expected
glas,glass
skabe,create
åbner,opens
falde,fall
følte,felt
planer,plans
særligt,special
tii,tii
ryggen,back
blandt,among
r,r
myrdet,murdered
wow,wow
fandeme,fucking
mark,field
navnet,the name
paris,Paris
bevise,prove
tilfælde,coincidence
lagt,subject
pistolen,gun
bob,bob
hed,hot
tjene,serve
lyve,lie
hverken,neither
vilje,will
tit,often
rachel,rachel
glæder,look
ovenpå,on top
takke,thank
præsidenten,the president
forbandede,damned
derfra,from there
bringe,bring
fungerer,acts
medicin,medicine
oplysninger,information
røde,red
lækker,delicious
stakkels,poor
hjerne,brain
drømme,dream
onde,evil
dårlige,bad
dybt,deeply
mødtes,met
undgå,avoid
yeah,yeah
dejlig,lovely
vågn,wake
kæmper,fighting
parat,ready
håb,hope
dernede,down there
chancen,chance
betalt,paid
fremtid,future
højere,higher
overstået,over
gratis,free of charge
beslutning,decision
dygtig,clever
frygt,fear
venligst,Please
selvmord,suicide
skud,shot
kys,kiss
stjæle,steal
ofte,frequent
gulvet,the floor
plejer,carer
anholdt,arrested
skib,ship
overleve,stay alive
ændret,changed
glæde,joy
stak,stack
smart,smart
sengen,the bed
forskel,difference
ventede,waited
fornøjelse,pleasure
lægen,the doctor
tjekke,check
london,London
martin,martin
partner,partner
hvid,white
vagt,guard
føre,lead
bobby,bobby
skoven,the forest
tanker,thoughts
ansvar,responsibility
km,km
fyldt,full
vælger,choose
billy,billy
efterlod,leaving
smerte,pain
satans,satans
røg,smoke
dræb,kill
giftes,married
varmt,hot
støtte,support
meningen,supposed
sten,stone
hyggeligt,cozy
savnet,missing
derefter,then
vigtig,important
forsvinder,disappears
steve,steve
gælder,apply
styre,manage
låne,borrow
deroppe,up there
fyret,fired
startede,started
chris,chris
skibet,ship
mærkeligt,strange
fisk,fish
område,territory
bestemmer,determines
bortset,apart
kald,call
ældre,elderly
overraskelse,surprise
ramte,hit
lytte,listen
flyver,fly
fjerne,remove
fødselsdag,birthday
jake,jake
solen,the sun
love,lion
kongen,the king
hemmelighed,secret
spændende,exciting
hest,horse
will,will
stjålet,stolen
styrke,strength
fængslet,The prison
hænger,hangs
forestille,imagine
spillede,played
bære,bear
kørt,driven
dét,that
ødelægger,destroying
pigerne,the girls
bringer,brings
udmærket,fine
sørge,mourn
walter,walter
smutter,slips
te,tea
vend,turn
hær,army
d,d
thomas,Thomas
skridt,steps
brænder,writer
of,of
fed,fat
fanger,prisoners
hotel,hotel
vin,wine
virke,work
situation,situation
stikker,sticking
sørg,make
derind,in there
løjtnant,lieutenant
lugter,smells
glip,miss
forsøg,attempt
koster,costs
jord,land
boede,lived
amerikanske,US
eddie,eddie
liget,corpse
johnny,johnny
gemmer,hide
forbindelse,connection
tilhører,belongs to
vegne,behalf
bordet,the table
kælling,crone
opkald,call
daniel,Daniel
munden,mouth
kontoret,the office
start,start
bedt,asked
svare,reply
kate,kate
sindssyg,insane
selskab,company
bryde,break
glade,happy
vidne,witness
erne,s
kraft,power
regler,rules
uheld,mishaps
halvt,half
synge,sing
båd,boat
forsvundet,disappeared
bogen,the book
nøglen,the key
knap,button
sager,cases
gifte,marry
henne,pregnant
ødelagde,destroyed
beholde,retain
rejs,traveling
lyt,listen
gal,mad
mester,master
gruppe,group
ganske,quite
fuldstændig,complete
soldater,soldiers
tvivl,doubt
alder,age
læste,read
luft,air
ledte,looking
besøge,visit
biler,cars
absolut,absolutely
toilettet,the toilet
ofre,sacrifice
arthur,arthur
herude,out here
engelsk,English
ændrer,change
gibbs,gibbs
stiller,make
rend,troughs
forventer,expect
drejer,These
tabt,lost
politi,police
hurtig,quick
mrs.,mrs.
flygte,escape
trist,sad
koldt,cold
sejt,tough
reglerne,the rules
modtaget,Received
halvdelen,half
herhen,here
kræfter,strength
navne,names
frisk,fresh
dommer,judging
brev,letter
pete,pete
la,la
dean,dean
jane,jane
procent,percentage
minut,minute
amerika,America
liste,list
skæbne,fate
fod,foot
rige,realm
vor,our
kop,cup
professor,professor
varm,warm
vinduet,window
vrede,anger
hop,hop
morgenmad,breakfast
smed,blacksmith
maden,the food
tabte,lost
fulgte,followed
samtale,conversation
anna,anna
låst,locked
pik,dick
kevin,kevin
svaret,the answer
ordrer,orders
træ,tree
svarer,corresponds
korrekt,correct
ma,must
langsomt,slowly
håbede,hoped
brødre,brothers
nærmere,closer
smide,throw
guld,gold
robert,robert
gemme,Saving
herind,in here
stoppede,stopped
loven,the law
kød,meat
dave,dave
optaget,taken
gangen,time
bærer,carrier
million,million
hævn,revenge
spist,eaten
offer,victim
ed,oath
rører,touching
ovre,upper
smutte,slip away
ryan,ryan
and,spirit
sergent,sergeant
skifter,change
dens,its
havet,the ocean
pause,break
amy,amy
derhjemme,at home
washington,washington
bank,bank
valgt,selected
overfor,transfer
hjertet,the heart
mission,mission
tilladelse,permission
charles,charles
soldat,soldier
trods,Despite
styrer,controls
led,part
stikke,sting
dukker,dolls
street,street
bevis,proof
grin,laughs
skabt,created
slag,stroke
halsen,neck
tjekker,checking
kiggede,looked
bygge,build
forretning,business
snakkede,talked
forfærdeligt,terrible
vidt,far
bøger,books
målet,the goal
barry,barry
arm,arm
billedet,the picture
høje,tall
ted,ted
bygningen,the building
rene,clean
beskytter,protects
tante,aunt
pakke,package
totalt,in total
magi,magic
løse,solve
vidst,known
fortræd,mischief
morderen,the killer
kvinden,the woman
klasse,class
trænger,need
uskyldig,innocent
skiderik,turd
ferie,holiday
skyldig,guilty
forsvinde,disappear
frihed,freedom
ansigtet,the face
kilometer,kilometer
city,city
næppe,barely
smil,smile
overlever,survives
dan,dan
træner,coach
flyttede,moved
undersøge,look into
godaften,good evening
farlig,dangerous
ægteskab,marriage
mørke,darkness
seneste,most recent
emily,emily
ulykke,accident
skjule,hide
chuck,chuck
ugen,week
ond,evil
t,t
angrebet,attack
firma,Business
jason,jason
lee,lee
computer,PC
personer,people
lyd,sound
aftenen,evening
ballade,Trouble
eksempel,example
fede,obese
cia,cia
skilt,sign
lokale,local
opmærksomhed,awareness
kjole,dress
fjern,Remove
major,Gen.
bekymrer,worries
bort,off
sluk,power off
sherif,sheriff
forsøge,try
filmen,the movie
nåde,mercy
herover,above
rod,red
rummet,the room
betalte,paid
rød,red
toget,the train
taske,bag
spis,eat
solgt,sold
hænge,hang
rig,rich
grunden,the reason
type,type
luder,whore
mands,man
maria,maria
gudskelov,thank God
joey,joey
spiste,ate
tider,sometimes
bryllup,wedding
skylden,blame
kat,cat
utrolig,incredible
enige,agree
regeringen,the government
hvile,rest
ordentligt,properly
æg,egg
rose,rose
drik,drink
brian,brian
adam,adam
kaldes,is called
sørger,provides
spørgsmålet,the question
tilbud,offer
gas,gas
drengene,boys
bud,bid
gæt,guess
deler,shares
chefen,the boss
fremad,forward
vilde,wild
brænde,burn
solgte,sold
fulde,full
kirken,the church
imellem,between
løfte,lift
adresse,address
jaså,jaså
evner,skills
bedstefar,grandfather
tiders,ages
sara,sara
tidlig,early
kysse,Kissing
dække,cover
nåede,made it
varme,heat
undskyldning,excuse
tanke,thought
rolle,role
skaber,creates
vigtigste,most important
overrasket,surprised
angående,regarding
regne,figure
desuden,Moreover
fælde,trap
skriv,write
energi,energy
tøs,lass
køkkenet,the kitchen
minde,remind
gid,may
bedstemor,grandmother
varer,goods
privat,private
visse,some
endte,ended
smider,throw
drop,drop
muligvis,possibly
års,years
fjender,enemies
række,row
forstod,understood
årevis,for years
karriere,career
synd,sin
morsomt,funny
andy,andy
hunde,dogs
carter,carter
skifte,switch
tæller,counting
abby,abby
smager,tastes
lukkede,closed
perfekte,perfect
all,all
smut,slipped
scott,scott
regel,rule
tosset,crazy
william,william
voksen,adult
right,right
skøre,crazy
virkeligt,real
fredag,Friday
dronning,queen
forladt,abandoned
position,position
san,san
dans,dance
kaste,throw
sej,cool
ah,ah
tekster,texts
tillid,confidence
bombe,bomb
flyttet,moved
hernede,down here
nævnte,mentioned
mareridt,Nightmares
reddet,saved
muligheder,opportunities
super,super
lød,sounded
stands,Stop
hejsa,Hi there
stærkt,strongly
specielt,especially
rom,Rome
floden,the river
kniv,knife
rejste,traveled
louis,louis
hemmeligheder,secrets
holdet,the team
foretrækker,prefer
listen,list
betyde,mean
sært,oddly
båden,the boat
samle,gather
matt,matt
mistænkte,suspects
herovre,over here
rammer,framework
fine,fine
slappe,relax
forklarer,explains
dna,dna
succes,success
situationen,the situation
heldige,lucky
simon,simon
don,don
bruges,used
systemet,the system
banken,the bank
gæster,Guests
historier,stories
carl,carl
græde,cry
av,Ouch
vågen,awake
opdagede,discovered
samlet,gathered
regner,rains
lisa,lisa
hotellet,the hotel
kamera,camera
information,information
leger,play
dæk,tire
mobil,mobile phone
retning,direction
planlagt,planned
trak,drew
nærmer,approaching
stærkere,stronger
luke,luke
falsk,False
hank,handle
øen,the island
efterlade,leave behind
vågner,wake
vigtige,important
skære,cut
fødder,feet
lange,long
oliver,Oliver
nægter,denies
kors,cross
veninde,friend
normal,normal
bygget,build
fætter,cousin
firmaet,the company
folkens,folks
faldet,decreased
tættere,closer
knæ,knee
stærke,strong
vanvittig,crazy
flok,flock
bevæger,moving
lyde,sounds
lady,lady
hæren,the army
skræmmende,daunting
savne,miss
mexico,mexico
hundrede,hundred
lord,Lord
jerry,jerry
gøres,done
meste,most
lugte,odors
show,show
starten,beginning
lily,lily
kroppen,the body
dobbelt,double
bukserne,pants
smidt,evicted
emma,emma
los,loose
skader,damage
danser,dancing
nået,reached
vundet,won
rapport,report
stinker,stinks
nyder,enjoy
unger,kids
bånd,tape
griner,laughs
besluttet,decided
opfører,behaves
glædelig,merry
ryge,smoke
omgang,lap
planet,planet
team,team
lettere,easier
college,college
big,big
bussen,the bus
toppen,the top
gemt,saved
ordnet,sorted
robin,robin
ramme,frame
kameraet,camera
mordet,murder
lækkert,delicious
stik,plug
prisen,the price
england,England
herren,the Lord
cirka,approximately
majestæt,majesty
rar,pleasant
samarbejde,Cooperation
jøsses,Jeez
hunden,The dog
virkeligheden,reality
ordet,the word
lørdag,Saturday
hat,hat
blomster,flowers
syge,ill
grænsen,the border
phil,phil
pres,pressure
læs,read
flaske,bottle
bukser,pants
larry,larry
hellige,Saints
synger,sings
blodet,blood
smag,taste
signal,signal
tydeligt,clearly
slem,bad
skræmmer,scares
cool,cool
broen,the bridge
fair,fair
mørkt,dark
hvabehar,eh
træd,distinguished
tvivler,doubts
hemmeligt,secretly
ryg,back
kyle,kyle
tabe,lose
bagved,behind
takket,thanks
jackson,jackson
maggie,maggie
jones,jones
vold,violence
bytte,exchange
sand,true
kirke,church
fremmede,strangers
skændes,quarrel
ross,ross
tilfreds,satisfied
forsøgt,tried
leg,play
stranden,the beach
redder,saves
lucy,lucy
frygter,fear
involveret,involved
sind,mind
anelse,suspicion
begyndelsen,the beginning
drak,drank
tanken,idea
dukkede,appeared
spurgt,asked
you,you
behøvede,needed
susan,susan
ledt,guided
tilgiv,forgive
leo,leo
myrdede,murdered
tilgive,forgive
sværd,sword
fortid,ahead of time
stjæler,stealing
eftermiddag,afternoon
sekund,second
eric,eric
inviteret,invited
begik,committed
sovet,slept
alice,alice
aftalen,Agreement
løsning,solution
fucking,fucking
hemmelige,secret
papirer,papers
kaster,throws
nul,zero
broder,brother
klap,flap
tilstand,condition
forvirret,confused
fjende,enemy
rask,healthy
afstand,distance
betjente,cops
hjernen,the brain
kugle,ball
forretninger,businesses
stationen,station
m,m
mørket,the darkness
nedenunder,below
jep,Yup
blind,blind
løn,pay
li,Li
nyde,enjoy
måder,ways
fælles,common
falske,false
sexet,sexy
græder,crying
trussel,threat
førte,resulted
baren,the bar
acceptere,accept
hustru,wife
forklaring,explanation
præsentere,introduce
morgan,morgan
operation,operation
sprog,language
tryk,pressure
forslag,proposals
gætte,guess
året,the year
piller,pills
fingre,fingers
fejre,celebrate
kylling,chicken
frit,free
kong,King
skabte,created
voksede,grew
vegas,vegas
efterlader,leaves
fortiden,currently
fingeraftryk,fingerprint
hårde,tough
spøg,joke
gæld,debt
svær,difficult
klient,client
skørt,skirt
fortjent,earned
afdeling,department
lngen,Nobody
knægten,the kid
kold,cold
mødet,the meeting
behov,need
gad,gad
kilo,kilo
chicago,chicago
mød,meet
kaldt,called
mcgee,McGee
ringen,the ring
tim,tim
lignende,similar
fis,fis
indrømme,admit
patient,patient
foreslår,suggests
bøsse,gay
bekendt,acquaintance
ansvarlig,responsible
fuldt,fully
væggen,the wall
panik,panic
system,system
papir,paper
snakket,talked
handle,Act
næ,occasional
morgenen,the morning
hils,greet
tydeligvis,obviously
besluttede,decided
prinsesse,princess
amerikansk,American
forleden,the other day
vendte,turned
overlevede,survived
opdager,discovers
julie,julie
samler,gathers
elena,elena
howard,howard
c,c
syn,vision
jaloux,jealous
imponerende,impressive
park,park
point,point
tab,loss
lufthavnen,the airport
kæmpede,fought
elsket,loved
dertil,thereto
forbandet,accursed
bygning,building
sande,true
mandag,Monday
spore,track
behold,keep
opdaget,discovered
fløj,flew
skai,skai
lykkedes,succeeded
regnede,rained
banen,course
vii,we you
begravet,buried
clark,clark
håbe,hope
skatter,taxes
kode,code
angår,relates to
forsvare,defend
via,by
annie,annie
forhindre,prevent
fremragende,excellent
brændte,burned
kassen,Treasury
skræmme,scare
gammelt,old
vidner,witnesses
konstant,constant
texas,texas
senator,Sen.
mændene,the men
victor,victor
engel,angel
lande,countries
miles,miles
ensom,lonely
allesammen,all
arme,arms
nord,nerd
nøglerne,the keys
troet,thought
sider,pages
idioter,idiots
temmelig,quite
mærker,brands
svag,weak
sporet,track
uskadt,unharmed
lovet,promised
vare,product
stoppet,stopped
lift,lift
fjenden,the enemy
størrelse,size
davs,Howdy
stjerne,star
whisky,whiskey
heks,witch
bolden,the ball
bragte,brought
hud,skin
fantastiske,amazing
overveje,consider
nyd,enjoy
kage,cake
karen,karen
scenen,the scene
king,king
sygdom,disease
ansatte,employees
latterligt,ridiculous
skjuler,conceals
personlige,personal
folks,people
banker,banks
marshall,marshall
diskutere,discuss
dækker,covers
jeff,jeff
sal,sole
risiko,risk
frk,Ms
kontakter,contacts
farve,Colour
tøjet,the clothes
derover,more
slutter,ends
bomben,bomb
uskyldige,innocent
almindelig,ordinary
tjekket,checked
skjult,hidden
roger,roger
jessica,jessica
begynd,beginning
benene,legs
skaffer,procures
vågnede,woke
weekend,weekend
jesse,jesse
heroppe,up here
vidunderligt,wonderful
data,data
hjørnet,the corner
bragt,brought
vagter,guards
californien,california
gæst,guest
undtagen,except for
køn,sex
kvarter,quarter
enden,end
turen,the trip
porten,port
nettet,online
anede,suspected
tyler,tyler
skynde,hurry
jakke,jacket
værelset,the room
kelly,kelly
maven,stomach
familier,families
bane,Lane
angriber,attack
fangede,caught
frankrig,France
agenter,agents
fjernet,removed
klubben,club
betød,meant
sean,sean
forfra,over again
kompliceret,complicated
underlig,weird
prins,Prince
butikken,the store
kaptajnen,captain
bande,gang
viden,knowledge
weekenden,the weekend
video,video
kortet,card
cole,cole
speciel,special
søndag,Sunday
beskidte,dirty
eksisterer,exists
byde,bid
amok,spree
grader,degrees
afsløre,reveal
ændrede,changed
nøgle,key
ulovligt,illegally
forbudt,prohibited
vover,dare
aaron,aaron
jagt,hunting
flotte,great
alan,alan
udstyr,equipment
amen,amen
herned,down here
beskyttelse,protection
stefan,stefan
abe,monkey
high,high
kunst,art
jay,jay
van,van
pæn,on a
fejltagelse,mistake
eventyr,fairy tale
sprang,jumped
kneppe,fuck
gemte,saved
sms,text message
harvey,harvey
erfaring,experience
begå,commit
fungere,function
invitere,invite
grønne,green
tunge,tongue
rejst,raised
brylluppet,wedding
besat,obsessed
håndtere,deal
græd,cried
herop,up here
kunder,customers
nøgen,naked
guder,gods
bygger,builds
monster,pattern
talent,talent
forbrydelse,crime
skøn,discretion
bid,bite
indså,realized
kontakte,contact
program,program
åbnede,opened
næse,nose
vædde,bet
krav,requirements
sikken,what a
ønsket,desired
støtter,support
radioen,radio
grace,grace
smith,smith
springer,jumps
tilbyde,offer
knust,crushed
ligefrem,exactly
fremme,promotion
løgner,liar
check,check
ur,clock
restaurant,restaurant
detaljer,details
elizabeth,elizabeth
heste,horses
taylor,taylor
livs,life
billederne,pictures
lås,lock
tændt,turned on
rick,rick
spilde,waste
dækket,covered
forstyrrer,disrupts
fremmed,stranger
lejligheden,the apartment
præst,priest
dukke,doll
undersøger,examines
følelse,feeling
babyen,baby
assistent,assistant
plus,plus
skærer,cutting
skræmte,scared
handlede,traded
levede,lived
politik,policy
færdigt,done
regering,government
afslutte,exit
grave,dig
hospital,hospital
hopper,jumps
formål,purpose
næsen,the nose
staten,the state
hadede,hated
nylig,recent
farten,the speed
vogn,wagon
kælderen,basement
gary,gary
vest,west
forandret,changed
ånd,spirit
hilse,greet
tvang,coercion
danske,Danish
fransk,French
skaf,shaft
doc,doc
el,el
forpulede,fucking
st.,st.
kugler,bullets
handel,trade
virkelige,real
beholder,container
folket,the people
urolig,uneasy
ligegyldigt,does not matter
tjekkede,checked
interesse,interest
go,bark
straf,punishment
vant,accustomed
charlotte,charlotte
lider,suffer
laboratoriet,laboratory
myrde,murder
driver,driver
syd,south
køb,purchase
uh,uh
brudt,broken
direktør,Manager
niveau,level
rager,protrude
advarsel,warning
sår,wound
doug,doug
dømt,convicted
cooper,cooper
jacob,jacob
fordel,advantage
gem,save
indblandet,entrained
inviterede,invited
sjove,fun
ø,island
våbnet,weapon
forfærdelig,terrible
retfærdighed,Justice
fugl,bird
brændt,burnt
penny,penny
b,b
pressen,press
ligne,like
begået,committed
vokser,grow
avisen,the newspaper
medlem,member
drukket,drunk
behandler,treat
åbent,open
grunde,reasons
voksne,adults
e,e
derop,up there
phoebe,phoebe
angribe,attack
standse,stop
tyve,thieves
døende,dying
pointen,point
hoppe,jump
fjerner,remove
terry,terry
herligt,lovely
nyhed,news
pizza,pizza
sandhed,truth
mælk,milk
boss,boss
teori,theory
pligt,duty
spild,waste
dagens,today
ar,year
utro,cheat on
bruce,bruce
kunnet,been able
præcist,spot on
maskine,machine
humør,mood
nathan,nathan
heldigvis,fortunately
derud,"In addition,"
frygteligt,terrible
øre,ear
sommer,summer
hannah,hannah
modig,brave
stan,Stan
derned,down there
ladet,charged
takker,thank
slik,candy
chloe,chloe
jenny,jenny
kim,Kim
overvejer,considering
forbundet,connected
april,April
grav,grave
jackie,jackie
sinde,ever
slemme,bad
byens,city
maske,maybe
sejr,victory
hjulpet,helped
fjerde,fourth
ram,ram
karl,karl
tasken,bag
kurs,price
booth,booth
hals,throat
kontrollere,check
musikken,the music
hvorhen,where
tilbyder,provides
typisk,typical
brand,fire
bryster,breasts
vågne,wake
kina,China
publikum,audience
stået,stood
angeles,angeles
borgmester,mayor
såre,hurt
julia,julia
vendt,reversed
gengæld,return
marty,marty
europa,Europe
damon,damon
black,black
patrick,patrick
konen,the wife
teknisk,technical
hemmelig,secret
alvorlig,serious
f,f
vanvid,frenzy
mirakel,miracle
forresten,by the way
linje,line
imens,while
ejendom,property
kasse,box
nærmest,nearest
siges,said
wayne,wayne
kollega,colleague
spilder,wastes
lykkes,successful
træning,work out
håbet,the hope
stiger,increases
frygtelig,terrible
lignede,looked like
linda,linda
skar,cut
parken,the park
flugt,escape
miami,miami
stadigvæk,still
projekt,project
formoder,suspect
bunden,the bottom
byggede,built
service,service
droppe,dropping
begravelse,funeral
junior,junior
tvunget,forced
vognen,trolley
øjeblikket,the moment
nøgler,keys
stukket,stabbed
føltes,felt
begår,commits
parker,parks
svømme,swim
normale,normal
borte,away
grim,ugly
drømmer,Dream
laura,laura
indeni,inside
maskinen,the machine
smage,taste
roy,roy
boet,lived
regnet,calculated
midten,the middle
kilde,source
slutte,end
geni,genius
herud,moreover
svære,hard
udføre,perform
romantisk,romantic
stilling,position
svarede,responded
carlos,carlos
springe,skip
vigtigere,more important
nævne,mention
bevæge,move
drej,turn
radio,radio
test,test
anne,anne
flink,nice
skønne,beautiful
vaske,wash
aflevere,hand in
marcus,marcus
bravo,bravo
anklager,prosecutor
kontanter,cash
vanvittigt,crazy
banke,knock
gaver,gifts
slukke,extinguish
pund,pound
enhed,unit
genkende,recognize
mave,stomach
nemmere,easier
nyhederne,the news
gentager,repeats
blik,look
villig,willing
rydde,clear
josh,josh
skuffet,disappointed
per,per
kopi,copy
nysgerrig,curious
strømmen,the power
hensyn,regards
bløder,bleed
etage,floor
nummeret,number one
udvej,way out
sjældent,rarely
indre,internal
mistænkt,suspected
helen,helen
søstre,sisters
læger,doctors
søge,search
rock,rock
ambulance,ambulance
patienter,patients
forventede,expected
moder,mother
flygtede,fled
glimrende,excellent
udover,Besides
gætter,guesses
skyldes,due
milde,mild
pyt,Never mind
affære,affair
grine,laugh
nr,No.
vidunderlig,wonderful
månen,the moon
skæbnen,The destiny
klæder,clothes
farlige,dangerous
fan,fan
lucas,lucas
ethan,ethan
forsinket,delayed
udenom,around
samtidig,simultaneously
wilson,wilson
west,west
officielt,officially
caroline,caroline
vampyr,vampire
champagne,champagne
midnat,midnight
spøgelse,ghost
nosser,balls
vort,our
bestemme,decide
teknologi,technology
ilden,the fire
nakken,neck
more,amuse
klædt,dressed
dommeren,judge
genkender,recognize
tilbød,offered
advare,warn
evne,ability
forhåbentlig,hopefully
sårede,wounded
dom,judgment
kast,throw
fantasi,fantasy
angela,angela
herregud,Jesus Christ
byder,offers
kræft,cancer
vrøvl,nonsense
håret,hair
kyssede,kissed
baseret,based
brud,rupture
yngre,younger
træffe,take
walker,walker
kastede,threw
top,top
afhænger,depends
mene,think
leonard,leonard
barney,barney
forsvar,defense
vinden,the wind
bekræftet,confirmed
armen,arm
kolde,cold
billetter,tickets
punkt,point
røvhuller,assholes
johnson,johnson
ansat,employee
pinligt,embarrassingly
passende,appropriate
huse,houses
overtage,take over
ron,ron
molly,molly
smerten,the pain
trick,trick
behandling,treatment
forestil,imagined
bundet,bonded
hade,hate
sandsynligvis,probably
gordon,gordon
lincoln,lincoln
please,please
kærligheden,the love
universitetet,the University
sludder,fudge
chokolade,chocolate
brækket,broken
mulige,possible
kontrakt,contract
opførsel,behavior
fingrene,the fingers
ansvaret,responsibility
forberedt,prepared
ofret,victim
forskellen,the difference
joke,joke
finger,finger
tillader,allow
jeremy,jeremy
ungerne,kids
legetøj,toy
tekstet,texted
slutningen,end
beth,beth
on,on
klogt,wisely
sukker,sugar
drømte,dreamed
dronningen,Queen
vælg,choose
jage,hunt
river,river
beskidt,dirty
post,mail
årsag,cause
nævnt,mentioned
jakkesæt,suit
råbe,shout
tyskland,Germany
kedeligt,dull
alarm,alarm
veje,weigh
spion,spy
undskylder,apologizes
steven,steven
fryser,freezer
råber,yells
skønhed,beauty
presse,Press
skibe,ships
løst,solved
skåret,cut
ører,ears
brækkede,broke
hjælpen,help
deltage,take part
tvinge,force
hentede,fetched
guderne,the gods
forlovede,fiancé
båndet,band
forstyrre,disturb
lækre,delicious
butik,Store
benzin,petrol
celle,cell
sønner,sons
ideer,ideas
vagterne,guards
ride,ride
n,n
damen,lady
fysisk,physical
piper,piper
torsdag,Thursday
private,private
ombord,on board
træne,train
sheriffen,sheriff
blande,mix
kunde,customer
giftede,married
kokain,cocaine
chancer,chances
model,model
løgne,lies
halløj,Hello
middagen,dinner
planeten,the planet
quinn,quinn
skab,cabinet
rørt,stirred
vokse,grow
villet,wanted
olivia,olivia
nina,nina
ost,cheese
sorg,grief
skuespiller,actor
efterladt,left behind
showet,show
rende,rendering
hmm,hmm
ankom,arrived
desperat,desperate
irriterende,annoying
russerne,Russians
besøgte,visited
øst,east
dæmon,demon
miller,miller
dyrt,expensive
professionel,professional
magten,the power
narre,fool
kniven,the knife
id,id
tirsdag,Tuesday
andrew,andrew
undersøgt,investigated
grimme,ugly
vække,wake
skabet,closet
højeste,highest
opføre,behave
travis,travis
strøm,power
oversat,translated
motoren,engine
risikere,risk
casey,casey
passede,fit
profil,profile
rørte,touched
dennis,dennis
haven,the garden
generer,bothers
jess,jess
flygter,fleeing
ankommer,arrives
fejler,fails
melder,reports
æren,the honor
planlægger,plan
beskeder,posts
tyv,thief
duer,you are
truede,threatened
fortryde,regret
højst,highest
rykker,dunning
træde,step
fornemmelse,sensation
computeren,the computer
sagtens,easily
bus,bus
beskeden,the message
gifter,marry
ukendt,unknown
boston,boston
sygeplejerske,nurse
imponeret,impressed
danish,danish
rødt,Red
påstår,claiming
gi,g
opgaven,the task
bonnie,Bonnie
opnå,obtain
taknemmelig,grateful
koden,code
våbnene,weapons
tisse,pee
truer,threatens
missionen,mission
sprænge,blow
universet,the universe
behandle,treat
bjørn,bear
uret,the clock
ta,toe
in,in
levet,lived
klub,club
eftersom,since
runde,round
programmet,program
dyb,deep
drage,kite
drive,drive
hukommelse,memory
dav,dav
grøn,green
andres,others
sofaen,couch
tillade,allow
søen,the lake
vindue,window
overbevise,convince
fodbold,football
oplevet,experienced
kurt,kurt
identitet,identity
trukket,withdrawn
vincent,vincent
lejr,camp
bring,generating
breve,letters
lyden,the sound
sværere,harder
udtryk,expression
toby,toby
glor,stare
badeværelset,bathroom
jager,hunting
samvittighed,conscience
pointe,pointe
respekterer,respects
accepterer,accepts
yderst,extremely
siddet,sat
journalist,journalist
indse,realize
tomme,empty
skadet,hurt
donna,donna
julemanden,Santa Claus
muren,the wall
moderne,modern
drinks,drinks
stede,present
florida,florida
røveri,robbery
alvor,earnest
værdsætter,appreciate
norman,norman
hårdere,harder
trappen,the staircase
skrider,progresses
simpelt,simple
modtager,recipient
amanda,amanda
erik,erik
rusland,Russia
dets,its
katie,katie
døre,doors
ført,lead
sommetider,sometimes
tjente,earned
taxa,taxi
green,green
lette,light
greg,greg
melde,sign
harold,harold
simpelthen,simply
mason,mason
offeret,victim
paige,paige
venskab,friendship
basen,base
officer,officer
ikk,'t
edward,edward
omstændigheder,circumstances
handlinger,actions
dømme,judge
berømt,famous
nabo,neighbor
usædvanligt,unusual
adressen,address
times,hour
spring,leap
ik,ik
ekspert,expert
ali,ali
taxi,cab
derek,derek
åbnet,opened
bestille,order
besøger,visiting
manglede,missing
white,white
strålende,brilliant
amerikanere,Americans
ligeglade,indifferent
udsat,exposed
uddannelse,education
skjulte,hidden
scene,scene
fortryder,regret
l.a.,L.A.
school,school
salg,sale
had,hate
afgang,take off
betydning,importance
bevare,preserve
velsigne,bless
forsigtigt,carefully
afgjort,definitely
lykkelige,happy
afrika,Africa
menneskelige,human
briller,glasses
rebecca,rebecca
billet,ticket
træet,the tree
tilsyneladende,apparently
bang,bang
snød,cheated
russiske,Russian
kriminalbetjent,detective
nærmeste,nearest
benet,leg
nancy,nancy
marie,marie
formue,assets
stof,fabric
opgive,abandon
råbte,shouted
tomt,emptied
reaktion,reaction
stolede,trusted
it,IT
alkohol,alcohol
carrie,carrie
fjollet,foolish
jamie,jamie
langs,along
fokusere,focus
dørene,the doors
kaos,chaos
olie,oil
sindssygt,insane
chok,shock
signalet,signal
elendig,miserable
beviserne,evidence
yderligere,further
star,star
knuse,crush
fylder,fill
roman,novel
undersøgelse,examination
arresteret,arrested
løfter,promises
tilgiver,forgives
numre,numbers
lillebror,little brother
indbrud,break-in
kontrollen,control
sikret,secured
franske,French
ligeså,as
føde,food
femte,fifth
spændt,tense
bevæbnet,armed
lejren,camp
kærester,lovers
kommissær,Commissioner
timen,hours
berømte,famous
grad,degree
merlin,merlin
inspektør,inspector
dexter,dexter
tænd,switch on
valget,the choice
kriminelle,criminals
afsløret,revealed
fremskridt,progress
frankie,frankie
overlevende,survivor
forfatter,author
art,nature
løser,solves
sheldon,sheldon
smadrer,smashes
v,v
daisy,daisy
fa,few
oven,top
sædvanlige,usual
forlad,forgiveness
stammer,originates
g,g
goa,goa
snyde,cheat
skær,glow
kujon,coward
informationer,information
frie,free
savnede,missing
gennemgå,review
garanteret,guaranteed
smadret,smashed
befinder,are
dick,dick
mickey,mickey
indsats,effort
overtager,takes over
bønner,beans
godkendt,approved
ricky,ricky
bestilt,ordered
status,status
evighed,eternity
knogler,bones
monica,monica
regn,rain
hitler,hitler
dylan,dylan
advokater,lawyers
todd,todd
øvrigt,Incidentally
kvinderne,women
island,Iceland
fulgt,followed
clay,clay
jomfru,Virgin
militæret,the military
rygter,rumors
hesten,The horse
hullet,the hole
tolv,twelve
amerikaner,American
koste,cost
knibe,pinch
carol,carol
rodet,messy
sammy,sammy
samlede,overall
bauer,bauer
identificere,identify
søgte,sought
dinozzo,DiNozzo
idag,Today
brad,brad
opdage,discover
tingest,thing
ordentlig,proper
skift,shift
grænser,borders
muligheden,opportunity
smiler,smile
advarede,warned
ansigter,faces
fester,celebrations
helikopter,helicopter
dæmoner,demons
højhed,sovereignty
lyttede,listened
stolte,proud
julian,julian
papirerne,papers
fugle,birds
presset,pressures
forblive,remain
stig,ladder
barnebarn,grandson
modsatte,opposite
brown,brown
startet,started
pisse,piss
udnytte,take advantage of
martha,martha
lou,lou
niks,niks
malcolm,malcolm
albert,albert
trin,step
varmen,the heat
øjet,the eye
michelle,michelle
le,scythe
smadre,smash
kameraer,cameras
pastor,pastor
derhenne,over there
grønt,green
flåden,fleet
rigeligt,amply
fornuft,sense
russisk,Russian
fisse,pussy
tales,spoken
skjorte,shirt
generation,generation
borgmesteren,mayor
bemærket,noticed
skændtes,fought
dækning,coverage
uhyre,monster
gården,the farm
tyder,indicates
rettigheder,rights
palmer,palm trees
undskyldt,excused
modstand,resistance
indser,realize
sydney,sydney
ulækkert,disgusting
drømt,dreamed
samfund,community
synder,sinner
august,August
uniform,uniform
shaw,shaw
sandwich,sandwich
forventet,expected
indtryk,impression
narko,drugs
øve,practice
berlin,berlin
mormor,grandmother
bekæmpe,combat
oscar,oscar
lewis,lewis
gerningsstedet,crime scene
milliarder,billions
sure,acidic
låse,lock
tilbringe,spend
loyalitet,loyalty
hit,hit
mia,billion
kostede,cost
anholde,arrest
dejlige,lovely
tysk,German
band,band
katastrofe,disaster
knepper,fucks
myndighederne,the authorities
afsnit,section
rækker,rows
behandlet,treated
nigger,nigger
værdi,value
mærkelig,strange
bekræfte,confirm
konto,account
sne,snow
spencer,spencer
tvinger,forces
beslutninger,decisions
oversættelse,translation
æder,eats
handling,action
snyder,cheats
måden,way
heldigt,lucky
williams,williams
elever,students
megen,much
menneskelig,human
artikel,Article
løjet,lied
faren,danger
træer,trees
hjemmefra,home
shit,shit
elevatoren,elevator
violet,violet
træder,steps
cykel,bike
politimand,police officer
ærgerligt,pity
gruppen,group
drab,kill
omvendt,vise versa
sænk,lower
halve,half
kraftedeme,fuckin
indeholder,contains
klaus,klaus
almindelige,common
operationen,surgery
jordan,jordan
kur,cure
mordere,killers
ann,ann
lån,loan
forbliver,remain
bjergene,the mountains
medlemmer,members
mennesket,man
såsom,like
trænet,Trained
eva,eva
magiske,magic
magisk,magic
pak,pak
bevægelse,movement
teddy,teddy
kuglen,ball
jah,jah
natur,nature
pose,bag
sally,sally
pakker,packages
skriger,screams
sandelig,indeed
sjæle,souls
sprut,booze
skub,push
sigte,aim
forskning,research
svage,weak
ældste,Elder
hvidt,white
francis,francis
følt,felt
væsen,creature
mac,mac
ronnie,ronnie
rider,rides
stolthed,pride
lander,lands
forhandle,negotiate
charmerende,charming
virginia,virginia
pakket,packed
restauranten,the restaurant
whoa,whoa
beundrer,admire
sejle,sail
davis,davis
politisk,political
kaldet,called
pjat,nonsense
hjerter,hearts
favorit,favorite
saml,gather
helte,heroes
tyske,German
ørkenen,desert
hvorfra,from where
jordens,earth
fortabt,lost
højde,height
ondskab,evilness
beskyttet,protected
christian,christian
meldte,reported
stige,increase
rense,clean
løsladt,released
nordpå,north
sindssyge,insanity
bold,ball
rimelig,reasonable
blæser,fan
lavt,low
kysser,kissing
anthony,anthony
bro,bridge
hanna,hanna
risikerer,risk
forræder,traitor
fylde,fill
storm,storm
eksamen,examination
salt,salt
lastbil,lorry
nevø,nephew
joseph,joseph
selve,the
vagten,the guard
my,my
vampyrer,vampires
kinesisk,Chinese
murphy,murphy
barbara,barbara
las,lock
spejlet,the mirror
bider,biting
mistanke,suspicion
bekymrede,worried
risikoen,the risk
kedelig,boring
overvejet,considered
matthew,matthew
farfar,grandfather
slaver,slaves
overbevist,confident
befri,free
be,BE
fattige,poor
male,paint
underlige,weird
fakta,facts
kilden,source
sejler,sailing
skygge,shade
indflydelse,influence
slukket,turned off
emne,subject
forberede,prepare
alles,everyone
grant,grant
ryk,jerk
tracy,tracy
forbindelsen,compound
menneskeheden,mankind
æde,eat
sygt,sick
tørre,dry
hollywood,hollywood
løft,lift
fang,fang
kolleger,colleges
zoe,zoe
skiftet,changed
fortjente,deserved
kørekort,driver's license
tænde,switch on
fjernsynet,TV
boller,buns
am,am
station,station
connor,connor
rasende,furious
finn,fin
markedet,the market
gale,mad
andel,share
audrey,audrey
samarbejder,collaborations
klogere,wiser
afgøre,decide
forretningen,business
kloge,clever
kriminalassistent,Detective
mulder,mulder
fødselsdagen,birthday
bakke,tray
århundrede,century
udkig,looking
september,September
bolle,bully
tælle,count
pension,pension
trykke,press
bløde,soft
spøgelser,ghosts
detaljerne,details
kommende,coming
fortsat,continue
inviterer,invites
desto,"However,"
naturligt,naturally
rede,prepared
hovedpine,headache
monsieur,monsieur
virkelighed,reality
slave,slave
snarere,rather
skinner,rails
sæk,sack
francisco,francisco
faktum,fact
spare,save
internettet,the Internet
svinet,hog
sange,songs
kriger,warrior
ellen,ellen
mødre,mothers
race,race
nytte,benefit
forandre,change
indrømmer,admit
resultatet,the result
tusindvis,thousands
stjerner,stars
hængt,hanged
studerende,student
samt,as well
alverden,the world
farmand,daddy
bagud,rear
klamt,clammy
foretage,make
steg,roast
røret,the tube
forvente,expect
skrige,scream
seje,cool
naturen,the nature
sommeren,the summer
hyrede,hired
curtis,curtis
bryst,breast
undrer,wonder
foto,photo
kanon,cannon
doktoren,dOCTOR
påvirker,affects
psykopat,psychopath
fødderne,the feet
særlige,special
lektier,homework
tyskerne,Germans
base,base
sport,sport
seth,seth
kram,Hug
forfærdelige,terrible
juli,July
single,single
blander,mixer
opleve,experience
skræmt,frightened
rive,tear
nuværende,present
tjent,earned
brevet,the letter
chauffør,driver
skuffe,disappoint
civile,civilians
grimt,ugly
gymnasiet,high school
huller,holes
virus,virus
svaghed,weakness
enheder,units
lortet,shit
kampe,matches
kunstner,artist
efterforskningen,exploration
byer,cities
lær,learn
central,central
kilder,sources
ca,ca
kreditkort,credit card
rapporten,report
hentet,downloaded
nødig,loath
k,k
offentligt,in public
terapi,therapy
teal,teal
efterforskning,investigation
score,score
idéer,ideas
frivilligt,voluntarily
kidnappet,kidnapped
ryster,is shaking
allen,allen
ejeren,the owner
trykker,push
blød,soft
repræsenterer,represents
smerter,pain
gevær,gun
mitchell,mitchell
kæmpet,fought
tankerne,thoughts
afslører,reveals
nøjagtig,accurate
i.,in.
værk,work
katherine,katherine
irak,Iraqis
isen,ice
mærkelige,weird
personlig,personal
skubbe,push
benny,benny
håndjern,handcuffs
forsvarer,defends
jersey,jersey
aktiv,active
sluppet,released
klovn,clown
brystet,chest
loftet,the ceiling
bomber,bombs
hoveder,heads
stillede,Asked
fort,fort
megan,megan
igang,on it
jennifer,jennifer
sophie,sophie
gris,pig
noah,noah
sol,sun
søns,son
kommandør,commander
forbrydelser,crimes
forvejen,advance
sving,swing
tung,heavy
naboer,neighbors
opfør,behave
boksen,box
vind,wind
dyrke,cultivate
grib,vulture
reagerer,reacts
dropper,drop
levere,deliver
smukkeste,most beautiful
knalde,swipe
raymond,raymond
wendy,wendy
surt,Sour
materiale,material
cm,cm
bland,mix
christine,christine
boy,boy
begrave,bury
nytter,useless
kristus,Christ
brors,brother
eks,example
julen,Christmas
tusinde,thousand
pga.,due.
gammeldags,old-fashioned
elev,student
samling,collection
so,lake
online,online
chandler,chandler
gård,farm
mørk,dark
gaderne,the streets
gu,gu
siddende,seated
brennan,brennan
strisser,cop
forklar,explainable
partnere,partners
me,Me
regning,bill
russell,russell
mus,mouse
nægtede,refused
carson,carson
betty,betty
skred,slithered
uhyggeligt,scary
datters,daughter
tæppe,blanket
retssag,lawsuit
genialt,brilliant
harris,harris
smadrede,smashed
manny,manny
ligene,bodies
stanley,stanley
biblioteket,the library
lake,lake
midler,agents
overrasker,surprises
består,consists
meldt,reported
keder,bored
bay,bay
andens,else
tip,tip
stillet,asked
øverste,top
monroe,monroe
ian,nec
møg,dung
ræk,Reach
forbandelse,curse
jonathan,jonathan
sådanne,such
ankommet,arrived
kasser,boxes
holdes,kept
japan,japan
dansk,Danish
rapporter,reports
klippe,cut
ford,Ford
mitch,mitch
vokset,grown
spar,save
antager,assuming
prøven,sample
p,p
sultne,hungry
afbryde,interrupt
lugt,smell
forandring,change
hill,hill
skilles,separated
garagen,garage
leje,rent
mulig,possible
cam,cam
heroin,heroin
warren,warren
slange,snake
bestilte,ordered
formand,Chairman
afvist,rejected
tøser,girls
lommen,pocket
dale,valleys
vægt,weight
onsdag,Wednesday
peger,points
spark,kick
artie,artie
læber,lips
bøde,lived
craig,craig
nate,nate
bekymring,concern
dyre,expensive
juni,June
margaret,margaret
lance,launched
jøde,Jew
penis,penis
karakter,Grade
angel,angel
kg,kg
sikkerheds,security
ruth,ruth
frugt,fruit
fjolser,fools
pilot,pilot
one,one
truet,threatened
bind,Volume
gentage,repeat
slaget,battle
tilfældigt,random
våd,wet
krone,Crown
klæde,cloth
mellemtiden,Meanwhile
katten,the cat
fjernsyn,TV
personen,the person
yo,yo
kæmp,fight
ko,cow
lager,stock
armene,arms
rimeligt,reasonable
landsbyen,the village
snydt,cheated
måltid,meal
revet,grated
kok,chef
bones,bones
earl,earl
kusine,cousin
greb,grip
ku,ku
formentlig,probably
wyatt,wyatt
nakke,neck
engle,angels
konkurrence,competition
alison,alison
stjernerne,the stars
sund,healthy
laboratorium,laboratory
version,version
privatliv,privacy
helvedes,hell
lane,borrow
skride,take
kenny,kenny
cæsar,Caesar
følgende,following
gus,gus
hjørne,corner
landets,country
lægerne,the doctors
folkene,people
sprænger,blow
spansk,Spanish
udstyret,equipment
røget,smoked
tynd,thin
spildt,wasted
friske,fresh
kigget,looked
svigtede,failed
sparke,kick
hæng,hangings
sue,Sue
kapitel,chapter
overfladen,surface
justin,justin
serier,series
binde,tie up
sans,sense
stark,Stark
hang,hung
evan,evan
faret,farrowed
skider,motherfuckers
tina,tina
udseende,appearance
mystisk,mysterious
kriminel,criminal
tålmodighed,patience
presser,presses
afsluttet,finished
havnen,harbor
pæne,pretty
skulder,shoulder
overfaldet,assaulted
landsby,village
afdelingen,department
pung,purse
tyk,thick
hector,hector
afhængig,dependent
oplevelse,experience
hytte,cabin
ånder,spirits
blinde,blind
e-mail,email
bjerget,mountain
gule,yellow
beskyttede,protected
feste,partying
farver,colors
hal,hall
daggry,dawn
hermed,hereby
nævner,mentions
overraske,surprise
kastet,thrown
just,just
elliot,elliot
zack,zack
kones,wife
little,little
brody,brody
pot,pot
total,total
fræk,naughty
tilfældigvis,coincidentally
stående,standing up
maya,maya
stephen,stephen
præsten,priest
narrøv,narrøv
jill,jill
regningen,the bill
cigaret,cigarette
avis,newspaper
billigt,cheap
amerikanerne,Americans
wells,wells
ofrene,victims
bebrejde,blame
gloria,gloria
fascinerende,fascinating
rotte,rat
måneden,the month
soveværelset,bedroom
oprør,rebellion
udnytter,exploits
afghanistan,afghanistan
koma,coma
canada,Canada
morer,amuses
baggrund,background
udfordring,challenge
enorm,enormous
lauren,lauren
spjældet,damper
røvfuld,ass
påvirke,affect
hviler,rests
fyrer,fire
tårer,Tears
forbindelser,compounds
nødvendige,necessary
samtalen,interview
samfundet,community
skiftede,changed
catherine,catherine
b.,b.
viiie,VIIIe
politiske,political
tara,tara
ulykken,accident
puls,pulse
fyrene,the guys
beslutter,decide
bishop,bishop
vækker,waking
beskrive,describe
pakken,package
hoppede,jumped
louise,louise
bankede,pounded
videoen,video
jenna,jenna
straffe,criminal
tropper,troops
interview,interview
forlanger,demand
shane,shane
reb,rope
ga,go
videnskab,science
undgår,avoid
ethvert,any
himmel,sky
maj,May
oktober,October
hekse,witches
vasker,wash
robot,robot
enestående,unique
kvik,quick
træerne,the trees
udført,performed
enormt,huge
mona,mona
kede,bored
sønnike,sonny
alexander,alexander
motor,engine
laden,barn
antyder,suggests
mindes,remember
walt,walt
forlovet,engaged
katte,cats
nogens,anyone
baseball,baseball
dufter,smells
rådne,rot
fejrer,celebrates
legede,played
leslie,leslie
spanien,Spain
ziva,ziva
skreg,scream
toilet,Toilet
ken,ken
billig,cheap
terrorister,terrorists
fandme,dammit
bund,bottom
forrådte,betrayed
gina,gina
pladser,seats
ædru,sober
skrivebord,desk
afgørende,essential
holly,holly
vænne,turn
faderen,father
truffet,taken
aftensmad,dinner
feber,fever
flag,flag
smile,smile
drager,dragons
komplet,complete
road,road
galning,madman
ærlige,honest
droppede,dropped
dybere,deeper
stolen,the chair
dagbog,diary
cent,cents
hule,cave
omme,helpful
slips,tie
wallace,wallace
thanksgiving,thanksgiving
kager,cakes
koncentrere,concentrate
ulv,wolf
overvåger,monitors
motiv,design
knuste,crushed
ry,reputation
rotter,rats
resultater,results
krise,crisis
kanin,rabbit
grænse,limit
studere,study
fokus,focus
may,may
begravelsen,the funeral
pille,pill
madame,madame
santa,santa
ignorere,ignore
samantha,samantha
modtage,receive
misforståelse,misunderstanding
forstanden,the mind
alfred,alfred
hurtige,fast
forræderi,treason
behøves,needed
jonas,jonas
vinger,wings
sekretær,secretary
klager,complaints
sangen,the song
hot,hot
udviklet,developed
golf,golf
gabriel,gabriel
kanten,the edge
fjernede,removed
forældrene,parents
guvernør,governor
centrum,center
tie,tie
antal,number
flov,embarrassed
rodney,rodney
sky,cloud
anklageren,prosecutor
smarte,smart
indien,India
hytten,hut
trøje,Shirt
ammunition,ammunition
bevidstløs,unconscious
cal,cal
værst,worst
sikkerheden,safety
metal,metal
diego,diego
udgivet,released
lastbilen,truck
korte,driving
tungt,heavy
sprede,spread
nicky,nicky
liz,liz
svigter,fail
fase,phase
kø,queue
kanal,channel
frygtede,feared
foreslå,propose
myrder,murder
leon,leon
suppe,soup
randy,randy
pistoler,guns
vejr,weather
seriøs,serious
alibi,alibi
straffet,punished
forstand,sense
stodder,motherfucker
shh,shh
kriminalitet,criminality
skuespil,play
blake,blake
populær,popular
gar,walks
affald,trash
ballet,ballet
rejsen,the journey
betragtning,consideration
gribe,to catch
eli,eli
fatte,comprehend
apropos,apropos
utrolige,incredible
sæson,season
hvil,rest
områder,areas
skille,discard
militær,military
paranoid,paranoid
ordnede,orderly
udsigt,view
kysten,the coast
forelskede,in love
omgående,immediately
rådet,the advice
besejre,defeat
klienter,clients
eksplosionen,explosion
forbryder,criminal
vietnam,vietnam
trøst,comfort
mobiltelefon,cell phone
anklaget,accused
reparere,repair
sandy,sandy
stormen,the storm
avenue,avenue
neill,neill
advarer,warns
metoder,methods
lokal,local
virussen,the virus
skrig,cry
venligt,friendly
mærket,mark
bli,bli
sværdet,the sword
rory,rory
juice,juice
gader,streets
nætter,nights
blue,blue
gade,Riddle
livets,life
satser,rates
seattle,seattle
hale,tail
vaere,be
thompson,thompson
kongens,king's
trætte,weary
tusinder,thousands
simpel,simple
nem,easy
tørstig,thirsty
vince,vince
maler,painter
ng,ng
humor,humor
almindeligt,generally
bond,peasants
ryddet,cleared
tiger,tiger
owen,owen
flasken,bottle
paradis,paradise
insisterer,insists
brændstof,fuel
fabrikken,factory
filme,filming
terrorist,terrorist
stykket,crunch
syng,sing
brækker,breaks
biografen,the cinema
stuen,the living room
cameron,cameron
bebrejder,blame
døv,deaf
bagi,rear
jagter,chasing
lageret,warehouse
evig,eternal
køleskabet,the refrigerator
krigere,warriors
kræve,require
mikey,mikey
overvågning,monitoring
årsagen,the reason
bestyrelsen,Board of Directors
identificeret,identified
national,national
værelser,rooms
døgnet,day
fingeren,finger
opgaver,tasks
beslutte,decide
djævelen,the devil
betaling,payment
eksplosion,explosion
stirrer,stare
ånde,breathe
slukker,off
hyret,hired
styrker,forces
flygtet,escaped
vækkede,woke
ellie,ellie
døtre,daughters
grå,gray
italien,Italy
svigtet,let down
græs,grass
delte,shared
ment,ment
efterforsker,investigator
smittet,infected
bekræfter,confirms
hyg,mingle
knus,hug
moskva,Moscow
længst,longest
overtale,persuade
ludere,whores
dødt,dead
flad,flat
cigaretter,cigarettes
tilhørte,belonged to
upassende,inappropriate
caleb,caleb
religion,religion
rykke,advance
bøn,prayer
branden,fire
nøgne,naked
brooklyn,brooklyn
kontakten,switch
hundene,dogs
rob,rob
undersøgte,investigated
helbred,health
huden,skin
lovligt,legally
langsom,slow
kent,kent
arv,inheritance
gangs,transition
filer,files
lederen,leader
sær,weird
south,south
periode,period
hestene,horses
opmærksom,attentive
skamme,shame
graven,grave
freddy,freddy
elendige,miserable
finch,finch
optager,recorder
manglende,lacking
motel,motel
følsom,sensitive
hygge,fun
allierede,Allied
teste,test
tilgivelse,forgiveness
gutterne,the guys
ncis,ncis
philip,philip
skilsmisse,divorce
dana,dana
bunke,pile
ridder,knight
skubbede,pushed
støvler,boots
lex,lex
tryg,safe
fædre,fathers
skyldige,guilty
skæg,beard
sparker,kicks
overraskende,surprising
putte,put
samtaler,conversations
hævne,avenge
frakke,Coat
lomme,pocket
sodavand,soda
vejer,weighs
holdning,attitude
tilladt,Allowed
forandrer,change
skammer,chamber
kvalt,strangled
forsigtige,cautious
virksomhed,Corporation
anderson,anderson
bagagerummet,trunk
nøjes,just
november,November
intelligent,intelligent
kraften,power
venlige,friendly
øvelse,exercise
vældig,mighty
porno,porn
djævlen,the devil
kristen,Christian
lur,nap
skrub,roughing
naomi,naomi
benjamin,Benjamin
marken,field
morfar,grandfather
bidt,bitten
d.,d.
modtog,received
ydre,exterior
hatten,hat
klassisk,classic
bell,bell
besvær,trouble
professionelle,professional
vært,host
duke,duke
diane,diane
skæv,offbeat
kørende,running
alarmen,alarm
nelson,nelson
nøje,carefully
fortsatte,went on
lykkeligt,happily
organisation,organization
pga,because
navnene,names
ilt,oxygen
hjerteanfald,heart attack
grand,grand
jax,jax
serie,series
boks,box
lånte,borrowed
arrangere,arrange
cass,cass
sebastian,sebastian
stædig,stubborn
flyvende,flying
melissa,melissa
stone,stone
menneskets,man
diamanter,diamonds
offentlige,public
neil,neil
ideen,idea
skoene,shoes
kontant,cash
kongressen,Congress
hurra,hurray!
tabere,losers
orange,orange
vodka,vodka
computere,computers
vinderen,the winner
riley,riley
midlertidigt,temporarily
skrue,screw
lokke,lure
guy,guy
landede,landed
ekstremt,extremely
djævel,devil
direktøren,Director
scully,scully
dusin,dozen
bortført,kidnapped
pat,pat
north,north
spreder,spreads
trykket,pressure
fox,fox
flyder,floats
rygte,rumor
no,no
ulykkelig,unhappy
bingo,bingo
trusler,threats
tåle,endure
sladrer,gossip
storartet,grand
stress,stress
damerne,the ladies
ryste,shake
graver,digs
frygte,fear
hævet,raised
graham,graham
praktisk,practical
aftryk,imprint
soveværelse,Bedroom
orleans,orleans
overfald,assault
jeps,Yep
hegnet,fence
gidsel,hostage
traf,took
afdøde,deceased
knald,bright
værktøj,tool
brænd,calorific
mobilen,phone
retssagen,trial
negativ,negative
specielle,special
kvalme,nausea
poolen,the pool
afbryder,circuit breaker
hundredvis,hundreds
turde,dare
årets,the year's
genial,brilliant
club,club
skaffede,sourced
mel,flour
ressourcer,resources
bide,bite
huskede,remembered
a.,a.
loyal,loyal
queen,queen
alvorlige,serious
hjul,wheel
modstå,withstand
genere,annoy
logan,logan
dessert,dessert
kuffert,suitcase
strømer,cop
ralph,ralph
willie,willie
rita,rita
kennedy,kennedy
aviserne,newspapers
matematik,mathematics
jøder,Jews
junglen,jungle
em,em
timing,timing
linjen,line
helikopteren,helicopter
blandet,mixed
marked,market
lugten,the smell
køkken,kitchen
trænge,permeate
dømmer,judging
knuser,crush
fans,fans
mystiske,mysterious
fiske,go fishing
fiasko,failure
britiske,British
tilstå,confess
kommunikation,communication
kinesiske,Chinese
plet,spot
kaffen,coffee
genkendte,recognized
omringet,surrounded
ordene,the words
tatovering,tattoo
projektet,project
bilerne,cars
parti,party
medicinen,medicine
posen,the pouch
klage,complaint
stilhed,silence
søg,Search
neal,neal
vinteren,the winter
påvirket,affected
diskret,discreet
ashley,ashley
rydder,Cleaner
tværs,across
offentlig,public
dyrker,grow
nåh,Oh
frygtelige,terrible
judy,judy
kvarteret,neighborhood
homer,homer
regnen,the rain
larm,noise
flipper,flipper
åndssvage,moronic
TRUE,THREATEN
cowboy,cowboy
spyt,saliva
universitet,University
glasset,glass
harrison,harrison
oprevet,upset
slapper,relaxes
beach,beach
rute,route
dato,date
kontrollerer,controls
enorme,enormous
h,H
hiv,HIV
blade,leaves
hurtigst,soon
guvernøren,governor
mars,mars
øjeblikke,moments
mm,mm
bla,Among other things
anfald,attack
moses,moses
aflyst,cancelled
center,center
flydende,liquid
stål,steel
foden,foothills
udvalgte,selected
kammerater,companions
adfærd,behavior
rollen,the role
mangel,lack
bemærkede,noticed
patter,pattern
ægteskabet,marriage
chase,chase
rosie,rosie
bernie,bernie
psykiater,psychiatrist
døgn,Day
hængende,hanging
lloyd,lloyd
kroppe,bodies
hilsen,Regards
dallas,dallas
allison,allison
efternavn,last name
boyd,boyd
opfandt,invented
sigt,term
laurel,laurel
kagen,the cake
heather,heather
dages,day
besvare,answer
phillip,phillip
stød,shock
aktivitet,activity
hastighed,velocity
kommandoen,command
permanent,permanent
skaffet,obtained
krydse,crossing
bevæbnede,armed
interesserer,interests
manhattan,manhattan
chip,chip
møgsvin,bastard
felix,felix
franklin,franklin
ih,I h
indlagt,Hospitalized
keith,keith
aftaler,agreements
aftalt,agreed
bevidsthed,consciousness
tegne,draw
cody,cody
burke,burke
resultat,result
ledere,leaders
generalen,the General
hunter,hunter
udvikle,develop
underviser,teacher
grundigt,thoroughly
hawaii,hawaii
optagelse,recording
begravede,buried
forestiller,imagine
skærmen,the screen
tæve,bitch
halloween,halloween
driller,teases
dansede,danced
janet,janet
afbrudt,interrupted
symbol,symbol
marts,March
genert,shy
harjeg,have I
hive,heave
guldet,gold
ctu,CTU
sjette,Sixth
renset,purified
bur,cage
motorcykel,motorcycle
reese,reese
advaret,warned
knække,break
tragedie,tragedy
overlevet,survived
diana,diana
rulle,roll
tæsk,beating
deltager,participant
besætningen,crew
vask,wash
dokumenter,documents
huh,huh
undertøj,underwear
anklage,charge
arrangeret,arranged
zone,zone
vane,habit
fandtes,found
buddy,buddy
tragisk,tragic
forgæves,in vain
ørerne,the ears
angie,angie
ordren,the order
borgere,citizens
overgiver,surrenders
slottet,castle
planlagde,planned
affyret,fired
hyre,hire
halvdel,half
matcher,matches
kroner,crowns
reed,reed
lawrence,lawrence
rocky,rocky
underskrive,sign
søsters,sister
becky,becky
korporal,corporal
vinter,winter
koncert,concert
chester,chester
således,thus
jean,jean
mur,wall
ruller,rolls
wade,wade
nuttet,cute
sundt,healthy
lev,lev
svømmer,swim
mama,mama
verdenen,the world
mægtige,Grand
spærret,blocked
debbie,debbie
rådgiver,adviser
billige,cheap
hævder,claims
velsignelse,blessing
jobs,jobs
kansas,kansas
harvard,harvard
tænderne,teeth
passet,looked after
kjolen,the dress
gps,gps
sydpå,south
sporer,spores
leverer,supply
ledig,available
lag,layer
flår,fleecing
nicole,nicole
forsyninger,supplies
herrens,Lord's
branche,business
rystet,shaken
syne,sight
seksuelt,sexually
krydser,crossing
gul,yellow
doyle,doyle
usynlig,invisible
egoistisk,selfish
detektiv,detective
interessante,interesting
sonny,sonny
nødsituation,emergency
maleri,painting
house,house
budskab,message
bjerg,mountain
forstærkning,reinforcement
vinkel,angle
udfører,performing
byrde,burden
næh,nay
vidnet,witness
overfaldt,mugged
undervise,teach
moderen,mother
um,um
victoria,victoria
årh,century
anmoder,asks
flåde,fleet
mick,mick
j,j
gennemgår,through
skov,Forest
indefra,from the inside
afleverer,submit
retfærdigt,fair
respektere,respect
liggende,lying
campbell,campbell
gentleman,gentleman
iris,iris
begyndelse,beginning
rygtet,rumor
kultur,culture
hygger,having fun
babyer,babies
kiste,chest
foretager,make
gwen,gwen
lam,lamb
jon,jon
monstre,patterns
addison,addison
kontaktet,contacted
klassen,the class
udvikling,development
substance,substance
barndom,childhood
bestiller,book
pablo,pablo
trevor,trevor
personale,staff
farer,dangers
adams,adams
blåt,blue
interesser,interests
fangerne,prisoners
kneppede,fucked
tallene,figures
udefra,from the outside
forsvundne,missing
ændringer,changes
mode,fashion
nicholas,nicholas
forsikre,assure
mønster,pattern
italiensk,Italian
stresset,stressed out
ægtemand,husband
økonomi,economy
svigte,betray
snakkes,talk
pil,arrow
låser,locks
reggie,reggie
vidunderlige,wonderful
farmor,grandmother
samles,assembly
tilstedeværelse,presence
skulderen,shoulder
spred,spread
cirkus,circus
låste,locked
fattig,poor
flash,flash
prinsen,prince
bær,berry
houston,houston
stemmen,the voice
ryd,clear
bates,bates
psykolog,psychologist
spredt,spread
east,east
turner,turner
hammer,hammer
dragt,suit
foster,fetus
brormand,Bro
tilbudt,offered
forbedre,improve
planter,plants
forsvaret,defense
drev,drive
kontaktede,contacted
overvåget,watched
strategi,strategy
forsikring,insurance
kandidat,candidate
marco,marco
sociale,social
positiv,positive
varsel,notice
sverige,sweden
sandsynligt,likely
atlantis,atlantis
ms.,ms.
bree,bree
erjeg,am I
tålmodig,patient
udslette,wipe out
tank,tank
gyldne,golden
adskillige,several
smør,butter
ansvarlige,responsible
styrtede,crashed
lyse,bright
kontrakten,contract
kane,sleigh
kameraerne,the cameras
væg,wall
underskrevet,signed
røve,rob
troldmand,sorcerer
lettet,eased
sluttede,ended
dreje,turning
samuel,samuel
uventet,unexpected
indviklet,complicated
forbrydere,criminals
claudia,claudia
rester,residues
blæse,blow
lokalet,room
drikkepenge,tip
flå,tear
von,von
kongelige,Royal
rektor,Rector
legende,legend
undvære,do without
bagfra,from behind
air,air
eksploderer,explodes
guitar,guitar
foregik,going
haster,urgent
panden,forehead
jules,jules
dødsfald,death
efterlad,leave
skiderikker,motherfuckers
uretfærdigt,unfair
undergang,downfall
vinduer,windows
skænderi,quarrel
bacon,bacon
tradition,tradition
re,re
tekst,text
bøgerne,the books
vesten,West
journal,journal
omgås,bypassed
afslappet,relaxed
fyrede,fired
forsiden,Home
australien,Australia
knappen,button
eksperiment,experiment
robbie,robbie
kæledyr,Pet
international,international
nation,nation
dermed,thus
ms,ms
x,x
inklusive,including
drukne,drown
beverly,beverly
tosse,simpleton
reklame,advertising
batman,batman
horn,horn
invitation,invitation
kvindelige,female
engelske,English
tykke,thick
bagdøren,back door
udnyttede,utilized
port,gate
lidelse,suffering
dyrene,the animals
bevist,proven
fløjet,flown
juryen,jury
ukendte,unknown
overtaget,taken over
hall,hall
rebet,rope
skiltet,signposted
sære,strange
rev,rev
kid,kid
voldsomt,violently
bailey,bailey
bedes,please
morris,morris
tungen,tongue
overraskelser,surprises
himlens,heaven
zach,zach
kendelse,order
øverst,On top
troen,the faith
aflyse,cancel
skubber,push
posten,mail
forrådt,betrayed
fotos,photos
spøger,haunt
netværk,network
nora,nora
plante,plant
trængte,needed
meddelelse,announcement
teenager,teenager
krævede,demanded
narrede,deceived
sølv,silver
tøsedreng,sissy
kortene,the cards
forfølger,persecute
tand,tooth
fattet,succinct
admiral,admiral
liam,liam
jagten,hunt
ho,hay
kvindes,woman
afslørede,revealed
fyldte,filled
koner,wives
metode,method
slot,castle
ligget,been
harper,harper
donald,donald
bakken,tray
smykker,jewelry
ambassadør,ambassador
erstatte,replace
slettet,deleted
anders,anders
risikabelt,risky
betal,pay
aktier,equities
foreslog,suggested
skak,chess
saul,saul
udsætte,postpone
stu,stu
aktiveret,activated
tæppet,the carpet
dybe,deep
ler,clay
pool,pool
undskyldninger,excuses
delt,partitioned
burt,burt
medicinsk,medical
accent,accent
støv,dust
velsignet,blessed
sjælen,the soul
christopher,christopher
pandekager,pancakes
iige,a straight
voldtaget,raped
imponere,impress
silver,silver
livstid,lifetime