French,English
de,of
je,I
est,East
pas,not
le,the
que,than
la,the
vous,you
tu,you
un,a
c',vs'
à,at
et,and
il,he
a,at
l',the
ne,born
les,the
j',j '
en,in
on,we
ça,it
une,a
d',of
ce,this
qu',that
pour,for
ai,have
n',not'
des,of the
qui,who
mais,But
dans,in
nous,we
elle,she
me,me
bien,good
si,if
du,of
y,there
suis,am
non,no
t',t '
avec,with
tout,all
plus,more
mon,my
m',m '
te,you
au,at
fait,made
moi,me
s',s'
oui,Yes
va,go
était,was
as,ace
faire,make
ils,they
sur,sure
quoi,what
se,himself
comme,as
sais,know
être,be
veux,want
ici,here
ma,my
toi,you
est-ce,Is
dit,said
lui,him
votre,your
es,es
pourquoi,Why
où,or
là,the
rien,nothing
cette,this
sont,are
quand,when
peux,can
dire,say
son,his
avez,have
vais,am going to
alors,so
ton,your
comment,How? 'Or' What
par,by
ou,or
chose,thing
bon,Well
ont,have
merci,thank you
juste,fair
très,very
jamais,never
été,summer
aussi,too
avoir,to have
vraiment,really
voir,see
même,even
sa,her
oh,Oh
maintenant,now
tous,all
peut,can
deux,of them
ces,these
êtes,are
allez,going
ta,your
autre,other
peu,little
temps,time
quelque,some
fais,do
toujours,always
encore,again
notre,our
mes,my
besoin,need
avait,had
accord,agreement
faut,should
dois,have
vie,life
peut-être,perhaps
aller,go
fois,times
vu,seen
donc,so
sans,without
monde,world
étais,was
parce,by
avant,before
sûr,sure
trop,too much
quelqu',someone
parler,speak
personne,nobody
avais,had
père,dad
crois,think
après,after
aux,to the
dieu,God
ouais,yeah
ses,his
pense,thought
eu,had
aime,love
leur,their
homme,man
viens,come
vrai,true
femme,women
ok,okay
doit,must
veut,wants
ans,years
m.,m.
mal,wrong
chez,in
déjà,already
depuis,since
beaucoup,a lot
vos,your
bonne,good
mort,death
mieux,better
vas,going
mère,mother
sera,will be
dis,tell
fille,girl
tes,your
gens,people
quel,what
vois,see
désolé,sorry
ca,it
voilà,here
avons,have
petit,small
maison,House
soit,is
cela,it
autres,other
toute,all
soir,evening
passé,past
prendre,take
jour,day
monsieur,gentleman
nos,our
savoir,know
choses,things
salut,Hi
cet,this
nom,last name
argent,silver
bonjour,Hello
nuit,night
raison,reason
moins,less
arrive,come
maman,mom
reste,rest
moment,moment
voulais,wanted
seul,alone
aider,help
air,air
entre,Between
papa,dad
passe,past
aurais,would
problème,problem
ah,ha
peur,fear
regarde,looked
voulez,want
gars,guys
trouvé,find
fils,son
attends,hold on
savez,know
jusqu',up
trouver,find
trois,three
assez,enough
famille,family
dû,of
eh,eh
toutes,all
plaît,please
pourrait,could
travail,job
pris,taken
pu,could
tête,head
quelle,what
sait,know
sommes,are
appelle,call
quelques,a few
faites,make
partir,go
vite,quickly
arrête,stopped
seule,only
serait,would be
voiture,car
enfants,children
tuer,kill
merde,shit
hé,Hey
pendant,while
idée,idea
chance,luck
parle,speak
aurait,would have
part,go
elles,they
jours,days
grand,tall
aujourd'hui,today
venir,come
ami,friend
demain,tomorrow
hein,huh
tard,late
puis,then
truc,thing
passer,pass
petite,small
tant,so
connais,know
combien,how much
mec,guy
sens,meaning
pouvez,can
porte,door
sortir,go out
super,Great
heure,hour
contre,against
coup,stroke
comprends,understand
entendu,heard
vient,just
allons,let's go
ensemble,together
nouveau,new
amour,love
importe,imported
sang,blood
désolée,sorry
cas,case
sous,under
rester,stay
amis,friends
prends,take
fini,finished
hommes,men
tué,kill
question,question
partie,part
histoire,history
devrais,should
aide,help
dernière,latest
demande,request
chercher,look for
pensais,thought
genre,kind
seulement,only
police,police
car,because
mois,month
frère,brother
laisser,let
aucun,no
mettre,to put
eux,them
laisse,leash
chaque,each
ville,city
arrivé,come
devrait,should
parlé,speak
avez-vous,have you got
vont,will
longtemps,long time
aucune,any
heures,hours
bébé,baby
place,square
revoir,see again
putain,whore
compris,understood
ni,or
savais,knew
leurs,their
étaient,were
attention,Warning
donner,give
affaire,case
endroit,place
pourrais,could
corps,body
façon,way
donné,given
est-il,is it
voici,here is
train,train
dont,whose
écoute,listen
yeux,eyes
trouve,find
pouvoir,power
type,type
perdu,lost
premier,first
première,first
côté,side
point,point
tellement,so much
main,hand
tiens,here
sois,be
enfant,child
vieux,old
matin,morning
venu,came
pardon,sorry
là-bas,over there
suite,after
vers,towards
minutes,minutes
demandé,request
venez,come
devant,in front of
dr,dr
enfin,finally
arrêter,Stop
cause,cause
nouvelle,news
attendez,Wait
chambre,bedroom
droit,law
parti,left
mis,placed
eau,water
compte,account
dirait,would say
terre,Earth
belle,pretty
espère,hope
aimerais,would like to
loin,far
as-tu,did you
mari,husband
donne,given
fin,end
croire,believe
mme,Mrs
aura,will have
gros,large
boulot,job
plutôt,rather
chérie,sweetheart
prêt,ready
filles,girls
bureau,office
mourir,pass away
hier,yesterday
possible,possible
jouer,to play
demander,request
celui,the one
voulait,wanted to
beau,beautiful
jeune,young
euh,uh
dehors,outside
docteur,doctor
a-t-il,does he have
confiance,trust
appeler,call
années,years
vérité,truth
école,school
chef,chief
femmes,women
propos,about
semaine,week
vivre,live
regardez,look
feu,fire
journée,day
madame,Mrs
hey,hey
téléphone,phone
près,near
affaires,business
meilleur,better
devez,must
dessus,above
mains,hands
penses,think
prie,pray
équipe,team
vas-y,go ahead
grande,big
manger,eat
arriver,arrive
dur,hard
guerre,war
ait,has
appelé,called
marche,market
sécurité,security
garçon,boy
essaie,try
important,important
dites,say
exactement,exactly
font,make
fort,strong
presque,almost
plein,full
derrière,behind
ben,ben
mariage,wedding
parents,parents
capitaine,captain
dernier,latest
fou,crazy
ceux,those
tomber,fall
attendre,wait
vue,view
pensé,thought
souviens,remember
envie,desire
fête,Party
jeu,Game
génial,awesome
pays,country
garde,keep
cours,Classes
bientôt,soon
ii,ii
numéro,number
personnes,people
cinq,five
parfait,perfect
excusez-moi,excuse me
laissé,leash
ainsi,so
retour,return
semble,seems
autant,as much
peine,trouble
minute,minute
essayé,tried
plan,plan
instant,moment
serai,will
prison,jail
penser,think
essayer,try
prend,take
arme,armed
mauvais,bad
mot,word
travailler,to work
quatre,four
rentrer,return
regarder,watch
choix,choice
êtes-vous,are you
parfois,sometimes
film,movie
abord,on board
voyez,see
faute,fault
facile,easy
croyais,thought
bas,low
changer,switch
entendre,hear
plaisir,pleasure
heureux,happy
entrer,enter
voudrais,would like
es-tu,are you
propre,clean
étiez,were
tour,tower
fera,will
ensuite,then
garder,keep
agent,agent
allait,was going to
lit,bed
travaille,work
adore,love
amie,friend
rendre,return
allons-y,let's go
route,road
lieu,location
année,year
voit,sees
commence,start
service,service
devoir,duty
attend,waits
drôle,funny
difficile,difficult
sûre,safe
pire,worst
pos,pos
peuvent,can
sujet,subject
état,state
ceci,this
impossible,impossible
sorte,kind
perdre,to lose
dollars,dollars
voulu,desired
morte,dead woman
ira,will
faisait,was
bizarre,weird
oublié,forget it
arrêtez,stop
ferai,will
serais,would
tôt,early
inquiète,worry
payer,pay
coeur,heart
dès,from
pouvais,could
reviens,come back
chien,dog
suffit,enough
prenez,take
pensez,think
café,coffee
calme,calm
cherche,looking
montrer,to show
parles,talk
photo,Photo
ferme,closed
problèmes,problems
the,tea
cœur,heart
sûrement,surely
verre,glass
aimes,love
devons,must
veulent,want
doute,doubt
musique,music
courant,current
sauf,except
moyen,way
nouvelles,new
puis-je,can I
avis,view
sauver,to save
hôpital,hospital
questions,Questions
meurtre,murder
sérieux,serious
seconde,second
trucs,stuff
comprendre,understand
allais,going
esprit,mind
cool,cool
mlle,Ms
marché,market
fous,crazy
laisse-moi,leave me
haut,high
salle,room
malade,sick
changé,exchange
gentil,kind
allé,go
six,six
simple,simple
john,john
semaines,weeks
celle,that
jack,jack
appris,learned
seigneur,Lord
dîner,having dinner
sors,go outside
commencé,start
suppose,Assumed
chemin,path
partout,all over
bras,arms
cul,ass
prochaine,next
visage,face
h,h
meilleure,best
face,face
soirée,evening
roi,King
surtout,mostly
retard,delay
écrit,written
livre,delivered
rapport,report
chéri,Darling
message,message
voulez-vous,Do you want to
vaut,worth
ferais,would
morts,dead
boire,to drink
soyez,are
président,President
plait,please
bois,wood
sinon,if not
erreur,fault
new,new
ecoute,listen
mr,mr
rentre,returns
rendez-vous,Appointment
devait,was
revenir,come back
joue,play
pauvre,poor
devenir,to become
s,s
rencontrer,meet
sort,fate
commencer,to start
pouvait,could
occupe,busy
entends,hear
souvent,often
pièce,room
reçu,received
grave,serious
mets,dish
intérieur,inside
honneur,honor
dormir,to sleep
an,year
faux,false
messieurs,gentlemen
groupe,group
rêve,dream
carte,menu
aviez,had
appel,call
manque,lack
envoyé,sent
début,beginning
sam,sat
puisse,can
écoutez,Listen
laissez-moi,let me
bonsoir,Good evening
content,happy
secret,secret
venue,arrival
cher,expensive
dis-moi,tell me
effet,effect
voyons,see
sac,bag
continue,keep on going
acheter,buy
voix,voice
certains,some
occuper,to occupy
noël,Christmas
gagner,to win
grâce,grace
maître,master
prix,price
mauvaise,bad
général,general
âge,age
long,long
rue,street
tirer,shoot
apprendre,learn
cheveux,hair
noir,black
promis,promised
avaient,had
patron,boss
avocat,lawyer
force,strength
accident,accident
dix,ten
probablement,probably
laissez,leave
bout,end
ordre,order
armes,arms
cru,vintage
déteste,hated
retrouver,find
millions,million
incroyable,unbelievable
voyage,trip
ailleurs,elsewhere
oublie,forget it
ressemble,looks like
bienvenue,welcome
disparu,faded away
protéger,protect
utiliser,use
situation,situation
petits,small
aurai,have
veux-tu,do you want
connaissez,know
simplement,simply
scène,scene
sœur,sister
prête,ready
oncle,uncle
devriez,should
liste,listing
soeur,sister
complètement,completely
dos,back
armée,army
paix,peace
battre,beat
york,york
crime,crime
anniversaire,anniversary
finir,finish
réussi,success
agit,is
i,i
retourner,return
sale,dirty
libre,free
bouge,moves
contrôle,control
rappelle,remember
arrêté,stopped
hôtel,hotel
idiot,idiot
okay,okay
rencontré,meet
restez,stay
absolument,absolutely
mots,words
victime,victim
impression,impression
décidé,decided
sympa,friendly
pars,leave
fasse,make
avion,plane
bordel,whorehouse
habitude,habit
table,table
rouge,red
système,system
photos,Pictures
médecin,doctor
seras,shalt
bateau,boat
stupide,stupid
faim,hunger
autour,around
fond,background
surprise,surprise
croyez,believe
devais,had
ligne,line
porter,carry
imagine,conceived
colère,anger
clair,clear
seront,will
savait,knew
balle,ball
gagné,won
or,gold
hors,except
magnifique,magnificent
risque,risk
terminé,finished
su,knew
heureuse,happy
mission,mission
jolie,pretty one
parlez,speak
présent,present
sorti,got out
cadeau,gift
expliquer,explain
volé,Fly
plusieurs,many
gauche,left
ferait,would do
neuf,new
passe-t-il,going there
ouvre,opens
disais,said
dedans,in
disent,say
pouvons,can
allez-y,Go for it
suivre,to follow
pourra,will
inspecteur,inspector
réponse,reply
lumière,light
pieds,feet
pote,mate
montre,watch
pied,foot
marcher,walk
charlie,charlie
auras,get
envoyer,to send
vraie,real
espèce,species
doivent,have to
allô,Hello
pareil,the same
vas-tu,are you
soleil,Sun
camp,camp
fallait,needed
coin,corner
ignore,unknown
moitié,half
you,you
selon,according to
tenir,hold
grosse,big
vouloir,want to
michael,michael
vieille,old
devenu,become
continuer,Continue
rend,makes
sortie,exit
recherche,research
arrière,back
lire,read
doucement,slowly
joli,pretty
avance,advanced
exact,exact
disait,said
club,club
arrivée,arrival
tue,kill
laquelle,which
poser,to pose
chaud,hot
aimé,love
david,david
fais-tu,do you
tom,tom
professeur,professor
quitter,to leave
loi,law
tueur,killer
donne-moi,give me
flics,cops
connaître,know
lettre,letter
forme,form
connaît,knows
conseil,advice
bar,bar
normal,normal
danger,danger
dangereux,dangerous
folle,crazy woman
jure,sworn
tiré,drawn
essaye,try
bonnes,good
offre,offer
but,goal
froid,cold
allez-vous,will you
prêts,loans
tranquille,quiet
gamin,kid
joe,joe
classe,classroom
joué,play
poste,post
con,cunt
mike,mike
attaque,attack
boîte,box
enquête,investigation
visite,visit
juge,judge
moi-même,myself
bord,edge
debout,standing
envoie,send
preuve,proof
oublier,forget
bons,good
vivant,living
ciel,sky
lu,read
touche,touch
aimer,like
faites-vous,are you
télé,TV
met,puts
écouter,listen
serez,will
ll,It
pourtant,However
change,exchange
triste,sad
droite,right
gueule,mouth
tombe,grave
sentir,feel
ouvrir,to open
travers,through
santé,health
dossier,folder
ie,ie
jeunes,youth
frank,frank
coucher,sleep
cuisine,cooked
monte,mounted
pouvez-vous,can you
signifie,means
entrez,Come in
relation,relationship
centre,center
dame,lady
chacun,each
chanson,song
foutre,fuck
voler,steal
blanc,White
george,george
certain,certain
don,Don
âme,soul
manière,way
flic,cop
décision,decision
mange,eat
vit,lives
compagnie,company
déjeuner,lunch
différent,different
tire,drawn
ordres,orders
clé,key
vaisseau,vessel
secondes,seconds
enfer,hell
sortez,get out
vendre,sale
faisais,doing
responsable,responsible
mecs,guys
nulle,nothing
signe,sign
lieutenant,lieutenant
aille,go
acheté,purchased
étrange,strange
diable,Devil
viennent,are coming
monter,ascend
là-dedans,in there
l,l
capable,able
emmener,bring
écrire,to write
honte,shame
bouche,mouth
préfère,prefer
coupable,guilty
rire,to laugh
payé,paid
soin,care
milieu,middle
appartement,apartment
prochain,next
cerveau,brain
paris,Paris
m,m
blague,joke
choisi,selected
époque,time
aurez,will
voie,way
réunion,meeting
connu,known
allée,driveway
intérêt,interest
cheval,horse
combat,fight
silence,silence
coups,shots
existe,exist
ia,ia
retourne,return
tel,Phone
trou,hole
public,public
peter,to fart
oeil,eye
pleine,full
cacher,hide
amoureux,lover
drogue,drug
commandant,commanding officer
garçons,boys
faisons,do
paul,paul
n,not
tient,is holding
est-elle,is she
prise,taking
gouvernement,government
dirai,tell
client,customer
adresse,address
journal,newspaper
contact,contact
dingue,crazy
sent,feels
récupérer,recover
base,based
preuves,evidence
présente,present
peau,skin
servir,to serve
peuple,people
exemple,example
fiche,plug
max,max
promets,promise
lequel,which
blessé,injured
c,vs
société,society
tort,wrong
sept,seven
pourriez,might
savent,know
ouvert,open
héros,hero
menti,lied
mer,sea
contente,content
quitté,quits
jeter,throw
sauvé,Safe
bière,beer
assis,seated
robe,dress
ecoutez,Listen
devient,bECOMES
félicitations,Congratulations
opération,surgery
prévu,planned
fut,was
tenez,hold
livres,books
répondre,reply
seuls,only
pute,bitch
entrée,Entrance
vol,flight
horrible,horrible
vin,wine
dommage,pity
dites-moi,tell me
auriez,would
colonel,colonel
ramener,bring back
règles,rules
nez,nose
justice,justice
fbi,FBI
découvert,discovered
départ,departure
bruit,noise
secours,help
vérifier,check
enceinte,pregnant
mise,setting
témoin,witness
dirais,say
directeur,director
intéressant,interesting
excuse,excuse
environ,about
t,t
inutile,useless
terrible,terrible
danse,dance
position,position
humain,human
apparemment,apparently
avenir,to come up
rêves,dreams
œil,eye
bête,stupid
sérieusement,seriously
bravo,well done
approche,approach
nourriture,food
fric,money
plupart,mostly
lycée,high school
tas,heap
empêcher,avoid
longue,long
sexe,sex
niveau,level
banque,bank
éviter,to avoid
étions,were
lune,Moon
pitié,pity
liberté,freedom
expérience,experience
procès,trial
radio,radio
hum,hum
verra,will
thé,tea
partez,leave
utilisé,in use
mur,Wall
pose,pose
revenu,returned
deuxième,second
bande,bandaged
asseyez-vous,sit down
certaines,some
ridicule,ridiculous
nord,North
appelez,call
copine,girlfriend
baiser,kiss
anglais,English
henry,henry
toilettes,bathroom
portes,doors
faudra,will
occupé,busy
grands,great
and,and
dérange,disturbs
rôle,role
censé,supposed
savez-vous,do you know
james,james
reine,Queen
croit,believes
cour,court
église,church
vide,empty
obtenir,get
conneries,bullshit
ennuis,trouble
personnel,staff
conduire,drive
tombé,grave
sol,ground
code,coded
huit,eight
avions,had
espoir,hope
comprenez,understand
spécial,special
vidéo,video
vêtements,clothing
défense,defense
alex,alex
sud,South
grand-mère,Grandmother
match,match
bombe,bomb
intéresse,interested
zone,zoned
tante,aunt
paraît,seems
excuser,excuse
magasin,store
marier,marry
chère,Dear
aie,Ouch
souvenir,memory
proche,close
revient,come back
danny,danny
douleur,pain
arrivera,to arrive at
presse,hurry
merveilleux,wonderful
asseoir,Sit
ravi,delighted
aimais,liked
h.,h.
amérique,America
fenêtre,window
mien,mine
terrain,ground
sergent,sergeant
peux-tu,can you
projet,project
quartier,district
planète,planet
certainement,certainly
rapide,fast
lorsque,when
assurer,ensure
rendu,made
mignon,cute
tourne,turned
danser,dance
bob,bob
clients,clients
petites,small
aimez,like
présenter,present
importance,importance
venus,Venus
jimmy,jimmy
sache,know
mérite,deserved
machine,machine
derniers,last
programme,program
mesdames,ladies
meilleurs,best
honnête,honest
essayez,try
irai,go
connard,shithead
occasion,opportunity
prouver,to prove
travaillé,work
glace,ice
ayez,have
parie,bet
camion,truck
fier,proud
discuter,discuss
village,town
spectacle,show
d,d
nul,no
rose,pink
touché,touch
mangé,eat
vis,screw
parole,speech
rencontre,meet
apprécie,appreciate
jane,jane
réalité,reality
savons,know
respect,respect
remettre,reset
vacances,holidays
détruire,destroy
choisir,to choose
ha,Ha
découvrir,discover
idées,ideas
officier,officer
frères,brothers
sert,serves
bill,bill
solution,solution
informations,news
attendais,expecting
monstre,monster
sexy,sexy
ordinateur,computer
retrouvé,found
nature,nature
rappeler,call back
énergie,energy
pierre,Pierre
utilise,uses
pression,pressure
chaussures,shoes
faite,done
histoires,stories
sarah,sarah
marié,married
espace,space
soient,are
nick,nick
portable,portable
préparer,to prepare
nécessaire,necessary
court,short
offrir,to offer
will,will
ai-je,have I got
tony,tony
envers,towards
bain,bath
charge,charge
mary,mary
harry,harry
jim,jim
ennemi,enemy
arrivent,arrive
immédiatement,at once
finalement,finally
énorme,huge
grand-père,grandfather
test,test
gagne,wins
réfléchir,reflect
victimes,victims
chanter,sing
futur,future
lâche,loose
mademoiselle,miss
copain,boyfriend
enlever,to take off
pensez-vous,do you think
retrouve,finds
épouser,marry
fleurs,flowers
salope,slut
aies,hast
gosse,kid
arranger,arrange
riche,rich
faits,facts
ancien,former
stop,stop
accepter,accept
restes,remains
nouveaux,new
sauter,jump
suspect,suspect
vies,lives
durant,during
invité,guest
politique,Politics
dents,teeth
patient,patient
repas,meal
urgence,emergency
cartes,cards
jambes,legs
conversation,conversation
telle,such
bus,bus
to,to
tourner,turn
toucher,to touch
mémoire,memory
série,series
mariée,married
contraire,opposite
vent,wind
taille,cut
donnez-moi,Give me
trouves,found
celui-là,that one
chat,cat
continuez,go on
contrat,contract
couteau,knife
double,double
dure,tough
carrière,career
excuse-moi,excuse me
ray,ray
regardé,looked
descendre,go down
université,university
sentiments,feelings
papier,paper
remarqué,Note
noms,names
vécu,lived
courage,courage
beauté,beauty
bu,drank
tais-toi,Shut up
après-midi,afternoon
excellent,excellent
assieds-toi,Sit down
richard,richard
propres,own
parmi,among
forte,strong
étant,being
couple,couple
aiment,like
permis,allowed
différence,difference
faudrait,should
course,race
humains,humans
dégage,releases
mille,thousand
accès,access
cible,target
joyeux,happy
bonheur,happiness
aimait,loved
manqué,lack
action,action
steve,steve
aidé,help
vouliez,wanted
trouvez,find
films,movies
emmène,takes
marie,married
taxi,Taxi
restaurant,restaurant
crise,crisis
piste,track
dernières,latest
puisque,since
blanche,white
coupe,chopped off
secrets,secrets
prince,prince
marrant,funny
raisons,reasons
refuse,refuse
apporté,brought
cassé,broken
lors,then
mettez,put
dis-lui,tell him
tuée,killed
maladie,disease
mienne,mine
rentré,returns
week-end,weekend
excuses,apology
km,km
alcool,alcohol
voudrait,would
fil,wire
rends,thank
quitte,quits
couché,layer
disons,say
totalement,totally
claire,Claire
it,it
londres,London
remercier,thank
mêmes,same
partis,gone
pensait,thought
île,Isle
tommy,tommy
remercie,thank
caméra,camera
pensent,think
suis-je,Am I
pleurer,cry
régler,adjust
ouvrez,open
entier,full
foutu,fucking
types,Types
fermer,to close
animaux,animals
dise,tell
image,picture
étage,floor
rejoindre,rejoin
soldats,soldiers
amuser,amuse
points,points
suivi,monitoring
oubliez,forget
langue,language
direction,direction
frais,fresh
veuillez,please
miss,Miss
soldat,soldier
couleur,color
bouger,move
frappé,hit
frapper,hit
venait,had
raté,missed
évidemment,obviously
sacré,sacred
clés,Keywords
mentir,lie
épouse,wife
troisième,third
johnny,johnny
amy,amy
jésus,Jesus
faible,low
ryan,ryan
afin,to
bleu,blue
failli,bankrupt
courir,run
américain,American
détails,details
pont,bridge
gay,gay
regarde-moi,look at me
jake,jake
billy,billy
attraper,to catch
papiers,papers
poisson,fish
lui-même,himself
wow,wow
chiens,dogs
date,dated
intention,intention
procureur,prosecutor
goût,taste
pourras,able
shérif,sheriff
sais-tu,you know
arrêt,stop
sourire,smile
lait,milk
chasse,hunt
signal,signal
parlait,speaking
destin,destiny
marre,fed up
français,French
princesse,princess
paie,pay
foi,faith
chier,take a dump
dois-je,should I
présence,presence
doigts,fingers
partenaire,partner
quelles,what
daniel,daniel
préféré,prefer
adieu,farewell
costume,suit
entreprise,company
utile,useful
calme-toi,calm down
lien,link
unique,unique
appartient,belongs
attendant,Meanwhile
amené,bring
moindre,lesser
quels,what
amener,lead
amène,bring
enfoiré,Motherfucker
recherches,research
discours,speech
données,data
robert,robert
art,art
appelles,call
salaud,bastard
penses-tu,do you think
magie,magic
bouteille,bottle
justement,exactly
raconter,tell
rapidement,quickly
bref,in short
tribunal,court
viendra,will come
passée,past
superbe,superb
pourrai,could
pièces,rooms
certaine,some
obligé,forced
formidable,wonderful
pause,pause
identité,identity
campagne,campaign
lee,lee
auraient,would
couper,cut
mark,mark
morceau,piece
os,bone
lettres,letters
nombre,number
intelligent,clever
gâteau,cake
dépend,depends
job,job
jeux,games
compter,count
cou,neck
of,of
reprendre,resume
joie,joy
agents,agents
gardes,guards
star,star
regard,look
demandez,ask
balles,bullets
vendu,sold
majesté,majesty
menace,threat
malgré,despite
appareil,apparatus
demandais,asked
là-haut,yonder
privé,private
adam,Adam
forces,strengths
fonctionne,works
méchant,mean
jambe,leg
empreintes,fingerprints
ange,angel
agir,to act
noire,black
imbécile,imbecile
gentille,gentle
labo,lab
résultats,results
toi-même,yourself
cinéma,cinema
nouvel,new
malheureusement,Sadly
décider,decide
né,born
importante,important
voulons,want to
détruit,destroy
parfaitement,perfectly
martin,martin
produit,product
réparer,to fix
chapeau,hat
gérer,manage
écoute-moi,listen to me
adn,dna
échange,exchange
mince,thin
bougez,move
parfaite,perfect
meurt,dies
fout,fout
vitesse,speed
fermé,closed
succès,success
au-dessus,above
etre,be
souvenirs,memories
comprend,comprises
odeur,odour
pain,bread
falloir,have to
aise,easy
caché,hidden
règle,rule
imaginer,imagine
raconte,recounts
vus,seen
accepté,accepted
trouvée,found
dors,sleep
celui-ci,this one
ministre,minister
infos,information
vendredi,Friday
voitures,Car
lever,raise
arbre,tree
maire,mayor
faveur,favor
pourraient,could
prendra,will take
surpris,surprised
jeté,thrown
également,also
fac,uni
apporter,to bring
washington,Washington
champ,field
peut-on,can we
comptes,accounts
échapper,escape
valeur,value
in,in
réel,real
couverture,blanket
million,million
article,article
doux,soft
parc,Park
toit,roof
unité,unit
resté,rest
plage,beach
partager,share
malin,malignant
recevoir,to receive
inquiétez,worry
attendu,expected
charles,charles
coffre,chest
uh,uh
eddie,eddie
chris,chris
celle-là,that one
ramène,brings back
mode,fashion
folie,madness
extérieur,outside
van,van
membre,member
prévenir,prevent
cache,hidden
inquiéter,worry
hasard,hazard
concerne,concerned
réponds,answer
génie,genius
j,j
parlais,speaking
parlons,let's talk
jardin,garden
saison,season
montré,shown
frappe,hit
enchanté,nice to meet you
gosses,kids
abandonner,to abandon
assure,assures
apporte,brings
prépare,prepare
mètres,meters
suivant,next
souhaite,wish
services,services
ouest,Where is
va-t',Will '
poids,weight
poche,poached
faisant,making
répondu,answered
directement,directly
source,source
france,France
créer,create
samedi,Saturday
aidez-moi,help me
univers,universe
saura,will know
réalisé,executed
américains,US
perds,lose
membres,members
viande,meat
o',o '
bobby,bobby
sont-ils,are they
crois-moi,believe me
amoureuse,in love
grandes,great
changement,change
compliqué,complicated
bal,ball
page,page
conduit,pipe
passage,passage
piège,trap
kevin,kevin
ressens,feel
accepte,accepted
grace,thanks
fais-le,do it
amusant,amusing
dan,dan
donnez,give
traces,footsteps
trésor,treasure
explique,Explain
fesses,buttocks
perte,loss
fantôme,ghost
naissance,birth
retraite,retirement
regardes,look
franchement,frankly
côtés,sides
larry,larry
étranger,foreign
poulet,chicken
vienne,Vienna
débarrasser,get rid of
enlève,removes
marque,Mark
mens,mens
fantastique,fantastic
cent,hundred
beaux,beautiful
entendez,hear
ouverte,opened
bâtiment,building
a-t-elle,has she
devrions,should
embrasser,to kiss
tombée,fall
manquer,to lack
entré,Between
san,san
chevaux,horses
habite,lives
animal,animal
fatigué,tired
heureusement,fortunately
billets,tickets
convaincre,to convince
appelait,called
rachel,rachel
paradis,paradise
émission,program
lance,spear
nettoyer,clean
file,file
dimanche,Sunday
agréable,pleasant
plans,Plans
conscience,consciousness
ennemis,enemies
disant,saying
connaissance,knowledge
douce,fresh
belles,beautiful
sentiment,feeling
bataille,battle
perd,loses
pourrez,can
relations,relationship
espérais,hoped
fais-moi,Make me
vôtre,your
servi,served
souci,worry
note,note
doigt,finger
mensonge,lie
volonté,will
walter,walter
victoire,victory
direct,direct
abandonné,abandoned
information,information
joindre,join
proches,relatives
brian,brian
droits,rights
eric,eric
nerveux,nervous
coupé,chopped off
patients,patients
invités,guests
arrivés,arrived
descends,down
pleure,cry
traitement,treatment
jerry,jerry
senti,felt
cancer,Cancer
répète,say again
reposer,rest
regrette,sorry
aide-moi,help me
flingue,gat
cousin,cousin
désormais,from now on
vérifié,checked
crains,fear
douche,shower
gaz,gas
interdit,not allowed
théorie,theory
scott,scott
trace,trace
contrôler,control
signer,sign
no,No.
demandes,requests
internet,Internet
andy,andy
cherchez,looking
salon,living room
pete,pete
serons,will
appels,call
lancer,launch
protection,protection
pantalon,trousers
rappelles,remember
dossiers,records
style,style
ravie,thrilled
semblant,show
yeah,yeah
kim,kim
offert,Free
vieil,old
humaine,human
grandi,grown up
médicaments,pharmaceuticals
acte,act
moyens,means
lois,laws
kate,kate
meurs,die
laisserai,leave
aéroport,airport
mauvaises,bad
détective,detective
autrement,other
témoins,witnesses
queue,tail
coincé,stuck up
mariés,married
sonne,sounds
innocent,innocent
dira,tell
créé,created
jason,jason
supporter,support
milliers,thousands
heu,er
infirmière,nurse
métier,job
crétin,dumbass
retirer,remove
surveillance,oversight
chances,odds
oreilles,ears
trouvera,will find
suicide,suicide
militaire,military
atteindre,reach
fuir,to run away
casse,broken
dormi,slept
pilote,pilot
rires,laughs
appelée,called
risques,risks
leçon,lesson
paquet,package
man,man
défendre,defend
immeuble,building
récemment,recently
chinois,Chinese
battu,beaten
aveugle,blinded
oiseau,bird
qu,that
propriétaire,owner
ancienne,Ancient
veste,jacket
anna,anna
simon,Simon
saviez,knew
amies,friends
cherché,sought
tirez,pull
al,al
différents,different
gardez,keep
feras,shalt
lisa,lisa
lis,Lily
station,station
mandat,mandate
assassin,assassin
thomas,thomas
célèbre,popular
dort,sleeps
bague,Ring
dépêche-toi,hurry up
tente,attempted
devenue,become
ventre,belly
carter,box
respire,breathe
haute,high
connaissais,knew
genoux,knees
terme,term
vert,green
emily,emily
refusé,refuse
hâte,haste
réveiller,wake
commande,ordered
commun,common
souris,mouse
partons,leave
perdue,lost
dirige,directed
verras,see
charmant,charming
chante,sung
sport,sport
celle-ci,this one
viré,fired
ies,ies
fiston,son
étoiles,stars
laisses,leashes
parlant,speaking
là-dessus,thereupon
signé,sign
virer,fire
permettre,allow
pouvoirs,powers
luke,luke
pluie,rain
passez,skip
vrais,real
enlevé,removed
moments,time
blesser,hurt
ombre,shadow
rome,Rome
épisode,episode
talent,talent
chocolat,chocolate
assurance,insurance
angleterre,England
couche,layer
site,site
neige,snow
gardé,keep
chemise,shirt
ted,ted
voulaient,wanted
emploi,employment
précédemment,previously
surveiller,monitor
privée,private
entière,complete
saint,Holy
parlent,talk
réfléchi,reflexive
my,my
attendent,wait
jette,throws
facilement,easily
joues,play
jury,jury
passera,will pass
voleur,thief
véritable,true
entend,hears
chaise,chair
accusé,accused
zéro,zero
clairement,clearly
mouvement,movement
celles,those
sommeil,sleep
blancs,whites
survivre,to survive
semblait,appeared
o,o
craint,fears
traduction,translation
notes,Notes
repos,rest
siège,seat
policier,police officer
allés,gone
puissance,power
familles,families
second,second
cellule,cell
engagé,engaged
adorable,adorable
matt,matt
spéciale,special
violence,violence
ours,bear
gorge,throat
examen,exam
dieux,gods
major,Staff
obtenu,got
évident,obvious
distance,distance
titre,title
lundi,on Monday
choc,shock
différentes,different
théâtre,theater
exploser,explode
â,at
rivière,river
paye,paid
allo,Hello
revenez,return
écoutes,plays
logique,logic
alice,alice
miracle,miracle
lève,survey
montagne,Mountain
essayais,tried
pauvres,poor
tenu,tenuous
chicago,Chicago
auprès,nearby
lèvres,lips
plat,dish
lunettes,glasses
journaux,newspapers
attaquer,attack
mine,mine
pistolet,gun
divorce,divorced
noirs,black
meurtres,murders
premiers,first
forêt,forest
respirer,breathe
fortune,fortune
réponses,responses
devraient,should
explosion,explosion
reviendra,will come back
mène,leads
doc,doc
maria,maria
responsabilité,responsibility
annie,annie
erreurs,errors
principal,main
épée,sword
tienne,yours
travaillait,was working
tableau,board
cabinet,office
normale,par
alerte,alert
meurtrier,murderer
whoa,whoa
libérer,release
commis,clerk
sérieuse,serious
carl,carl
sous-titrage,subtitles
rock,rock
vision,vision
réveillé,wake up
auront,will
mesure,measured
arthur,arthur
kyle,kyle
ed,ed
louis,louis
er,st
secrétaire,secretary
dave,dave
images,imagery
fuite,flight
amitié,friendship
annonce,ad
pousser,push
william,william
idiote,idiot
nombreux,numerous
brisé,broken
raconté,told
cardiaque,cardiac
minuit,midnight
humeur,mood
physique,physical
prof,teacher
lieux,places
los,the bone
seins,bosom
crier,yell
top,top
go,go
permission,permission
romantique,romantic
lac,lake
vente,sale
vache,cow
suit,follows
clark,clark
courses,racing
casser,break
études,studies
modèle,model
susan,susan
version,version
jeff,jeff
pensées,thoughts
prudent,careful
plaisante,joking
emmené,driven
réfléchis,thoughtful
concert,concert
blessure,injury
tir,shoot
chauffeur,driver
midi,midday
souvenez,remember
puissant,powerful
moteur,engine
répond,answer
hmm,hmm
city,city
coûte,cost
reculez,step back
dessous,below
souffle,breath
construire,to build
démon,Devil
achète,purchased
smith,smith
caméras,cameras
pousse,shoot
cesse,constantly
gare,station
rentrée,return
finit,ends
bosse,bump
kelly,kelly
fer,iron
couilles,balls
quiconque,whoever
vole,Fly
ignorais,ignorant
soutien,support
usine,factory
château,castle
lâche-moi,Let go of me
ont-ils,have they
garage,garage
délicieux,delicious
oreille,hear
virus,virus
réellement,Actually
posé,laid
avancer,moving forward
maisons,houses
voisins,neighbors
dites-lui,tell him
deviens,become
sage,wise
crédit,credit
ambulance,ambulance
gamins,kids
fière,proud
tourné,turned
puce,chip
finie,finished
canon,gun
liquide,liquid
devine,guess
particulier,particular
prennent,take
traverser,to cross
rues,streets
park,park
criminel,criminal
cependant,however
sombre,dark
agence,agency
comportement,behaviour
artiste,artist
bosser,work
gouverneur,governor
paroles,lyrics
résoudre,solve
chut,hush
période,period
bat,beats
seraient,would
bébés,babies
cherches,looking
e,e
croyez-moi,believe me
donnes,give
préparé,prepare
soucis,troubles
traiter,treat
street,street
différente,different
reconnais,recognize
bye,bye
pourriez-vous,could you
fromage,cheese
essence,gasoline
ayant,having
côte,coast
tenté,attempted
chaleur,heat
tests,tests
champagne,Champagne
objet,object
ouai,yeah
disparaître,vanish
oiseaux,birds
re,re
europe,Europe
supposé,Assumed
supplie,beseech
tournée,tour
résultat,result
roger,roger
concernant,concerning
vérifie,checked
souffrir,suffer
occupée,occupied
fusil,gun
gardien,guardian
déranger,to bother
verrai,see
fatiguée,weary
vote,vote
dégagez,untap
anciens,old
voila,here is
tués,you are
forcément,necessarily
cadeaux,gifts
herbe,grass
b,b
menteur,liar
vivante,alive
riches,rich
vive,viva
sacrée,sacred
taylor,taylor
adulte,adult
siècle,century
attente,waiting
endroits,places
écris,write
rapports,reports
piscine,swimming pool
rentrez,come back
lendemain,next day
fumer,to smoke
concours,contest
ment,is lying
monté,mounted
passait,going
vous-même,yourself
inviter,invite
coach,trainer
fausse,false
élevé,Student
chair,flesh
magique,magical
chaîne,chain
chèque,check
réseau,network
enfance,childhood
mensonges,lies
pourrions,could
choisis,choose
taire,to hush up
inquiet,worried
enfuir,escape
bel,beautiful
profiter,enjoy
science,science
revenue,returned
billet,ticket
crâne,skull
jaloux,jealous
tien,yours
arrestation,arrest
laver,wash
nuits,nights
caisse,checkout
scientifique,scientist
russe,Russian
cris,shouting
traité,treaty
attaqué,attack
écoutez-moi,listen to me
montez,mount
sean,sean
promesse,promise
sénateur,senator
blessures,injury
sucre,sugar
murs,walls
attrape,catch
représente,represented
emma,emma
esprits,minds
cloche,Bell
phil,phil
cia,cia
réputation,reputation
étudier,to study
trompe,deceived
chute,fall
jackson,jackson
demi,half
devra,will
plainte,complaint
grand-chose,much
tim,tim
joey,joey
sorcière,witch
venant,from
alan,alan
californie,California
tenue,outfit
journaliste,journalist
soyons,let's
chouette,owl
karen,karen
aurons,will
avocats,lawyers
cherchais,looking
angeles,angeles
surveille,monitors
département,department
abandonne,abandoned
prendrai,take
peinture,painting
refaire,remake
honnêtement,honestly
opinion,opinion
geste,gesture
étais-tu,were you
gaffe,gaffe
empire,empire
aient,have
pizza,pizza
seriez,would
fan,fan
poitrine,chest
y',y '
jenny,jenny
lorsqu',when
médecins,doctors
remonte,traced back
aventure,adventure
réglé,rule
mac,mac
abby,abby
barre,closed off
foyer,home
jean,jeans
amuse,amused
mener,lead
uniforme,uniform
cauchemar,nightmare
soupe,soup
intelligente,smart
jus,juice
prêtre,priest
lily,lily
trompé,deceived
chuck,chuck
corde,rope
champion,champion
somme,sum
conférence,conference
commissaire,commissioner
répondez,answer
attrapé,caught
red,red
racontes,talking
deviner,to guess
recommencer,restart
dis-tu,you say
complet,full
crimes,crimes
maggie,maggie
crème,cream
construit,built
excusez,excuse
entraînement,training
centaines,hundreds
calmer,calm
joueur,player
couloir,corridor
horreur,horror
propriété,property
admettre,admit
matériel,equipment
verrez,see
foule,crowd
st,st
réaction,reaction
ennuie,bored
laura,laura
pub,pub
hiver,winter
manteau,coat
pis,udder
débile,stupid
trouverai,find
conseiller,advisor
humanité,humanity
studio,studio
josh,josh
lapin,rabbit
désert,desert
combattre,combat
big,big
julie,julie
boutique,shop
fonds,funds
voient,see
états-unis,United States
reviendrai,return
ramené,brings back
discussion,discussion
connaissait,knew
vegas,vegas
sir,sir
fiancée,fiancee
remonter,ride up
incendie,fire
arbres,trees
conseils,advice
géniale,great
messages,posts
ex,ex
surface,area
appellent,call
atteint,achieved
recommence,start again
curieux,curious
lucy,lucy
ascenseur,elevator
mars,March
apprend,learn
abri,shelter
larmes,tears
dites-vous,you say
impliqué,involved
répéter,repeat
pardonner,forgive
donnerai,give
soi,self
marine,Marine
cadavre,corpse
o.k.,okay.
front,forehead
uniquement,only
traîner,drag
rare,rare
permet,allows
stan,stan
parking,car park
morceaux,parts
réussir,succeed
morgan,Morgan
empêche,stop
traversé,through
américaine,American
hank,hank
décide,decided
doué,gifted
gloire,glory
gang,gang
communauté,community
plaisantes,pleasant
déclaration,declaration
jones,jones
portait,wore
croient,believe
projets,projects
frontière,border
saute,jumped up
hais,hate
laissée,left
suivez-moi,follow me
prénom,first name
tenter,try
liaison,bond
cérémonie,ceremony
fasses,fasses
vivent,live
ho,ho
océan,ocean
vélo,bike
aimerait,would
réaliser,achieve
poupée,doll
navire,ship
saches,know
parties,parts
patrick,patrick
remplacer,replace
prisonnier,prisoner
ménage,housework
porté,door
employés,employees
dépêchez-vous,hurry up
bouton,button
acteur,actor
show,show
julia,julia
mardi,Tuesday
juré,sworn
barry,barry
médecine,medicine
restera,will stay
lourd,heavy
chargé,charge
au-delà,beyond
survécu,survived
bite,cock
soudain,suddenly
voyais,see
travailles,are working
prévenu,warned
regardez-moi,look at me
baisse,drop
filer,spin
rompu,broken
véhicule,vehicle
sauve,Safe
rencontrés,met
emmerde,hassle
estomac,stomach
donna,gave
couvrir,cover
meilleures,best
rater,miss
terminée,completed
fred,fred
tâche,task
réserve,Reserve
brûler,burn
chou,cabbage
réveille,wake up
sentez,feeling
ferme-la,shut up
réveille-toi,wake up
etait,was
origine,origin
rêvé,dream
gary,gary
pouviez,could
poursuivre,to pursue
actions,stock
tapis,carpet
absence,absence
lâcher,release
tempête,storm
um,um
souffre,suffer
touchez,touch
cents,cents
rempli,filled
écran,screen
dis-le,say it
victor,victor
affreux,frightful
enterrement,burial
inconnu,unknown
venger,revenge
team,team
feriez,would
sara,sara
inventé,invented
installer,install
ya,ago
va-t-il,will he
rythme,pace
étudiants,students
pratique,convenient
whisky,whiskey
calmez-vous,calm down
travaillez,working
ballon,ball
équipage,crew
signes,signs
élèves,students
faites-le,do it
parlera,talk to
attirer,attract
récompense,reward
reconnu,recognized
irait,would
loup,wolf
traite,treaty
lâchez-moi,Let me go
ca.,it.
vengeance,revenge
imaginez,imagine
navré,heartbroken
feront,will
finis,finished
propose,offers
forcé,strength
lutte,fight
opportunité,opportunity
personnage,character
e,e
boss,boss
arrêtes,stop
convaincu,convinced
allons-nous,will we
accompagner,to accompany
essayons,try
limite,limit
panique,panic
technologie,technology
brillant,bright
king,king
afrique,Africa
nourrir,feed
région,region
nathan,nathan
passent,spend
salaire,salary
veille,standby
appelle-moi,call me
ceinture,belt
explication,explanation
chansons,songs
profond,deep
professionnel,professional
possède,possesses
étonnant,surprising
venais,came
casier,locker
jouez,play
roman,novel
sandwich,sandwich
arrives,arrived
nana,girl
nommé,appointed
incident,incident
retournez,return
sophie,sophie
potes,friends
comité,committee
chine,China
technique,technical
haine,hatred
identifier,identify
célibataire,single
jackie,jackie
annoncer,announce
portée,scope
fleur,flower
roule,rolled
palais,palace
tromper,deceive
lady,lady
attendait,expected
jeudi,Thursday
abruti,fool
disiez,tell
normalement,normally
circonstances,circumstances
appelez-moi,call me
canapé,sofa
sommes-nous,About Us
protège,protected
est-à-dire,is to say
affronter,face
connait,know
élève,Student
pêche,peach
masque,mask
couvert,covered
extraordinaire,extraordinary
malheur,misfortune
sentais,Smelt
royaume,kingdom
porc,pork
envoyez,send
brûle,burns
entretien,interview
vingt,twenty
objets,objects
gêne,uncomfortable
bloc,block
aidera,help
final,final
conduis,lead
excellente,excellent
brûlé,burnt
amanda,amanda
business,business
sauté,jumped up
trouvent,find
ferez,will
alarme,alarm
laisse-le,leave him
rencard,date
concentrer,focus
étoile,star
engager,to hire
singe,monkey
colle,glue
ooh,ooh
assistant,assistant
fallu,took
mm,mm
central,central
prisonniers,captives
naturel,natural
essayait,was trying
pardonnez-moi,excuse me
étape,step
cage,cage
davantage,more
alliance,alliance
collègues,colleagues
collier,necklace
rayon,Ray
correct,correct
jesse,jesse
gâcher,mess
quant,about
assassiné,killed
placard,cupboard
soif,thirst
conditions,terms
min,min
remis,handed
russes,Russian
miel,honey
personnellement,personally
entièrement,entirely
howard,howard
impressionnant,impressive
passes,passes
créature,creature
black,black
lancé,launched
kilomètres,kilometers
sers,serve
échappé,escaped
parte,parte
prouve,proves
associé,associate
monnaie,change
dean,dean
moque,laughs
voisin,neighbour
clinique,clinical
tape,slap
têtes,heads
lentement,slowly
classique,classical
temple,temple
steven,steven
produits,products
passion,passion
prenne,take
échoué,failed
écouté,listen
existence,existence
correspond,matches
analyse,analysis
retire,took of
mystère,mystery
maîtresse,mistress
port,Harbor
tension,voltage
qualité,quality
nationale,national
respecte,respects
vierge,Virgin
piano,piano
secteur,sector
espérons,hope
devoirs,homework
pot,pot
contacter,contact
secrète,secret
dispute,dispute
cigarette,cigarette
manques,shortages
bouffe,food
jugement,judgment
idiots,idiots
courageux,courageous
limites,limits
bibliothèque,library
désir,desire
condition,condition
sales,dirty
courrier,mail
volant,flying
merveilleuse,wonderful
fumée,smoke
chanceux,fortunate
expert,expert
anne,anne
rick,rick
lève-toi,get up
tasse,Cup
poussé,driven
étrangers,foreign
censée,supposed
permettez,allow
hall,lobby
approcher,approach
that,That
greg,greg
pile,battery
japonais,Japanese
soigner,treat
urgences,emergencies
effets,effects
essai,test
fruits,fruits
yo,yo
remplir,fill
commençons,start
miles,miles
donnera,will give
soins,care
charlotte,charlotte
risqué,risk
avouer,confess
passés,past
épreuve,test
vivants,living
conduite,conduct
p,p
robin,robin
chffffff,chffffff
découvre,finds
avantage,advantage
retenir,hold back
love,love
miroir,mirror
etat,state
procédure,procedure
verres,glasses
copie,copy
jaune,yellow
dames,ladies
betty,betty
efforts,efforts
proposé,offers
blessée,wounded
crie,calls out
voyager,travel
disque,disk
golf,golf
annuler,to cancel
section,section
catherine,catherine
aube,dawn
précis,specific
appellerai,call
doug,doug
etes-vous,You're
lumières,lights
helen,helen
briser,to break
fait-il,is it
vampire,vampire
échec,failure
mexique,Mexico
figure,figure
repose,rests
urgent,urgent
profil,profile
médical,medical
chiffres,statistics
carrément,outright
pointe,point
is,is
interroger,question
sauce,sauce
séance,meeting
fiancé,fiance
chaude,hot
sacs,bags
vivait,lived
aimerai,love
alliez,go
partage,sharing
johnson,johnson
assise,seated
foot,football
accusation,charge
bagages,baggage
boule,ball
copains,friends
nu,naked
patience,patience
suivez,follow
criminels,criminals
poissons,Pisces
fermez,close
bleue,blue
tyler,tyler
égal,equal
organiser,organize
œuvre,artwork
organisation,organization
moto,motorbike
parlerai,will speak
texas,Texas
attitude,attitude
documents,Documents
étiez-vous,were you
effort,effort
enchantée,Nice to meet you
restent,remain
diriger,lead
apprends,learn
proposition,proposal
pareille,like
terres,land
serpent,snake
all,all
audience,audience
info,info
voyait,saw
télévision,television
intéressé,interested
pattes,paws
possibilité,possibility
football,soccer
poison,poison
maudit,damn
cochon,pig
reconnaître,recognize
paire,pair
your,your
condamné,condemned
croyait,thought
sauvage,wild
maximum,maximum
domaine,field
drogues,drugs
poussière,dust
visiter,to visit
nôtres,ours
policiers,police
rat,rat
ajouter,add
chambres,bedrooms
séparer,to separate
valise,suitcase
idéal,ideal
exprès,on purpose
cooper,cooper
empereur,emperor
forcer,force
vincent,vincent
juger,judge
montagnes,mountains
t-il,he
printemps,spring
rebecca,rebecca
avoue,confesses
oliver,oliver
faisaient,were doing
allaient,going
profondément,deeply
aides,aids
collègue,colleague
bonbons,candy
fantômes,ghosts
légende,legend
embrasse,embrace
suffisamment,enough
disparition,disappearance
suivante,next
commencez,start
poule,hen
semblez,seem
éducation,education
restée,remained
dragon,dragon
plaque,plate
prenons,take
auparavant,previously
mobile,mobile
peut-il,Can
jamie,jamie
elizabeth,elizabeth
malades,ill
molly,molly
invite,invites
musée,Museum
connaissent,know
elle-même,herself
bijoux,jewelry
refuser,refuse
chers,Dear
pensée,thought
andrew,andrew
psy,psy
saurais,know
adultes,adults
préviens,forewarn
appart,apartment
chasser,hunt
sable,sand
balance,balance
critique,critical
fièvre,fever
irais,go
terminer,finish
brown,brown
monstres,monsters
angela,angela
leo,leo
essaies,try
coïncidence,coincidence
charmante,lovely
née,born
suggère,suggests
raisonnable,reasonable
conséquences,consequences
jouait,played
décisions,decisions
lucas,lucas
sensible,sensitive
déposer,deposit
imagination,imagination
objection,objection
autorisation,authorization
faites-moi,let me
chirurgie,surgery
ordinaire,ordinary
rouges,red
voyez-vous,you see
voudra,want
vieilles,old
hollywood,hollywood
magazine,magazine
matière,material
rentres,come home
vend,sells
pourrais-je,could I
libéré,released
sexuelle,sexual
posez,place
bagarre,fight
ross,ross
solide,solid
lié,bound
marques,brands
cercle,circle
caroline,caroline
sûrs,safe
sortira,released
étudiant,student
extrêmement,extremely
digne,worthy
cirque,circus
amen,Amen
carlos,carlos
congé,leave
roy,roy
prenait,taking
boston,Boston
meurent,die
beurre,Butter
émotions,emotions
causé,caused
sortes,kinds
el,el
stade,Stadium
entraîner,train
préférée,favorite
allemand,German
blonde,blonde hair
japon,Japan
sortis,out
malheureux,unfortunate
personnelle,personal
barbara,barbara
épaule,shoulder
était-ce,was it
we,we
pigé,cottoned
lls,They
menacé,threat
arrivait,was coming
taux,rate
tireur,shooter
mamie,granny
e,e
supporte,supports
lignes,lines
voyant,seeing
examiner,look
terry,terry
orange,orange
nerveuse,nerve
ouverture,opening
patiente,patient
huile,oil
trouverez,find
sire,sire
mignonne,cute
parfum,perfume
retourné,return
fêter,to celebrate
publique,public
invitée,invited
incapable,unable
cap,cape
couleurs,colors
sainte,holy
accompagne,accompanied
demi-heure,half-hour
camarade,comrade
éliminer,eliminate
croix,cross
large,large
moral,moral
détail,detail
wilson,wilson
thérapie,therapy
troupes,troops
froide,cold
signature,signature
pensons,think
parker,parker
donnée,given
assistante,assistant
éloigner,remove
trahi,betrayed
jo,jo
enterré,buried
adaptation,adaptation
brave,brave
jeunesse,youth
guérir,cure
officiers,officers
recule,recedes
toby,toby
machines,machinery
justin,justin
sommet,Mountain peak
géant,giant
démons,demons
taper,type
linda,linda
territoire,territory
organisé,organized
portefeuille,wallet
sally,sally
adorer,love
scénario,scenario
emprunter,borrow
tours,towers
etes,'re
nate,nate
alibi,alibi
respecter,respect
marchera,walk
tentative,attempt
décès,death
rappelez,remember
lord,lord
livrer,deliver
blessés,wounded
donnent,give
fêtes,holidays
pressé,hurry
frankie,frankie
davis,davis
supérieur,superior
précieux,precious
poil,hair
rats,rats
cave,cellar
progrès,progress
objectif,goal
grosses,large
cole,cole
bruce,bruce
armé,armed
panne,breakdown
iras,go
bains,baths
officiellement,officially
enculé,cocksucker
difficiles,difficult
renvoyer,return
miller,miller
invitation,invitation
allemagne,Germany
loyer,rent
plateau,tray
trés,very
mai,may
humour,humor
marcus,marcus
olivia,olivia
actes,actions
êtres,beings
cinglé,crazy
moche,ugly
suffisant,sufficient
douée,gifted
obligée,obliged
junior,junior
boit,drinking
juifs,Jewish
enfermé,shut in
joseph,joseph
travaux,works
approchez,approaching
jolies,pretty
expression,expression
cherchait,sought
libres,free
jordan,jordan
race,race
injuste,unfair
gordon,gordon
plu,enjoyed
trafic,traffic
eue,had
déplacer,move
exercice,exercise
travaillent,working
forts,strong
épousé,wife
do,do
cabine,cabin
miami,miami
baise,fuck
tenait,held
changera,change
populaire,popular
descend,down
nager,swim
ferons,will
énervé,edgy
nôtre,our
électrique,electric
devrais-je,should I
furieux,mad
jessica,jessica
nation,nation
for,for
placé,square
traître,traitor
juif,Jewish
ouah,Wow
cassette,cassette
péché,peach
instinct,instinct
katie,katie
derek,derek
remise,discount
allemands,German
sexuel,sexual
excitant,exciting
enregistrement,recording
foutez,kidding
arrangé,fixed
original,original
agression,aggression
rendez,appointment
commandé,ordered
ailes,wings
employé,employee
ricky,ricky
boite,box
petit-déjeuner,breakfast
coupez,cut
avons-nous,have we
angle,angle
participer,participate
neveu,nephew
activité,activity
coucou,Hello
température,temperature
bleus,blue
cherchent,they search
bourse,stock Exchange
reçois,get
éternité,eternity
poubelle,trash can
harvey,harvey
milliards,billion
vol.,flight.
compétition,competition
viol,rape
marty,marty
coté,side
pouls,pulse
laissez-le,let it
jay,jay
illégal,illegal
termine,finished
ranger,tidy
élever,raise
places,seats
autorité,authority
échelle,ladder
commission,commission
tribu,tribe
voleurs,thieves
comédie,comedy
seules,only
accueil,Home
pommes,apples
premières,first
autorisé,authorized
taule,slammer
absurde,absurd
souffrance,pain
rattraper,catch up
demi-tour,about-turn
indiens,Indian
transformer,transform
parle-moi,talk to me
mérites,merits
dégâts,damages
fermée,closed
réception,reception
french,french
réservé,Reserve
annulé,canceled
wayne,wayne
mercredi,Wednesday
meme,even
négatif,negative
union,union
deviennent,become
durer,last
semblent,appear
bombes,bombs
ivre,drunk
avancez,advance
témoigner,bear witness
bah,bah
langage,language
tunnel,tunnel
chats,cats
pur,pure
poudre,powder
oeuvre,artwork
jour-là,day
influence,affecting
todd,todd
méchants,bad guys
by,by
numéros,numbers
récupéré,recovered
pure,clean
biens,goods
garce,bitch
tarte,pie
tres,very
hauteur,height
carol,carol
finale,final
culture,culture
revienne,return
pensiez,thought
pénis,penis
crois-tu,do you believe
déçu,disappointed
production,production
bible,Bible
pierres,stone
gants,gloves
sous-sol,basement
beth,beth
oeufs,eggs
nina,nina
pouvons-nous,can we
rumeurs,rumors
intérêts,interests
regardais,watching
indice,index
ministère,ministry
brad,brad
témoignage,testimony
œufs,eggs
effrayant,scary
fouiller,search
prier,pray
diane,diane
actrice,actress
suspects,suspects
soirs,night
pisser,piss
causer,cause
finira,will end
entrepôt,warehouse
oxygène,oxygen
s.,s.
marshall,marshall
west,west
inquiètes,worried
conclu,concluded
souviens-toi,remember
devras,will have
francisco,francisco
salade,salad
indique,indicated
matinée,morning
flotte,fleet
uns,each
rage,rage
amiral,admiral
perdus,lost
gagnant,winner
mettent,put
national,national
frigo,fridge
christ,Christ
vince,vince
sachant,knowing
opérations,operations
stress,stress
tuera,kill
grant,grant
lâchez,release
commander,order
guide,guide
blagues,jokes
chic,chic
comte,county
fauteuil,armchair
prises,taken
vampires,vampires
noble,noble
apprécier,appreciate
auteur,author
kilos,kilos
tuerai,kill
séparés,separated
l.a.,the.
pouvaient,could
principale,primary
bottes,boots
semblerait,seems
miens,mine
foutue,damn
espion,spy
album,album
sortent,out
lou,lou
violent,violent
terroristes,terrorists
énerve,upset
voudras,will want
repartir,divide
spencer,spencer
teddy,Teddy
serment,oath
unités,units
restait,remained
promotion,promotion
sure,safe
division,division
ron,ron
viendrai,will come
foie,liver
puisses,mayest
pardonne,forgiven
robot,robot
relax,take it easy
jess,I ss
mères,mothers
ethan,ethan
joueurs,players
rejoint,joined
taisez-vous,shut up
collection,collection
stupides,stupid
option,option
communication,communication
bizarres,weird
rigole,laugh
anges,angels
vague,wave
innocents,innocent
lewis,lewis
nombreuses,many
laboratoire,laboratory
soutenir,support
naturellement,naturally
vends,sell
floride,Florida
charme,charm
ian,ian
adjoint,deputy
trouvait,was
terroriste,terrorist
paraître,look
clan,clan
livraison,delivery
jalouse,jealous
retiré,took of
efficace,effective
revenus,earnings
diplôme,diploma
piégé,trap
interne,internal
ennuyeux,boring
électricité,electricity
ignorer,ignore
buvez,drink
pervers,perverse
baby,baby
gâché,spoils
phase,phase
trouvés,found
repris,taken back
enregistré,checked in
besoins,needs
révolution,revolution
passons,spend
sein,breast
valait,worth
barbe,beard
pari,bet
fans,fans
dylan,Dylan
connue,known
commerce,trade
formation,training
habiller,dress
fichu,damn
renseignements,information
bêtises,foolery
michelle,michelle
parent,relative
tina,tina
commissariat,police station
gratuit,free
tuyau,pipe
couvre,covers
convient,appropriate
adoré,loved
total,total
oû,or
nancy,nancy
autrefois,in the old days
éteint,off
étude,study
fenêtres,Windows
actuellement,currently
écart,difference
charger,load
habitants,inhabitants
comté,county
étudié,studied
bol,bowl
dette,debt
diner,having dinner
rêver,dream
interrompre,interrupt
micro,microphone
liens,connections
plastique,plastic
rompre,to break up
éteindre,switch off
dégoûtant,disgusting
deviez,need
minable,seedy
égoïste,selfish
casey,casey
léger,lightweight
cigarettes,cigarettes
sœurs,sisters
edward,edward
réveillée,awake
one,one
cité,city
be,be
culpabilité,guilt
las,the ace
adorerais,love
pourrons,can
produire,produce
nucléaire,nuclear
russie,Russia
rejoins,joined
tandis,while
descendez,down
espagnol,Spanish
volée,flight
vaisseaux,vessels
régime,diet
pilules,pills
aïe,Ouch
empreinte,footprint
russell,russell
sain,healthy
identifié,identified
évidence,evidence
fidèle,loyal
trouveras,find
diras,tell
remède,remedy
cimetière,graveyard
couler,flow
re,re
emporter,carry
fâché,angry
exécution,execution
evidemment,obviously
porno,porn
devrez,will
cellules,cell
éléments,items
rang,rank
autorités,authorities
laissera,leave
hannah,hannah
fierté,pride
vérifiez,check
travaillais,working
congrès,Congress
détends-toi,Relax
pratiquement,virtually
enfui,fled
métro,Metro
diamants,diamonds
raymond,raymond
façons,manners
processus,process
âmes,souls
caution,bail
lecture,reading
rond,round
camarades,comrades
ressemblait,like
écraser,to crush
caractère,character
trous,holes
intelligence,intelligence
renforts,reinforcement
résister,resist
sous-titres,subtitles
roses,roses
ressenti,feeling
douze,twelve
gus,gus
instructions,instructions
gibbs,gibbs
plaindre,complain
voudrez,want
so,n
ali,ali
exprimer,Express
religion,religion
survie,survival
couches,layers
pourri,rotten
esclave,slave
septembre,September
particulièrement,particularly
tradition,tradition
dennis,dennis
aidez,help
jusque,until
commencent,begin
stratégie,strategy
chasseur,hunter
intéressante,interesting
walker,walker
quinn,quinn
guitare,guitar
loué,rented
attaché,attached
nue,naked
améliorer,improve
termes,terms
soeurs,sisters
randy,randy
vidéos,videos
amant,lover
courte,short
escalier,staircase
owen,owen
bêtes,beasts
défi,challenge
gentils,kind
rentrons,returned
créatures,creatures
chirurgien,surgeon
montre-moi,show me
dollar,dollar
quatrième,fourth
changent,change
souvenez-vous,remember
accent,accent
parlez-vous,do you speak
personnalité,personality
durs,hard
commandement,commandment
lampe,lamp
kenny,kenny
crever,die
ken,ken
centrale,power plant
oscar,Oscar
espérer,hope
goûter,to taste
nerfs,nerves
grandir,grow
préférerais,rather
feux,fires
dépassé,outdated
tuez,kill
faut-il,should we
passant,passing
totale,Total
rencontrée,met
pro,pro
carrie,carrie
méchante,naughty
ressentir,feel
déclaré,declared
dessin,drawing
généreux,generous
attendons,expect
bourré,stuffed
mn,mn
manuel,manual
officiel,official
reconnaissance,recognition
boisson,drink
embrassé,embraced
savaient,knew
appétit,appetite
commandes,orders
découverte,discovery
risquer,risk
entendue,heard
excité,excited
rouler,roll
câble,cable
fume,smoke
phrase,phrasing
réveil,alarm clock
avère,recognized
champs,fields
disponible,available
levé,survey
julian,julian
dose,dose
coma,coma
cuisiner,to cook
groupes,groups
envoyée,sent
dépêche,telegram
sociale,social
assister,assist
comptez,count
manières,manners
mangez,eat
équipes,teams
gère,manages
mortel,mortal
voies,way
dick,dick
événements,events
indien,Indian
enterrer,bury
stylo,pen
gamine,lassie
homicide,homicide
vais-je,will I
laissons,leave
sue,sweats
détendre,loosen
dis-leur,tell them
blake,blake
martha,martha
regardant,watching
riz,rice
aurions,would
correctement,correctly
b.,b.
ailles,Ailles
crée,creates
imagines,imagine
transfert,transfer
complexe,complex
zut,Damn
accueillir,to welcome
ongles,nails
portrait,portrait
criminelle,criminal
définitivement,finally
présenté,present
remarque,Note
désastre,disaster
vraies,real
métal,metal
jennifer,jennifer
traverse,crossing
italie,Italy
laissez-nous,let us
degrés,degrees
connaissez-vous,do you know
up,up
coincée,trapped
masse,mass
etats-unis,United States
pardonne-moi,forgive me
drapeau,flag
traîne,dragged
croyez-vous,do you
plaire,please
baisé,fucked
rappelez-vous,remember
reçoit,receives
liz,liz
devenus,become
noix,nuts
cabane,hut
lion,Lion
jonathan,jonathan
budget,budget
inde,India
malédiction,curse
souffert,suffered
villes,cities
keith,keith
lot,lot
militaires,military
escaliers,stairs
rumeur,rumor
serviette,towel
commercial,commercial
méthode,method
eli,eli
avenue,Avenue
autopsie,autopsy
pue,stinks
cliente,client
arrange,arranges
venons,just
descendu,down
intervention,intervention
arrêtée,arrested
chefs,heads
priorité,priority
serré,tight
italien,Italian
quoique,though
casino,casino
acteurs,cast
passeport,passport
pomme,Apple
sincèrement,truly
ressources,resources
environnement,environment
can,can
elena,elena
connor,connor
louise,louise
rigoles,channels
ellen,ellen
menaces,threat
regarde-toi,look at you
toast,toast
bâton,stick
doutes,doubts
préfères,prefer
thanksgiving,thanksgiving
bail,lease
réunis,together
énormément,Verry much
négocier,to negotiate
remets,commit
sacrifice,sacrifice
reconnaissant,thankful
williams,williams
jeremy,jeremy
citoyens,citizens
abattu,beaten down
habits,clothes
otage,hostage
tatouage,tattoo
interview,interview
couru,ran
héroïne,heroin
opérer,operate
tendance,trend
rupture,breaking
médias,media
marqué,Mark
batterie,drums
enseigne,teaches
manager,manager
promener,to walk
héritage,heritage
écrivain,writer
clown,clown
ecoute-moi,listen to me
positif,positive
hitler,Hitler
jungle,jungle
équipement,equipment
penny,penny
complice,partner in crime
réalise,executed
préparez,ready
profite,benefits
assuré,insured
importantes,important
mette,put
pages,pages
cousine,cousin
tester,test
génération,generation
bâtard,bastard
torture,torture
putains,whores
creuser,dig
mmm,mmm
jacob,jacob
a-t-on,Did you
loyauté,loyalty
techniquement,technically
cravate,tie
mourra,die
effacer,wipe off
t-shirt,T-shirt
brigade,brigade
événement,event
rappelé,recalled
dises,tell
étranges,strange
collège,middle School
leader,leader
ténèbres,darkness
samantha,samantha
trompes,tubal
associés,Related
examens,exams
taré,tare
bart,bart
dent,tooth
dangereuse,dangerous
poumons,lungs
holly,holly
destruction,destruction
bateaux,boats
trouvais,found
pires,worse
charité,charity
considère,considered
révérend,reverend
retrouvée,found
girl,girl
surement,surely
expériences,experiences
quart,quarter
poches,pockets
désire,longed for
boîtes,cans
malcolm,malcolm
moderne,modern
résolu,resolved
manges,eat
mentionné,mentionned
pétrole,oil
solitaire,solitary
essayant,trying
démarre,started
arracher,snatch
tendre,tender
sincère,sincere
issue,outcome
saut,jump
débrouiller,untangle
mickey,Mickey
regardait,looked
white,white
devaient,were to
timide,shy
chevalier,knight
r,r
précisément,precisely
continues,continuous
halloween,halloween
ordures,garbage
volontaire,voluntary
interrogatoire,examination
trahison,treason
vomir,To vomit
tueurs,killers
travis,travis
confirmé,confirmed
cri,shout
clay,clay
cassée,broken
soucie,cares
censés,supposed
adrian,adrian
siècles,centuries
cruel,cruel
plaisantez,joking
agi,acted
probable,likely
scandale,scandal
laissent,leave
otages,hostages
invisible,invisible
mélange,mixed
responsabilités,responsibilities
ashley,ashley
harold,Harold
albert,albert
importants,important
attendrai,wait
déménager,to move out
perdez,lose
visages,faces
échantillon,sample
explosé,exploded
jouent,are playing
homer,homer
nan,Nope
flash,flash
systèmes,systems
usa,USA
simples,simple
christine,christine
charges,loads
funérailles,funeral
ressembler,look like
césar,Caesar
evan,evan
jouets,toys
chaos,chaos
mm-hmm,mm-hmm
green,green
outils,tools
audrey,audrey
résistance,resistance
dessert,dessert
cons,cons
insiste,insists
veuve,widow
riley,riley
effectivement,effectively
dernièrement,recently
neil,neil
moyenne,average
logan,logan
contient,contains
espagne,Spain
virée,spree
épaules,shoulders
stone,stone
passe-moi,pass me
altesse,highness
gênant,embarrassing
voter,vote
manquait,missing
laisse-la,leave her
protégé,protected
esclaves,slaves
arrêtera,stop
construction,construction
utilisez,use
cadavres,corpses
immense,immense
net,net
renvoyé,returned
population,population
mondiale,World
juillet,July
capacité,capacity
sortait,out
expliqué,Explain
va-t-on,Will we
sensation,sensation
sien,his
mason,mason
retenu,retained
informer,inform
récupère,recovers
ordonné,ordered
potentiel,potential
baisser,lower
admire,admires
morale,morals
pasteur,pastor
patrouille,patrol
connerie,bullshit
impact,impact
partant,thus
baseball,baseball
sel,salt
conducteur,driver
maintenir,maintain
stable,stable
motel,motel
pourront,will
poker,poker
abattre,tear down
littéralement,literally
présidente,chairwoman
hill,hill
oublierai,forget
tokyo,tokyo
jules,stud
panneau,sign
évite,avoid
regardent,look
tragédie,tragedy
angel,angel
serveur,server
fruit,fruit
aaron,aaron
marge,margin
earl,earl
prière,pray
activités,activities
légiste,jurist
impôts,taxes
possession,possession
confirmer,to confirm
out,out
vendeur,seller
discuté,discussed
dépasse,exceeds
apprécié,appreciated
combinaison,combination
joan,joan
proposer,to propose
séjour,stay
utilisent,use
exception,exception
ambassadeur,ambassador
lincoln,lincoln
craindre,to fear
allison,allison
boy,boy
poing,fist
commences,begin
chapitre,chapter
four,oven
rapporte,reports
association,association
connaissiez,know
audition,hearing
ordure,filth
écriture,writing
publicité,publicity
cendres,ashes
motif,pattern
respiration,breathing
rends-moi,make me
quinze,fifteen
art.,art.
regretter,to regret
avril,April
boue,mud
pleuré,cried
rita,rita
pipi,Pee
noté,note
sammy,doughboy
tv,TV
cran,guts
échappe,escapes
veuille,wants
vivez,live
apparence,appearance
principe,principle
oublies,forget
essentiel,essential
moment-là,time
quittez,exit
sortons,go out
alpha,alpha
gentleman,gentleman
gabriel,gabriel
eaux,waters
house,house
brise,broken
verte,green
boules,bowls
lauren,lauren
canada,Canada
demandent,ask
exige,required
règlement,settlement
francis,francis
barney,barney
aimable,amiable
habillé,dressed
ann,ann
symbole,symbol
endormi,sleeping
margaret,margaret
marin,marine
what,what
docteurs,doctors
adorent,love
revanche,revenge
rarement,rarely
gâteaux,cakes
préparez-vous,prepare yourselves
parait,seems
with,with
fonce,dark
satellite,satellite
paige,paige
dettes,liability
rembourser,refund
passagers,passengers
luxe,luxury
vallée,valley
médicale,medical
reprend,resumes
transport,transport
effrayé,scared
franc,franc
couronne,crowned
scientifiques,scientists
chacune,each
plante,plant
menu,menu
revolver,revolver
bonhomme,fellow
légal,legal
liam,liam
discute,discusses
bonté,goodness
bières,beers
complète,complete
avertissement,Warning
acier,steel
subir,undergo
sentait,felt
berlin,Berlin
kitty,kitty
plais,take pleasure
planté,plant
branche,plugged
puissante,powerful
engagement,commitment
imaginé,conceived
options,options
coûté,cost
changements,change
révéler,reveal
mesures,measures
coordonnées,contact information
contacts,contacts
bip,beep
producteur,producer
cessé,ceased
fonction,function
lame,blade
donnait,gave
navrée,sorry
shawn,shawn
cachée,hidden
salopard,bastard
cuir,leather
monica,monica
megan,megan
direz,tell
goutte,drop
rate,missed
ticket,ticket
douter,doubt
chloé,Chloe
fédéral,federal
stephen,stephen
maths,math
ose,dare
attaques,attacks
autoroute,highway
accuser,to accuse
dealer,dealer
déposition,deposition
victoria,Victoria
étonne,surprised
deuil,mourning
occupe-toi,keep busy
légère,light
huh,huh
avocate,lawyer
statue,statue
excellence,Excellency
coule,flows
armés,armed
piqué,dive
eva,eva
pères,fathers
basket,basketball
harris,harris
ô,oh
pathétique,pathetic
x,x
journalistes,journalists
remarquer,note
booth,booth
matthew,matthew
innocente,innocent
fichiers,files
casque,helmet
ruiné,ruined
mené,conducted
v,v
prime,premium
bloqué,blocked
faisiez,were doing
jenna,jenna
bénisse,bless
hélas,Alas
sec,dry
éclater,to burst
bienvenu,welcome
aile,wing
mortes,dead
combats,battles
kg,kg
protocole,protocol
prendrais,take
chatte,cat
mouvements,movements
poignée,handle
reviennent,return
gloria,gloria
nelson,nelson
aah,aah
vodka,vodka
roue,wheel
oblige,requires
quartiers,neighborhoods
boucle,loop
mordu,bitten
fois-ci,time
légitime,legitimate
délire,delirium
médicament,drug
resto,restaurant
trente,thirty
island,island
douloureux,painful
vues,views
tonnes,tons
jersey,Jersey
demoiselle,damsel
attire,attracted
bagnole,wagon
serveuse,waitress
contacté,contacted
relève,reports
reprends,resume
allume,alight
conflit,conflict
accomplir,accomplish
bouteilles,bottles
shane,shane
pensant,thinking
lisez,read
prêtes,ready
badge,badge
little,little
pension,pension
déposé,deposit
routine,routine
crève,bursts
articles,goods
chagrin,grief
local,local
saurai,know
appuie,supports
filmer,filming
ayons,have
know,know
amusez-vous,have fun
servent,serve
réduire,reduce
remet,returns
filé,yarn
courez,run
rit,laughs
symptômes,symptoms
feuilles,leaves
candidat,candidate
vides,empty
soupirs,sighing
rory,rory
professionnelle,professional
ressemblent,look alike
wade,wade
sauvages,wild
organise,organized
munitions,ammunition
cercueil,coffin
cm,cm
enquêter,investigate
disparue,missing
réelle,real
trône,throne
ouverts,open
planque,stash
asile,asylum
louer,to rent
allumer,light up
craig,craig
tarder,delay
fausses,false
f,f
administration,administration
arrangement,arrangement
existent,exist
hop,hop
juin,June
sachez,know
contrairement,in contrary
wendy,wendy
conseille,advises
ford,ford
fabrique,made
mitchell,mitchell
obscurité,darkness
talents,talents
enlevez,remove
informé,informed
colline,hill
telles,such
horribles,horrible
avoué,attorney
mentez,lie
réalisateur,director
lesquelles,which
fait-on,does one
puits,well
octobre,October
cherchons,looking
costumes,costume
irez,go
suis-moi,follow me
léo,leo
renoncer,renounce
aimée,loved
république,Republic
rendent,make
longues,long
sauvée,saved
nuit-là,night
testament,will
facture,bill
domicile,home
basse,low
transformé,converted
emmenée,took
médaille,medal
texte,text
établir,establish
vanessa,vanessa
sienne,his
kong,kong
record,record
connaisse,know
blé,corn
guerrier,warrior
sms,sms
entrain,by train
quittes,quits
plantes,plants
restons,stay
accéder,to access
suprême,supreme
warren,warren
installé,installed
tuent,kill
décrire,to describe
enveloppe,envelope
était-il,Was
manche,handle
écoles,schools
rappelle-toi,reminds you
batman,Batman
embête,bothers
espèces,cash
dalle,slab
auquel,which
mrs,mrs
cadre,frame
enseigner,teach
maquillage,makeup
fâchée,sorry
restant,remaining
prétend,claims
demandait,asked
gris,Grey
levez,lift
nora,nora
sépare,separate
enlèvement,removal
magicien,magician
historique,historical
circulation,traffic
ère,time
piquer,sting
stanley,stanley
canard,duck
lancement,launching
quantité,amount
gym,gym
time,time
punir,to punish
téléphoner,call
hélicoptère,helicopter
dinde,turkey
subi,sustained
énerver,annoy
auto,car
mêle,mixes
anthony,anthony
placer,to place
réduit,reduced
fédéraux,federal
bruits,sounds
sujets,topics
jetez,throw
he,Hey
tube,tube
organes,organs
mettez-vous,put yourself
poils,fur
époux,husband
tendu,tense
ingénieur,engineer
téléphones,phones
pape,Pope
routes,roads
lâché,loose
portant,wearing
bats,fight
laissant,leaving
pouce,thumb
infection,infection
faiblesse,weakness
mettra,will
manhattan,manhattan
responsables,officials
devinez,guess
remarquable,remarkable
tenais,wanted
mérité,deserved
collins,collins
santa,santa
libération,release
malentendu,misunderstanding
élément,element
vaincre,overcome
attiré,attracted
mêler,mix
bouffer,eat
souvient,recalls
profonde,deep
chaussettes,socks
morgue,morgue
accuse,accused
portez,wear
estime,valued
soda,soda
silencieux,quiet
diana,diana
faibles,low
avertir,to warn
côtes,ribs
tournage,shooting
bonnie,bonnie
effraction,breaking in
valises,bags
atmosphère,atmosphere
délit,offense
fui,fled
menottes,handcuffs
partenaires,partners
bureaux,offices
this,this
requin,shark
détention,detention
factures,bills
agissait,was
continué,keep on going
donne-lui,give him
observer,watch
visites,visits
conscient,aware
condoléances,condolences
maya,Maya
sortant,outgoing
nicole,nicole
enfermer,lock
vôtres,yours
tumeur,tumor
marches,steps
crainte,fear
panier,basket
ruth,Ruth
immunité,immunity
terriblement,terribly
compromis,compromise
serait-ce,would it
minimum,minimum
tels,such
coûter,cost
revue,review
hong,hong
scotch,Scotch
tracy,tracy
repéré,spotted
ruiner,ruin
différemment,differently
violée,raped
harper,harp
trompez,deceived
salauds,bastards
putes,whores
clara,clara
pleins,full
come,come
personnages,characters
péchés,sins
fascinant,fascinating
utilisée,used
avaler,swallow
nièce,niece
élu,elected
meubles,furniture
magnifiques,beautiful
devienne,becomes
explose,explodes
portent,carry
viennes,come
passerai,pass
sagesse,wisdom
seth,seth
fouillé,search
française,French
janet,janet
attends-moi,wait for me
just,just
imaginais,imagined
douzaine,dozen
fusillade,shooting
intentions,intentions
puissent,can
permettez-moi,allow me
serrer,tighten
trouble,trouble
sachiez,know
connexion,connection
renversé,reversed
voudriez,would
équilibre,balanced
usage,use
rapporter,report
meure,die
sydney,sydney
intéresser,to interest
sourd,deaf
vaudrait,would
industrie,industry
connus,known
norman,norman
soudainement,suddenly
états,states
brooklyn,brooklyn
croirait,think
communiquer,communicate
déménagé,moved
saigne,bleeding
longs,long
festival,festival
inconnue,unknown
parliez,talk
revu,reviewed
parlez-moi,talk to me
destinée,destiny
linge,laundry
ressent,feels
câlin,Hug
trouvons,find
promettre,to promise
jugé,judge
fragile,brittle
fabuleux,fabulous
sieste,nap
conçu,designed
indices,Indices
obéir,to obey
suicider,suicide
chant,singing
simpson,simpson
curiosité,curiosity
balancer,swing
entraîneur,coach
judy,judy
écrasé,crushed
archives,archives
intimité,privacy
demeure,dwelling
ambiance,ambience
c.,vs.
ressembles,look like
brillante,bright
ramasser,to pick up
satisfait,satisfied
tara,tara
karl,karl
connaitre,know
hector,Hector
tissu,tissue
viendrais,would come
nuages,clouds
avait-il,Had
phoebe,phoebe
soir-là,evening
résidence,residence
jouais,playing
pourrais-tu,could you
arriverai,arrive
politiques,policies
débat,debate
fonctionner,function
prostituée,prostitute
bo,bo
homo,homo
pompiers,firefighters
sorcières,witches
parles-tu,do you speak
leçons,lessons
rendra,make
vic,vic
naturelle,natural
réunions,meetings
implique,involved
bracelet,bracelet
look,look
zoo,zoo
confortable,comfortable
navette,shuttle bus
cervelle,brain
baron,baron
jumeaux,twins
genou,knee
ralph,ralph
may,may
mystérieux,mysterious
coincés,trapped
campus,campus
arriverait,happen
augmenter,increase
tragique,tragic
cash,cash
elliot,elliot
vilain,ugly
toc,fake
essaient,try
moscou,Moscow
heather,heather
destination,destination
grossesse,pregnancy
foiré,fair
royal,royal
exposition,exposure
amuse-toi,have fun
nid,nest
artistes,artists
vise,aims
merdé,shit
mafia,mafia
assiette,plate
finn,finn
demanderai,ask
kit,kit
capables,capable
aiderait,help
par-dessus,Above
fréquence,frequency
ceux-là,those ones
montrent,show
caches,caches
stars,stars
dépensé,spent
lane,lane
méthodes,methods
boum,bang
atelier,workshop
passées,past
divine,Divine
balade,ride
passais,spent
capitale,capital city
générale,General
hémorragie,hemorrhage
prouvé,proven
déplacé,displaced
massage,massage