German,English
ich,I
sie,she
das,the
ist,is
du,you
nicht,Not
die,the
es,it
und,and
der,the
wir,we
was,What
zu,to
er,he
ein,a
in,in
ja,Yes
mir,me
mit,With
wie,as
den,the
mich,me
auf,on
dass,that
aber,but
eine,a
so,so
hat,Has
hier,here
haben,to have
für,For
sind,are
war,was
von,of
wenn,if
dich,you
ihr,her
nein,No
habe,have
an,at
bin,am
noch,still
nur,just
da,there
dir,to you
sich,themselves
einen,one
uns,us
hast,have
dem,the
kann,can
gut,Well
auch,also
schon,beautiful
als,when
sein,be
mal,times
jetzt,now
ihn,him
dann,then
aus,out
meine,my
um,around
im,in the
wird,becomes
mein,my
bist,are
doch,but
alles,everything
weiß,White
keine,none
oder,or
nach,after
s,s
nichts,Nothing
man,you
muss,got to
werden,will
will,want
ihnen,them
geht,going
wo,Where
etwas,something
oh,Oh
mehr,more
bei,at
also,so
bitte,You're welcome
immer,always
hab,hab
warum,Why
vor,in front
los,Come on
können,can
wieder,again
sagen,say
machen,do
danke,thanks
sehr,very
alle,all
denn,because
mann,man
tun,to do
ihm,him
zum,to the
gehen,walk
sehen,see
vielleicht,maybe
einem,one
wer,who
ihre,your
diese,these
euch,to you
einer,one
komm,come over
über,about
gibt,gives
okay,OK
wissen,knowledge
deine,yours
müssen,have to
soll,should
werde,will
nie,never
wirklich,for real
hey,hey
kein,no
viel,a lot of
weg,path
würde,would
tut,does
am,at the
des,of
einfach,easy
leben,Life
hatte,would have
zeit,time
weil,because
willst,want
kommen,come
dein,your
heute,today
kommt,coming
wollen,want
damit,in order to
ganz,all
wäre,would
wollte,wanted to
weißt,know
ok,OK
sicher,for sure
gesagt,told
frau,woman
nun,now
bis,to
wurde,has been
leid,suffering
na,n / A
kannst,can
macht,power
dieser,this
zurück,back
lassen,to let
hallo,Hi there
meinen,mean
gott,God
seine,his
hätte,would have
zwei,two
könnte,could
genau,I agree
waren,were
zur,to
lass,let
klar,clear
morgen,tomorrow
leute,People
vater,father
schön,beautiful
glaube,faith
mr.,mr.
ab,from
gerade,straight
tag,Day
gesehen,seen
reden,talk
wohl,well
liebe,love
sollte,should
sagte,said
unsere,our
jemand,someone
geld,money
durch,by
ob,if
keinen,no
mutter,mother
raus,Out
gemacht,made
paar,pair
mach,mach
passiert,happens
dachte,thought
besser,better
musst,must
wieso,how so
sir,sir
dieses,this
selbst,even
gehört,belongs
möchte,would like to
ohne,without
hör,hear
her,here
sag,say
meiner,mine
anderen,other
helfen,help
nacht,night
finden,Find
diesen,this
gute,quality
wirst,will
lange,Long
natürlich,Naturally
ach,Oh
meinem,my
gar,at all
ins,in the
sei,be
dort,there
weiter,continue
geben,give
seit,since
gleich,equal
sagt,says
recht,Law
ihren,their
richtig,correct
ordnung,order
vom,from
hören,Listen
sieht,looks
davon,from that
dafür,for this
geh,go
diesem,this
wegen,because of
hause,home
sollten,should
mädchen,girl
hin,down
sollen,should
abend,Eve
haus,House
denke,think
viele,lots
drei,three
deinen,your
freund,friend
guten,good
unser,our
warte,wait
machst,doing
menschen,People
essen,eat
angst,anxiety
bleiben,stay
zusammen,together
welt,world
unter,under
habt,have
schnell,fast
andere,other
tot,dead
getan,done
darf,may
erst,first
rein,purely
stimmt,Right
nehmen,to take
kinder,children
eines,one
glauben,believe
bringen,bring
ganze,whole
genug,enough
scheiße,crap
brauchen,need
gegen,versus
moment,moment
junge,Boy
steht,stands
sonst,otherwise
musik,music
arbeit,job
seid,are
ihrer,of their
fragen,ask
herr,Mr
dabei,there
heißt,is called
familie,family
warten,waiting
niemand,no one
sofort,right away
bevor,before
jahre,years
einmal,once
problem,problem
sohn,son
wann,when
brauche,need
fertig,finished
halt,stop
allein,alone
beim,at the
sprechen,speak
beide,both
gefunden,found
hatten,had
sache,Thing
hilfe,Help
verdammt,damned
ne,ne
jeder,everyone
warst,were
gern,gladly
konnte,could
darüber,about that
halten,hold
siehst,see
verstehe,understand
jahren,years
kam,came
kind,child
wusste,knew
wahr,true
seinen,his
dazu,to
bruder,brothers
daran,it
ihrem,their
denken,think
könnten,could
dank,thanks
würden,would
lieber,rather
fall,case
deiner,yours
sehe,see
egal,no matter
kennen,know
deinem,your
vergessen,to forget
frage,question
mache,make
komme,get
sage,legend
mag,like
sieh,look
echt,real
gib,give
eigentlich,actually
jeden,each
dad,dad
gab,gave
uhr,Clock
stadt,city
männer,Men
baby,infant
fahren,drive
namen,names
bekommen,to get
kopf,head
hi,Hi
gehe,go
kleine,small
später,later
glück,happiness
letzte,latest
freunde,friends
n,n
all,Alles
darauf,thereon
ende,The End
dr.,dr.
bald,soon
töten,kill
dinge,things
meinst,mean
toll,Great
eins,one
minuten,minutes
vielen,a lot of
bereit,ready
weit,far
ahnung,idea
seiner,his
bisschen,little
tür,door
auto,automobile
jungs,guys
eure,your
augen,eyes
polizei,police
stehen,stand
sterben,to die
hätten,had
draußen,outside
kenne,know
fast,nearly
runter,down
vorbei,past
treffen,to meet
gerne,with pleasure
dran,tuned
wurden,were
arbeiten,work
mom,mom
verrückt,insane
neue,new
ging,went
hinter,Behind
sorgen,to care
einzige,single
jemanden,someone
darum,therefore
tochter,daughter
braucht,need
idee,idea
schwester,sister
drin,in it
ruhig,calm
sah,saw
ganzen,all
spät,late
ziemlich,quite
solltest,should
name,Surname
sogar,even
kurz,short
kerl,Guy
frauen,women
liegt,lies
suchen,search
finde,find
je,ever
woher,from where
lang,long
job,job
keiner,none
seinem,his
hört,hears
verstehen,understand
spielen,play
s.,s.
überhaupt,at all
teufel,devil
verstanden,Understood
verloren,lost
große,size
hand,hand
grund,reason
jahr,year
kommst,coming
mama,mummy
ruhe,Quiet
gewesen,been
tod,death
stunden,hours
hoffe,hope
denkst,think
oben,above
gestern,yesterday
versuchen,to attempt
art,kind
letzten,last
schatz,treasure
endlich,Finally
he,hey
nimm,take
etwa,approximately
erzählt,tells
läuft,running
schwer,heavy
anders,different
miss,ill
musste,had to
fünf,five
wasser,water
lässt,leaves
erste,first
versucht,tries
gekommen,came
geschichte,story
wenig,little
holen,to fetch
bedeutet,means
nett,kind
wahrheit,truth
woche,week
bringt,brings
deshalb,that's why
welche,Which
bestimmt,certainly
hoch,high
alter,Age
sagst,say
schau,show
ah,Ah
land,country
zimmer,room
wagen,dare
vier,four
gefallen,like
spaß,fun
niemals,No way
schuld,fault
getötet,killed
wollten,wanted to
verlassen,leave
zeigen,demonstrate
beste,best
ernst,serious
unserer,our
denen,to those
ort,place
bleibt,remains
würdest,would
manchmal,sometimes
glaubst,think
seite,page
lasst,leaves
zwischen,between
eben,just
während,while
spiel,game
nehme,take
ersten,first
guter,goods
chance,chance
freundin,girlfriend
krieg,war
gefällt,like
kleinen,small
erzählen,tell
anderes,other
tage,days
entschuldigen,to apologize
wichtig,important
gehst,going
allen,all
bett,bed
mrs.,mrs.
sachen,stuff
the,the
schlecht,bad
schule,school
entschuldigung,Sorry
wort,word
john,John
hättest,had
wären,would
typ,Type
schlafen,sleep
äh,um
tu,tu
euer,your
captain,captain
gesicht,face
falls,if
neuen,new
bloß,just
unten,below
teil,part
beiden,both
mensch,man
kleiner,smaller
stellen,put
oft,often
sorge,worry
gedacht,thought
tust,do
trinken,drink
einige,some
dies,this
ding,thing
unseren,our
kriegen,Obtain
blut,blood
ehrlich,honest
eltern,parents
scheint,seems
herz,heart
jack,Jack
glücklich,happy
alte,old
alt,old
bleib,permanent
wiedersehen,meet again
frei,free
wen,whom
drauf,it
möglich,possible
irgendwie,somehow
reicht,enough
fest,firmly
besten,best
waffe,weapon
kaum,barely
irgendwas,anything
klingt,sounds
platz,place
brauchst,need
rede,speech
papa,father
falsch,not correct
sondern,rather
alten,old
nummer,number
früher,earlier
jungen,boys
wohin,where
außer,except
früh,early
setzen,put
zuerst,first
wahrscheinlich,probably
dürfen,allowed to
jede,each
arsch,ass
telefon,phone
tue,do
kennst,know
willkommen,welcome
plan,plan
großen,huge
retten,rescue
hierher,here
wär,would
bring,bring
fehler,error
wollt,want
dollar,dollar
zehn,ten
allem,all
pass,passport
nächste,next
stunde,hour
hände,hands
gegeben,given
menge,quantity
langsam,slowly
bereits,already
wartet,waiting
sechs,six
lieben,love
meines,mine
büro,office
nächsten,next
gebe,give
wochen,weeks
ruf,call
schaffen,create
leider,Unfortunately
scheiß,shit
hölle,hell
trotzdem,Nevertheless
doktor,doctor
tja,tja
new,new
voll,full
film,Movie
überall,all over
hund,dog
geworden,become
direkt,directly
wolltest,wanted
tat,did
denkt,thinks
schiff,ship
neues,new
wem,whom
könig,king
danach,after that
funktioniert,works
hattest,had
lernen,learn
deswegen,therefore
wow,Wow
nennen,call
hm,Hm
feuer,Fire
laufen,to run
alleine,alone
erinnern,recall
völlig,completely
kleines,small
könnt,can
stelle,Job
kumpel,Dude
verlieren,to lose
probleme,problems
spricht,speaks
kaffee,coffee
luft,air
fand,found
i,i
entschuldige,Excuse me
ziehen,pull
verschwinden,disappear
könntest,could
seht,look
aufhören,stop
eigenen,own
richtige,right one
unserem,our
suche,search
zwar,though
groß,big
hol,hol
buch,book
krank,ill
fühle,feel
jedes,each
verstehst,understand
wert,value
arzt,doctor
froh,glad
versuche,tries
straße,Street
rufen,call
heiraten,marry
super,Super
sam,sam
lebt,lives
gutes,good
lasse,leave
onkel,uncle
total,total
gebracht,brought
party,party
erklären,to explain
spielt,plays
wahl,choice
vertrauen,trust
damals,back then
tagen,meet
leicht,light
nachdem,after this
gegangen,went
gefühl,feeling
kaufen,to buy
geschafft,made
typen,types
interessiert,Interested
möchten,want
halte,think
hält,keeps
glaub,think
irgendwo,somewhere
stück,piece
genauso,just like that
kennt,knows
genommen,took
zukunft,future
weniger,fewer
cool,cool
licht,light
getroffen,met
himmel,sky
nachricht,message
drüben,over there
passt,fit
sagten,said
kümmern,To take care of
laut,according to
vergiss,forget
angerufen,called
sitzen,sit
daß,that
erde,earth
großer,greater
schlüssel,key
rest,rest
passieren,happen
eher,rather
gefragt,asked
gefängnis,jail
opfer,Victim
körper,body
solche,such
mist,damn
mr,mr
findet,finds
schreiben,write
böse,evil
gesprochen,spoken
versuch,attempt
vorstellen,to introduce
wovon,About what
sobald,as soon as
nochmal,once again
herren,Men's
sex,sex
waffen,weapons
wohnung,flat
weh,sore
heißen,be called
krankenhaus,hospital
bringe,bring
höre,hear
millionen,millions
klasse,great
hart,hard
worden,been
sinn,sense
außerdem,Furthermore
verletzt,injured
ändern,to change
erfahren,Experienced
tragen,wear
wenigstens,at least
vorsichtig,carefully
daddy,daddy
stolz,proud
stark,strongly
fällt,falls
möchtest,want
leuten,people
besonders,especially
schöne,lovely
schicken,send
person,person
schätze,wealth
solange,as long as
länger,longer
großartig,Great
lacht,laughs
anrufen,call
stand,was standing
redest,talking about
fühlen,feel
erwartet,expected
boden,ground
boss,boss
stimme,voice
glaubt,believes
still,quiet
sicherheit,security
setz,translated
ma,ma
mund,mouth
kämpfen,fight
wisst,know
lachen,laugh
hörst,hear
zeug,stuff
lustig,funny
umbringen,kill
sollst,shalt
hasse,hate
schlimm,bad
o,O
unglaublich,incredible
wärst,'d
laden,load
führen,to lead
gestorben,died
schauen,watch
meinung,opinion
lesen,read
mörder,killer
frank,frank
ähm,um
geschehen,done
geschäft,business
idiot,idiot
verzeihung,forgiveness
fliegen,to fly
zeig,show
team,team
general,general
mike,mike
aufs,onto
york,York
vorher,previously
schluss,Enough
schneller,more quickly
liebt,loves
verdient,earned
mögen,to like
meisten,most
denk,thinking
umgebracht,killed
perfekt,Perfect
versprochen,promised
handy,mobile phone
hinten,behind
monate,months
erinnere,remember
acht,eight
arbeitet,is working
fallen,fall
rufe,call
nötig,necessary
a,a
mord,murder
heraus,out
tages,day
unmöglich,impossible
liebling,favorite
charlie,charlie
tatsächlich,indeed
folgen,consequences
bitten,ask
behalten,to keep
nähe,neighborhood
arbeite,working
joe,joe
verdammte,damned
plötzlich,suddenly
lebens,life
hole,get
tisch,table
michael,Michael
hörte,heard
jemals,ever
liegen,lie
verkaufen,to sell
gefährlich,dangerous
anfangen,to begin
bekommt,gets
machte,made
ha,Ha
hotel,hotel
hilft,help
werdet,will
meister,master
kampf,struggle
antwort,answer
konnten,could
geschickt,cleverly
jedem,each
obwohl,even though
sieben,seven
komisch,funny
gewinnen,win
ihres,their
bezahlt,paid
you,you
voller,full of
unterwegs,on road
dumm,stupid
ärger,trouble
bild,picture
george,George
neu,New
bezahlen,pay
dagegen,on the other hand
seien,are
starb,died
tom,tom
monaten,months
leiche,corpse
niemanden,anyone
auge,eye
arschloch,asshole
verheiratet,married
peter,Peter
zieh,pulling
nimmt,takes
gerettet,saved
agent,agent
traum,dream
entscheidung,decision
schlimmer,worse
regeln,regulate
fenster,window
fangen,to catch
fort,on
ständig,constantly
findest,find
gefahr,danger
absolut,absolutely
mary,mary
augenblick,moment
bescheid,decision
rum,rum
gedanken,thoughts
werd,expectant
ziel,target
benutzt,used
bewegung,Move
jemandem,somebody
wünschte,wish
worte,worte
kamen,came
welcher,which one
zahlen,numbers
anfang,Beginning
legen,lay
erinnerst,remember
anwalt,lawyer
fahr,driving
sitzt,seated
hilf,help
offen,open
schönen,beautiful
monsieur,monsieur
müsste,should
arme,poor
bier,beer
fürs,for
partner,partner
klein,small
david,David
klappe,flap
süß,sweet
herum,around
finger,finger
ehe,marriage
rolle,role
ließ,was
gleiche,same
monat,month
hochzeit,wedding
max,Max
führt,leads
paris,Paris
wach,awake
wozu,what for
arm,poor
geschrieben,written
chef,boss
benutzen,to use
informationen,information
erledigt,done
hoffentlich,hopefully
müsst,need
fühlt,feels
tanzen,to dance
ansehen,look at
darfst,allowed to
zuhause,At home
wunderbar,wonderful
hältst,hold
reise,travel
gewonnen,won
dame,lady
irgendwann,Sometime
chffffff,chffffff
alex,Alex
steckt,plugged
jedenfalls,in any case
schreit,screams
tolle,amazing
rüber,over
tschüss,bye
nennt,is called
raum,room
heiß,hot
foto,photo
kalt,cold
paul,paul
irgendetwas,anything
weile,while
bisher,so far
minute,minute
unbedingt,necessarily
zug,train
sekunden,seconds
wofür,for what
erzähl,tell
nen,nen
beweise,proofs
nahm,took
aller,all
freut,pleased
seele,soul
schießen,shoot
müde,tired
dauert,lasts
magst,like
harry,harry
brief,letter
gelernt,learned
sucht,investigated
bekannt,known
weitere,Further
unfall,accident
dahin,then
kontrolle,control
beispiel,example
lady,lady
dasselbe,the same thing
herzen,heart
schlagen,beat
wütend,angry
weise,wise
damen,Ladies
darin,in this
gottes,god
holt,get
fehlt,is missing
vorsicht,Attention
heiße,name is
beweisen,to prove
gehabt,had
zumindest,at least
vermisst,missing
hübsch,pretty
kriegt,gets
verbindung,connection
tief,deep
richtung,direction
lage,location
sowieso,anyway
kraft,force
normal,normal
lauf,run
ehre,honor
stell,Vice
geschenk,gift
bar,bar
tasche,bag
gelesen,read
gekauft,Bought
wussten,knew
gestohlen,stolen
hunger,hunger
leg,leg
lügen,lying
beziehung,relationship
ben,ben
verschwunden,disappeared
steh,stand
nächstes,next
gearbeitet,worked
preis,price
witz,joke
meinte,said
liste,list
geist,ghost
neben,Next
gesucht,searched
firma,company
süße,sweet
rücken,move
schrecklich,dreadful
letzter,last
verliebt,in love
öffnen,to open
redet,talks
boot,boat
seltsam,strange
versteckt,hidden
fürchte,fear
verschwinde,disappear
erwischt,Caught
verkauft,sold
tante,aunt
erwarten,expect
pferd,horse
wunder,wonder
sauer,angry
vermutlich,presumably
näher,closer
major,major
jung,young
majestät,majesty
aussehen,appearance
ans,ans
de,de
and,and
links,Left
großes,great
welches,which
beschützen,to protect
geboren,born
erreichen,to reach
punkt,Point
kindern,children
kirche,church
verraten,betray
selber,himself
befehl,command
colonel,colonel
fährt,moves
zieht,attracts
geburtstag,birthday
haut,skin
wette,bet
reich,rich
sekunde,second
fahre,ride
schwöre,swear
geredet,spake
james,james
madame,madame
eigene,own
zeiten,times
traurig,Sad
anruf,Call
nachrichten,news
frieden,peace
karte,map
güte,quality
euren,your
diesmal,this time
schade,a pity
persönlich,personally
kriege,wars
stirbt,dies
bleibe,stay
verändert,changed
sonne,Sun
lieb,dear
nämlich,namely
letztes,last
bekam,got
ruft,calls
professor,professor
gericht,dish
nase,nose
ewig,forever
singen,to sing
bank,Bank
beschäftigt,employed
computer,computer
yeah,yeah
toten,kill
weihnachten,Christmas
offensichtlich,obviously
naja,well
henry,henry
gefühle,emotions
fuß,foot
show,show
überraschung,surprise
geheimnis,secret
fbi,fbi
kontakt,Contact
gold,gold
drogen,drugs
regierung,government
wein,Wine
kriegst,get
ermordet,murdered
fotos,photos
entfernt,away
geschlafen,slept
manche,some
erledigen,take care of
ran,ran
gegenüber,across from
schlaf,sleep
lust,lust
wunderschön,beautiful
witzig,funny
nick,nick
zerstört,destroyed
übrigens,by the way
willen,sake
heim,home
richtigen,right
deines,yours
namens,called
zeigt,shows
geliebt,loved
gehören,belong
brachte,brought
herrn,Mr
blick,view
besuch,visit
schlechte,bad
bewegen,move
haare,hair
antworten,reply
präsident,president
sagtest,told
hoffnung,hope
stecken,stick
lebe,live
rechts,right
interessant,Interesting
entscheiden,decide
miteinander,together
meint,means
liebst,love
indem,by doing
bleibst,stay
kümmere,take care
wohnen,live
weder,neither
möglichkeit,possibility
kaputt,broken
bekomme,get
flugzeug,plane
vergangenheit,past
anderer,another
zweite,second
armee,army
jim,jim
tee,tea
entweder,either
weiss,White
don,Don
detective,detective
aufhalten,stop
stellt,provides
verspreche,promise
überrascht,surprised
sauber,clean
hau,hau
mark,mark
schlag,blow
sheriff,sheriff
untertitel,subtitle
setzt,puts
frag,question
vaters,father
nervös,nervous
gesellschaft,society
verstecken,hide
schuldig,guilty
hals,neck
schützen,protect
besuchen,visit
of,of
passen,fit
überleben,to survive
erhalten,receive
teilen,divide
gebäude,building
schicksal,fate
zeichen,character
richter,judge
besorgt,concerned
küche,kitchen
lief,ran
vergnügen,pleasure
wüsste,know
volk,people
lhr,LHR
herausfinden,find out
königin,queen
soldaten,soldiers
feiern,to celebrate
situation,situation
lag,was
gelassen,calmly
allerdings,Indeed
soweit,so far
gefahren,hazards
verstand,understanding
bord,shelf
schönes,beautiful
jimmy,Jimmy
billy,billy
angefangen,started
lee,lee
fühlst,feel
bob,bob
mussten,had
rat,advice
worauf,whereupon
gebeten,asked
tony,tony
kamera,camera
achtung,Danger
lieutenant,lieutenant
ganzes,whole
schuhe,Shoes
sarah,sarah
glückwunsch,congratulation
niemandem,no one
gibst,give
statt,instead of
übernehmen,take over
gegend,area
wald,Forest
al,al
la,la
nimmst,take
danny,danny
erkennen,detect
glas,Glass
falsche,false
verantwortlich,responsible
jesus,Jesus
stöhnt,moans
herein,in
kleid,dress
zerstören,to destroy
jawohl,Yes
london,London
gegessen,eaten
abendessen,dinner
gesetz,law
gemeinsam,together
geholfen,helped
erster,first
wohnt,lives
schritt,step
guck,peep
nahe,Near
aussieht,looks
beginnen,start
dachten,thought
band,tape
ungefähr,approximately
aufgabe,task
neun,nine
furchtbar,awful
drinnen,indoors
zuvor,before
charles,charles
freue,look
amerika,America
übrig,left
spur,track
falschen,false
sergeant,sergeant
melden,Report
helfe,help
werfen,throw
bill,bill
haltet,think
erinnert,remind
hängt,hangs
freude,joy
ehemann,husband
erschossen,shot
verzeihen,forgive
schwein,pig
uh,uh
monster,monster
entschieden,decided
mission,mission
verdammten,damned
brauch,custom
gewusst,know
vorne,ahead
stopp,stop
übel,evil
schlampe,slut
schöner,more beautiful
adresse,address
unsinn,nonsense
messer,knife
gesund,healthy
respekt,respect
pro,Per
leisten,Afford
davor,before
richard,Richard
bedeuten,mean
ball,ball
mitnehmen,take
gespielt,played
to,to
schwierigkeiten,difficulties
hälfte,half
kannte,knew
stehe,am
maria,Maria
planeten,planet
schwanger,pregnant
gruppe,group
anna,Ann
verhaftet,arrested
deal,deal
seines,his
irgendwelche,any
händen,hands
versteht,understood
drehen,rotate
eis,ice
danken,to thank
erfolg,success
zufrieden,satisfied
schließen,shut down
besorgen,to get
wochenende,weekend
worüber,about what
stimmen,be right
nehmt,take
martin,martin
m,m
witze,joking
beine,legs
verbrechen,crime
bericht,report
nachts,at night
eurer,yours
prinzessin,princess
schmerz,pain
klingelt,rings
position,position
echte,real
gleichen,equal
fernsehen,watch TV
wünsche,Wishes
schließlich,after all
gefangen,captured
schätzchen,baby
seh,seh
schwierig,difficult
angebot,offer
nah,close
jane,jane
gewartet,waited
kümmert,takes care
ring,ring
rennen,run
lied,song
eier,eggs
welchen,which
sorry,sorry
fantastisch,fantastic
schaut,looks
hielt,held
falle,cases
drink,drink
insel,island
dauern,last
daher,therefore
zufällig,coincidentally
dorf,Village
clark,clark
bewegt,emotional
mitten,in the middle
bullen,cops
feind,enemy
einverstanden,I Agree
neuer,new
bauen,to build
trägt,wearing
hängen,hang
freunden,friends
deren,their
halb,half
verpasst,lost
sprach,spoke
leise,quiet
armen,poor
wusstest,knew
fanden,found
unternehmen,Companies
träume,dreams
schläft,is sleeping
kostet,costs
spiele,games
unseres,our
entlang,along
johnny,johnny
versprechen,promise
tiere,animals
freiheit,freedom
verdienen,to earn
aha,Aha
unterhalten,to chat
eingeladen,invited
schaden,damage
genannt,called
beenden,break up
ray,ray
geändert,changed
thomas,Thomas
lächerlich,ridiculous
geschlagen,beaten
park,park
schätzen,estimate
männern,men
t,t
beginnt,starts
ehren,to honor
größte,greatest
energie,energy
fleisch,flesh
besonderes,special
besteht,consists
reichen,pass
robert,Robert
zeitung,newspaper
worum,about what
nachgedacht,thought
betrunken,drunk
sowas,like this
patienten,patient
gespräch,conversation
leiden,Suffer
taxi,taxi
tötet,killing
see,lake
unterschied,difference
wind,wind
singt,sings
schreien,scream
daniel,Daniel
sahen,saw
wand,wall
bus,bus
lhre,Their
angriff,attack
verhalten,behavior
loch,hole
interesse,interest
treten,to step
quatsch,nonsense
trifft,meets
polizist,police officer
blumen,flowers
neuigkeiten,news
bringst,bring
flasche,bottle
rief,cried
schuss,shot
fassen,take
meer,sea
konntest,could
schafft,creates
maschine,machine
spreche,speak
bein,leg
eddie,eddie
bekommst,get
verbringen,spend
bücher,Books
blöd,stupid
frühstück,breakfast
tommy,tommy
meter,meter
bilder,pictures
aufpassen,watch out
claire,claire
dessen,whose
muß,got to
freuen,looking forward
engel,Angel
offenbar,apparently
gelegenheit,opportunity
fang,fishing
lüge,lie
ohren,ears
au,au
angetan,done
beeil,hurry
brechen,break
brüder,brothers
zeitpunkt,time
keinem,any
ecke,corner
brücke,bridge
druck,pressure
mitgebracht,brought
seufzt,sighs
date,date
haufen,heap
oma,granny
auftrag,assignment
leer,empty
entkommen,escape
bobby,Bobby
weißen,white
lösung,solution
wart,serviceable
pause,Break
irre,crazy
gestellt,posed
keller,"basement, cellar"
gebrochen,Broken
weinen,cry
nutzen,use
wünschen,to wish
fragt,asks
maul,mouth
verantwortung,responsibility
schloss,lock
hut,cap
lächeln,smile
ryan,ryan
red,red
grad,Degree
zweiten,second
hinaus,out
mitkommen,come along
vorhin,earlier
fahrt,journey
gemeint,meant
ernsthaft,seriously
gebaut,built
bombe,bomb
hasst,hates
versteh,understand
kosten,costs
zeige,show
traf,hit
eigenes,own
haar,hair
fragte,asked
jason,jason
operation,surgery
befehle,commands
schmerzen,pain
erklärt,explained
steve,steve
dach,"top, roof"
folge,episode
gelaufen,ran
schwarze,black
dankbar,grateful
gehirn,brain
töte,kill
mädels,girls
mut,courage
heilige,saint
laura,laura
tier,animal
system,system
mannes,man
wahnsinn,madness
nee,nope
rose,rose
club,club
geschlossen,closed
hintern,butt
is,is
thema,theme
fiel,fell
gehalten,held
dorthin,there
urlaub,vacation
steig,sidewalk
vorwärts,forward
überprüfen,check
besseres,better
beweis,proof
baum,tree
gebt,give
funktionieren,function
anscheinend,apparently
lehrer,teacher
hoffen,to hope
bessere,better
isst,eats
nachmittag,afternoon
nem,nEM
risiko,risk
chuck,chuck
knast,slammer
entschuldigt,apologizes
gilt,applies
held,hero
daraus,from that
erstes,first
fräulein,young lady
rachel,rachel
prima,fine
brauchte,needed
gewalt,violence
dean,dean
liebes,dear
schaffst,manage
nachdenken,think
tor,goal
erfahrung,Experience
pläne,plans
jagen,to hunt
katze,cat
runde,round
deutsche,German
schwanz,tail
taten,doings
lord,lord
dringend,urgent
commander,commander
großvater,grandfather
sommer,summer
gezeigt,shown
hinterlassen,leave
gewissen,conscience
getrunken,drunk
wahre,real
luke,hatch
kunden,Customers
kate,cottage
zeugen,testify
geplant,planned
amanda,amanda
erreicht,reached
stören,to disturb
stein,stone
atmen,to breathe
hose,trousers
weiße,white
sprichst,speak
größer,greater
schickt,sends
city,City
prinz,prince
behandelt,treated
tote,dead
überlegen,consider
karten,cards
it,it
d,d
restaurant,restaurant
welchem,wherein
roger,roger
natur,nature
carter,carter
emily,Emily
mami,mommy
verschwindet,disappears
lautet,reads
streit,dispute
küssen,kiss
sprich,speak
längst,a long time ago
fängt,catches
drüber,about it
gingen,went
erlaubt,allowed
einzigen,single
bad,bath
schmeckt,tastes
kugel,Bullet
normalerweise,usually
schwarzen,black
rauf,up
flug,flight
beruhigen,soothe
walter,walter
halbe,half
dan,Dan
geschieht,happens
einiges,some
entdeckt,discovered
morgens,In the morning
schlechter,worse
vollkommen,completely
gelogen,lied
verfolgt,tracked
college,college
weiteren,more
chris,chris
louis,louis
eh,eh
schwert,sword
hunde,dogs
steigen,climb
verdammter,fucking
dürfte,might
riecht,smells
labor,laboratory
bat,asked
tim,Tim
arthur,arthur
mindestens,at least
fisch,fish
eurem,your
füße,feet
stehst,standing
erschießen,shoot dead
kuchen,cake
versuchte,tried
zustand,Status
wunsch,wish
gäste,Guests
erwähnt,mentioned
farbe,colour
van,van
einigen,some
zufall,coincidence
garten,garden
junger,younger
autos,cars
abgesehen,apart
fair,fair
vertraut,familiar
koffer,suitcase
hieß,was called
kurs,course
wirkt,acts
idioten,idiot
netter,nice
seitdem,since
angegriffen,attacked
geschichten,stories
wahnsinnig,insane
ähnlich,similar
lily,lily
aufgeben,to give up
england,England
entführt,kidnapped
ms.,ms.
mistkerl,dirty swine
solchen,such a
ner,ner
geschossen,shot
lager,warehouse
besprechen,discuss
reihe,line
polizisten,police officers
vogel,bird
legt,puts
strand,Beach
amerikaner,American
schwarz,black
fern,remote
fick,fuck
scherz,hoax
san,san
erzählte,told
wichser,wanker
jake,jake
langweilig,boring
womit,by which
geschäfte,shops
my,my
kapiert,Got it
nachher,later
verlangt,requires
schlägt,beats
überzeugt,convinced
irgendjemand,anyone
rot,red
soldat,soldier
vorbereitet,prepared
geschah,happened
reisen,to travel
termin,meeting
gang,gear
stehlen,steal
rechte,right
rache,revenge
bemerkt,noticed
frankreich,France
stört,disturbs
radio,radio
beruhige,calm down
pferde,horses
vertrag,contract
arbeitest,work
dienst,service
zählt,counts
fragst,ask
wesen,being
bürgermeister,mayor
emma,emma
fluss,flow
woran,by which
geblieben,remained
durcheinander,confused
me,me
ted,ted
nette,nice
test,test
mister,mister
dadurch,thereby
direktor,director
wichtiger,more important
kevin,Kevin
scott,scott
karriere,Career
akte,file
erinnerung,memory
großmutter,grandmother
erzähle,tell
lösen,to solve
bravo,Bravo
griff,Handle
verfolgen,follow
zweifel,doubt
such,search
sprache,language
nerven,annoy
officer,officer
andy,andy
langer,longer
ziehe,pull
entlassen,dismiss
zweimal,twice
abholen,pick up
washington,Washington
kollegen,colleagues
doc,doc
fass,barrel
szene,scene
robin,robin
scheinen,seem to be
bösen,bad
schaffe,create
pflicht,mandatory
wache,guard
neulich,recently
beeilen,hurry
knie,knee
alice,alice
lauter,volume up
spannende,exciting
unschuldig,innocent
folgt,follows
schutz,protection
weshalb,why
geheiratet,got married
woanders,somewhere else
wurdest,wast
kuss,kiss
verhindern,prevent
erklärung,Explanation
video,Video
rom,Rome
klug,Smart
kräfte,personnel
verlangen,desire
außerhalb,outside
opa,Grandpa
selbstverständlich,Of course
aufstehen,stand up
hassen,to hate
pete,pete
gebrauchen,use
geglaubt,believed
milch,milk
trink,drinking
gefeuert,fired
erinnerungen,memories
müssten,would
suchst,looking
fährst,are going
kochen,Cook
schwach,weak
schreibt,writes
schulden,owe
hinein,in
simon,Simon
grenze,border
braut,bride
gebraucht,second hand
peinlich,embarrassing
klappt,folds
geheimnisse,secrets
joey,joey
aufmerksamkeit,attention
form,shape
umsonst,for free
kennenzulernen,know
überlebt,survived
nirgendwo,nowhere
meilen,miles
einfacher,easier
blöde,stupid
mond,moon
ergibt,results
daten,Data
merken,notice
schande,shame
fuck,fuck
fühlte,felt
jenny,jenny
sieg,victory
satt,Fed up
blödsinn,nonsense
adam,Adam
lisa,lisa
pfund,lb
handeln,act
lois,lois
enden,end up
warm,warm
raten,guess
übersetzung,translation
kunst,art
kapitän,captain
desto,more
einsatz,commitment
schweigen,remain silent
krankheit,illness
toller,great
schatten,shadow
wachen,watch
tatsache,fact
eric,eric
stock,floor
chief,chief
hingehen,go forth
verboten,forbidden
gäbe,would
anzug,suit
leichen,corpses
high,high
beendet,completed
freitag,Friday
million,million
verflucht,cursed
dunkel,dark
geb,give
enttäuscht,disappointed
klopfen,beat
spuren,traces
dreck,dirt
seiten,pages
mühe,effort
gezogen,drawn
brian,brian
kontrollieren,check
knochen,bone
schick,fancy
getrennt,Cut
programm,program
grab,dig
ebenso,as well
trage,sluggish
nachbarn,neighbours
bieten,Offer
bestes,best
elizabeth,elizabeth
fuhr,drove
verlässt,leaves
freundlich,friendly
dennoch,yet
rauchen,smoke
dick,thick
stuhl,chair
dreh,twist
bester,best
schicke,chic
vergeben,forgive
ausgehen,go out
behandeln,to treat
trotz,in spite of
gast,guest
ändert,change
passierte,happened
toilette,Toilet
annehmen,accept
herzlichen,warm
hexe,witch
erwachsen,grown up
jerry,jerry
pistole,pistol
saß,sat
dreht,rotates
aussage,statement
liebte,loved
street,street
genießen,enjoy
eifersüchtig,jealous
derjenige,the one
teuer,expensive
leo,leo
zähne,teeth
beobachtet,observed
gentlemen,gentlemen
wählen,choose
helft,help
fliegt,flies
theater,theatre
regen,rain
feinde,enemies
william,william
erlauben,allow
zulassen,allow
schnappen,grab
komplett,complete
panik,panic
flughafen,Airport
bewusst,deliberately
deutschen,German
voraus,ahead
sterbe,die
solltet,should
begleiten,accompany
einander,each other
fred,fred
erlebt,experienced
weiterhin,Farther
stärker,stronger
fahrer,driver
konzentrieren,focus
streiten,fight
angeht,As for
selben,the same
star,star
überzeugen,convince
alkohol,alcohol
übersetzt,translated
verrückte,crazy
lch,l
king,king
begann,started
angenommen,accepted
weitermachen,keep going
echter,real
jackson,Jackson
post,post Office
mitgenommen,took
botschaft,Embassy
ideen,ideas
fehlen,absence
aufgeregt,excited
selbstmord,Suicide
dumme,silly
zurückkommen,Come back
irgendein,any
magie,magic
phil,phil
schlage,suggest
handelt,These
treffe,meet
untersuchen,investigate
flucht,flight
verliert,loses
irgendeine,any
gegenteil,opposite
betrifft,concerns
scharf,sharp
gehofft,hoped
kennengelernt,met
schlimmste,worst
projekt,Project
trottel,Fool
immerhin,after all
mehrere,several
erwarte,expect
mochte,would like to
schwimmen,swim
zählen,counting
innerhalb,within
matt,frosted
blind,blind
schwestern,sisters
code,code
alan,alan
schlau,clever
absicht,intention
barry,barry
spielst,play
zuletzt,last
oliver,oliver
art.,art.
englisch,English
ohr,ear
verletzen,hurt
song,song
schüler,student
schien,appeared
gewinnt,winning
älter,older
merkwürdig,strange
judy,judy
vermisse,miss
größe,size
tritt,occurs
trauen,trust
präsidenten,president
trick,trick
harvey,harvey
doug,doug
roten,redden
überlegt,considered
größten,biggest
sonntag,Sunday
zwölf,twelve
vorstellung,idea
schrieb,wrote
reinkommen,come in
killer,killer
unterstützung,support
antun,do to
rechnung,bill
dieselbe,the same
verändern,change
möglicherweise,possibly
definitiv,definitely
locker,relaxed
ed,ed
vincent,vincent
ums,killed
abends,in the evening
frisch,fresh
kohle,coal
fing,started
hure,whore
cousin,cousin
familien,Familys
einsam,lonely
lebendig,lively
heiligen,hallow
knapp,just
ebenfalls,also
überprüft,checked
artikel,items
gesetzt,set
jederzeit,at any time
kompliziert,complicated
spüren,feel
signal,signal
amy,amy
stich,Sting
kino,movie theater
probieren,try
tode,Deaths
wundervoll,wonderful
tanz,dance
geöffnet,open
kerle,guys
begraben,to bury
prozent,percent
stoppen,to stop
hoheit,highness
riesen,Giants
rote,Red
zugang,Access
liest,read
vorn,front
wichtige,important
aufmachen,open
kelly,kelly
sexy,sexy
erlaubnis,permission
grace,grace
big,big
story,story
madam,madam
leichter,lighter
halben,half
filme,movies
priester,priest
herauszufinden,out
packen,pack
dritte,third
inzwischen,meanwhile
larry,larry
presse,Press
sitze,seats
machten,made
geklaut,Stolen
helden,heroes
susan,susan
geduld,patience
bühne,stage
reparieren,repair
hä,huh
usa,United States
gerechtigkeit,justice
fälle,cases
selten,Rare
anrufe,Calls
unterschreiben,sign
julia,julia
drücken,to press
mrs,mrs
lügner,liar
endet,ends
dave,dave
medizin,medicine
schreibe,write
verhaften,to arrest
prozess,process
samstag,Saturday
amen,Amen
motor,engine
marie,marie
abhauen,clear out
chaos,chaos
schönheit,beauty
beinahe,nearly
lebst,live
tolles,great
anhalten,stop
fremden,strange
hof,court
akzeptieren,accept
norden,north
ärzte,doctors
anziehen,attract
dingen,things; matters
umgehen,bypass
bauch,belly
gesamte,all
hübsche,pretty
ertragen,bear
kiste,box
brennt,burns
teile,parts
deckung,cover
landen,land
berg,mountain
straßen,roads
aufgenommen,recorded
gerufen,called
untersuchung,examination
alarm,alarm
blieb,remained
vertraue,trust
extra,extra
entspann,relaxing
beobachten,observe
eindruck,impression
tschüs,Bye
babys,Babies
wehtun,hurt
zog,drew
iss,iss
herrgott,lord god
echten,real
springen,leap
nackt,naked
existiert,there
befreien,to free
gerät,device
montag,Monday
gezwungen,forced
perfekte,perfect
erzählst,tell
bastard,bastard
interessieren,interest
schlechten,bad
hank,hank
steigt,increases
st.,st.
on,on
carl,carl
gekriegt,got
fliehen,flee
trug,wore
freundschaft,Friendship
rate,rate
papiere,papers
abgeschlossen,completed
schnauze,snout
beruf,job
gebiet,area
jeff,jeff
jedoch,however
beten,pray
verbunden,connected
sprachen,languages
verräter,traitor
wichtigste,leading
prost,cheers
brust,chest
aufgehört,stopped
kleider,clothes
jacke,jacket
bestellt,ordered
herkommen,come here
wild,wild
nenne,call
angesehen,viewed
zuhören,to listen
trennen,separate
schlafzimmer,bedroom
vorschlag,suggestion
meins,mine
gift,poison
ton,volume
vermissen,miss
angekommen,arrived
beantworten,answer
deutlich,clear
träumen,dream
verwirrt,confused
akten,files
riskieren,take risk
b,b
victor,victor
find,place
erkannt,recognized
beerdigung,funeral
müll,rubbish
weisst,know
möge,may
stellte,presented
mitte,center
erleben,experience
geburt,birth
decke,ceiling
chffff,chffff
wege,ways
schritte,steps
gibts,there
gemeldet,reported
hilfst,help
mittagessen,Having lunch
weint,weeps
vernichten,destroy
rock,skirt
chicago,Chicago
ellen,ellen
crew,crew
roy,roy
türen,doors
gewehr,gun
elena,elena
arbeitete,worked
spiegel,mirror
hauen,hit
geraten,devices
dritten,third
ross,Horse
julie,julie
wetter,Weather
schwul,humid
regel,rule
befindet,is
einheit,unit
german,German
armer,low
gucken,look
anstatt,instead of
champagner,champagne
gründe,reasons
strafe,punishment
smith,smith
öfter,more often
anne,anne
zelle,cell
langen,long
altes,old one
ruiniert,ruined
jonathan,jonathan
kleidung,dress
gras,grass
kenn,mark
agenten,agents
herausgefunden,found out
annie,annie
rechten,right
brot,loaf
berlin,Berlin
erfreut,pleased
lügt,lying
nehm,taking
harte,hardness
staaten,states
station,station
gaben,gifts
hinterher,after
verpassen,miss
geholt,brought
jesse,jesse
hemd,shirt
trinke,drink
klären,clarify
praktisch,practically
theorie,theory
zunge,tongue
notfall,emergency
besseren,better
winter,winter
c,c
versuchst,try
dahinter,behind it
schwere,serious
feuern,to fire
lucy,lucy
schießt,shoots
anführer,leader
schief,crooked
blau,blue
bestens,very well
wartest,waiting
gehts,you go
morgan,morgan
unrecht,wrong
leck,leak
wonach,which
entwickelt,developed
bedeutung,importance
strom,electricity
krebs,cancer
gemein,common
wessen,whose
minister,minister
lhnen,wages sent
quelle,source
zahl,number
schiffe,Ships
schüsse,shots
bricht,breaks
talent,talent
spitze,top
fernseher,TV
treiben,float
ausgezeichnet,excellent
tatort,crime scene
möglichkeiten,opportunities
trinkt,drinking
esse,eat
cop,cop
details,details
täter,offender
wahren,uphold
dieb,Thief
offiziell,officially
dienen,serve
westen,west
entscheidungen,decisions
dauernd,constantly
geschmack,taste
gegenseitig,each other
gewählt,chosen
charlotte,charlotte
pech,bad luck
verteidigen,defend
schauspieler,actor
personen,people
überlassen,leave
publikum,audience
trägst,wear
wechseln,switch
begegnet,met
betrogen,cheated
besucht,visited
vertrau,trust
europa,Europe
carrie,carrie
patrick,patrick
deutschland,Germany
süßer,cutie pie
loswerden,Get rid of
melde,register
maggie,maggie
bestätigt,approved
gas,gas
sturm,Storm
setze,put
briefe,letters
null,zero
penny,penny
schlafe,sleep
wirken,Act
geführt,guided
starten,start
götter,gods
festhalten,hold tight
geheim,secret
übergeben,to hand over
cia,cia
abteilung,Department
papier,paper
wetten,bet
gefolgt,followed
verschiedene,various
gleichzeitig,simultaneously
genie,genius
hungrig,hungry
inspektor,inspector
zwingen,to force
atmet,breathes
kuh,cow
unterstützen,support
geworfen,thrown
verlor,lost
süden,south
pater,father
menschheit,mankind
versteck,hideout
tötete,killed
fähigkeiten,Skills
beruhigt,calmed down
rechtzeitig,in time
streng,strict
sendung,broadcast
gelebt,lived
treppe,stairway
kim,kim
richtiger,real
aufnehmen,take up
wolf,wolf
pa,pa
öffnet,opens
dämon,demon
wut,fury
schlange,Snake
medikamente,drug
geschenkt,given
nenn,call
gelegt,placed
anfassen,touch
pizza,Pizza
schlechtes,bad
hütte,hut
mantel,coat
behauptet,claims
kilometer,kilometre
beeilung,Hurry up
angeblich,allegedly
reiten,horse riding
helen,helen
mittag,noon
gewarnt,warned
wohne,live
las,read
dunkelheit,Darkness
spazieren,to stroll
angel,fishing rod
hiermit,herewith
schließt,includes
phoebe,phoebe
vieles,much
erfüllt,Fulfills
tausend,thousand
sack,bag
eindeutig,clearly
unterhaltung,entertainment
gründen,establish
km,km
zugeben,admit
mittel,medium
explosion,explosion
gefangenen,caught
taylor,taylor
frische,fresh
verdächtigen,suspect
neugierig,curious
leitung,management
kennenlernen,to get to know
fliege,Fly
lebte,lived
menschliche,human
anderem,others
auseinander,apart
fressen,eat
beides,both
ficken,fuck
stoff,material
spüre,feel
eilig,hurried
stammt,dates
vorgestellt,presented
linda,linda
welch,what
wichtiges,important
no,no
gehörte,belonged
mhm,mhm
glaubte,thought
oberst,colonel
schrank,cabinet
fremde,foreign
gnade,grace
chloe,chloe
yo,yo
entspannen,relax
virus,virus
schläfst,sleep
einladung,invitation
krieger,warrior
vernünftig,reasonable
fein,fine
greifen,to grab
whoa,whoa
kyle,kyle
schickte,sent
per,by
mitglied,member
einziger,only
umzubringen,kill
zurückkehren,to return
feld,field
mexiko,Mexico
erschaffen,create
information,information
hergekommen,came here
beweg,Move
stärke,Strength
vermögen,capital
verbracht,spent
gewisse,certain
waschen,to wash
howard,howard
staat,Country
geister,ghosts
behaupten,claim
schrei,Scream
würdet,would
vögel,birds
warnen,to warn
albert,albert
chancen,opportunities
treibt,drives
nannte,named
vermute,suspect
mitternacht,midnight
jones,Jones
freundinnen,girlfriends
lecker,delicious
klinik,clinic
dicht,close
befinden,are located
ließen,could
bürger,citizens
verursacht,caused
hammer,hammer
klang,sound
internet,Internet
aufregend,exciting
grenzen,border
politik,politics
superman,superman
zurecht,deal
besitz,possession
cops,cops
eingesperrt,locked up
irren,be wrong
kommando,command
schlug,beat
krankenwagen,ambulance
love,love
öffne,open
karen,karen
richten,judge
mademoiselle,mademoiselle
erfunden,invented
schnee,snow
fühl,feeling
behalte,keep
beschützt,protected
punkte,Points
entfernen,remove
abgehauen,escape
geträumt,dreamed
stefan,Stefan
dämonen,demons
tränen,tears
erfolgreich,successful
volle,full
wilson,Wilson
caroline,caroline
höher,higher
happy,happy
brille,glasses
musstest,had to
heimat,homeland
terry,terry
liebsten,favorite
bye,bye
leiter,ladder
sean,sean
kauf,purchase
spinnst,crazy
werk,plant
cent,cent
schlacht,battle
beziehungen,Relationships
abgemacht,settled
schreie,cry
hmm,hmm
bestätigen,to confirm
erschreckt,frightened
offizier,officer
that,did
sara,sara
affäre,affair
empfangen,receive
zweck,purpose
kämpfe,fight
ergeben,yield
china,China
fange,start
häuser,Houses
verliere,losing
gedanke,thought
tausende,thousands
heutzutage,these days
gefühlt,felt
schnitt,cut
carlos,carlos
harold,harold
lebend,live
real,real
holz,Wood
kaiser,Emperor
spielte,played
begonnen,began
ziehst,pull
gelandet,landed
scheidung,divorce
bart,beard
beschlossen,decided
klo,loo
riechen,smell
vergisst,forgets
begeistert,excited
ei,egg
durchs,through
geil,hot
nieder,low
erkläre,declare
schreckliche,terrible
beeindruckt,impressed
vince,vince
aufgegeben,given up
aufgrund,by virtue of
momentan,currently
solch,such
meistens,mostly
stress,stress
sterne,Stars
heilen,heal
soviel,so much
kannten,knew
stattdessen,instead
aye,aye
dinger,dinger
stimmung,Mood
bulle,bull
aufgefallen,noticed
kämpft,fight
geräusch,noise
künstler,Artists
wachsen,to grow
verurteilt,sentenced
himmels,heaven
tyler,tyler
urteil,judgment
schweine,pigs
nettes,nice
house,house
verlust,loss
verließ,left
wirf,throw
wenige,few
willie,willie
schulter,shoulder
kalifornien,California
lernt,learns
beigebracht,taught
normale,normal
anbieten,to offer
verwenden,use
gratuliere,congratulations
fluch,curse
rick,rick
übers,over
grün,green
unterricht,classes
dachtest,thought
verarschen,muck around
gewöhnt,used
anklage,accusation
tollen,great
lippen,lips
fett,fat
lege,lege
feigling,coward
achten,"respect, think highly of"
gary,gary
erfährt,learns
gewohnt,used
jessica,jessica
äußerst,extremely
einladen,invite
käse,cheese
aufwachen,wake up
verfügung,disposal
uniform,uniform
zusehen,watch
board.tvuser.de,board.tvuser.de
gesundheit,health
abenteuer,adventure
hosen,pants
kurze,short
scheck,check
täglich,Every day
fresse,mug
übernehme,take over
wiederholen,to repeat
bestellen,to order
freiwillig,voluntary
cole,cole
universum,universe
zeuge,witness
west,west
marshall,marshall
fähig,able to
revier,territory
reifen,tires
mum,mum
führe,lead
durchgemacht,undergone
tests,Testing
führte,led
schenken,give
schädel,skull
realität,reality
april,April
albern,silly
brav,well-behaved
schwerer,severe
jagd,hunt
versagt,failed
truck,truck
steckst,'re stuck
geschenke,gifts
sicherlich,definitely
öffentlichkeit,Publicity
merkt,noted
verbrecher,criminal
maske,mask
verstärkung,reinforcement
liefern,deliver
jo,jo
starke,Strength
grunde,reasons
gordon,gordon
würd,would
verschwand,disappeared
schulde,owe
russen,russians
führer,leader
gemerkt,noticed
ciao,ciao
loslassen,let go
berichten,to report
verabschieden,saying goodbye
antrag,application
schieß,shooting
abby,abby
benehmen,behavior
verdacht,suspicion
hübsches,pretty
schreibtisch,writing desk
e,e
vampir,vampire
rory,rory
probe,sample
schaff,creating
verzeih,forgive
patient,patient
geküsst,kissing
ertönt,sounds
nahmen,took
zahlt,pays
vorbereiten,to prepare
verbrannt,burnt
verdammtes,fucking
frankie,frankie
informiert,informed
einziges,single
zucker,sugar
stinkt,smells bad
schnappt,snaps
schreib,write
standen,stood
klamotten,clothes
heil,Salvation
besitzer,owner
marcus,marcus
tess,tess
drum,drum
tasse,Cup
hinweis,Note
verteidigung,defense
lügst,lying
lies,read
magen,stomach
enterprise,enterprise
michelle,michelle
beeilt,hastens
tunnel,tunnel
einst,once
behandlung,treatment
serie,series
applaus,applause
markt,market
korrekt,correctly
besessen,obsessed
bewahren,save
nr.,No.
pack,pack
gekämpft,fought
black,black
angreifen,attack
tiefer,lower
huh,huh
truppen,troops
kommandant,commander
osten,east
elf,eleven
beeindruckend,impressive
besitzt,has
ho,ho
heut,today
clever,clever
verrückten,crazy
freien,free
hass,hate
antworte,answer
posten,Post
schneiden,to cut
sammeln,collect
gesteckt,plugged
wissenschaft,science
ursache,reason
gewiss,certainly
bereich,Area
catherine,catherine
meinetwegen,because of me
l.a.,L.A.
senator,senator
ausziehen,take off
verzweifelt,desperate
jess,jess
anteil,proportion of
stets,always
ritter,Knight
viertel,quarter
roman,novel
pünktlich,in time
erfüllen,fulfill
kauft,buys
molly,molly
basis,Base
eva,eva
schock,shock
empfang,reception
wiederhole,repeat
wünscht,wishes
besondere,special
titel,title
stil,style
fingerabdrücke,fingerprints
einfluss,influence
anweisungen,instructions
zahle,pay
shield,shield
opfern,sacrifice
blaue,blueness
sparen,save up
weiteres,additional
gehörst,belong
farm,farm
erstaunlich,amazing
schwachsinn,idiocy
miete,rental fee
verwandelt,transformed
daneben,Besides
klaus,Klaus
bereiten,prepare
wüste,desert
prüfen,check
gabe,gift
hundert,hundred
erscheinen,appear
laß,let
besiegen,defeat
verpiss,verpiss
umständen,circumstances
angelegenheit,matter
landes,country
dienstag,Tuesday
folgendes,following
fürchten,to fear
mordes,murder
nennst,call
angestellt,employed
training,training
aufgetaucht,popped up
rausfinden,find out
ächzt,groans
rauskommen,come out
planet,planet
suppe,Soup
erwischen,catch
sitz,Seat
johnson,johnson
vorteil,advantage
for,for
rosa,pink
tour,trip
amerikanische,American
schönste,most beautiful
rufst,call
berührt,touched
französisch,French
gouverneur,governor
angeles,angeles
kaufe,buy
stern,star
gedächtnis,memory
wirklichkeit,reality
bestraft,fined
kreis,circle
reine,pure
edward,edward
schlimmes,bad
bestehen,consist
jeannie,jeannie
erscheint,appear
staatsanwalt,prosecuting attorney
ewigkeit,eternity
störung,disorder
hässlich,ugly
lauft,running
angezogen,attracted
señor,señor
half,helped
sollt,shall
martha,martha
tiger,tiger
zigarette,Cigarette
mutig,brave
ausruhen,take a rest
andrew,andrew
linken,left
hauptmann,captain
umstände,circumstances
not,distress
unglück,bad luck
eng,closely
white,white
lucas,lucas
üben,to practice
wissenschaftler,scientist
gelöst,solved
reaktion,reaction
morde,murders
dusche,shower
mitarbeiter,Employee
your,your
bedroht,threatened
gehöre,belong
befreit,exempt
stöhnen,moan
reagiert,responds
identität,identity
rund,round
texas,Texas
fieber,fever
hirn,brain
leiten,conduct
donnerstag,Thursday
leonard,leonard
unheimlich,creepy
mulder,mulder
jahrhundert,century
irgend,any
diener,servant
bruce,bruce
extrem,extreme
ausweis,ID card
sicht,view
sport,Sports
juden,Jewry
studiert,educated
angelogen,lied to
schaue,look
little,little
sally,sally
text,text
earl,earl
nebenan,next door
todd,todd
lektion,lesson
mäuse,mice
staub,dust
sophie,sophie
kugeln,roll
dutzend,dozen
ratte,rat
mitleid,pity
testen,testing
auftritt,occurs
gegner,opponent
joseph,joseph
verdienst,earnings
langsamer,slower
wunde,wound
linie,line
bedrohung,threat
bauer,Farmer
kurzem,recently
fische,fish
einkaufen,shopping
kreuz,cross
afrika,Africa
begangen,committed
el,el
nachsehen,check
junior,junior
bäume,trees
leidenschaft,Passion
geliebte,Lover
bereuen,to regret
spieler,player
berge,mountains
verwendet,used
steuern,Taxes
gekümmert,care
voran,Ahead
wieviel,how much
barney,Barney
graf,earl
verabredung,meeting
verlasse,leave
überfallen,raid
donna,donna
umdrehen,turn around
damon,demon
kilo,kilo
diego,Diego
negativ,negative
schild,sign
tanzt,dances
verbrennen,burn
gefreut,pleased
penner,Jerk
blauen,blue
jay,jay
stücke,pieces
angela,angela
kühlschrank,fridge
identifizieren,identify
lehrerin,Teacher
francisco,francisco
kameras,cameras
zentrale,central
jäger,Hunter
josh,josh
wayne,wayne
wenden,turn
we,we
holst,holst
suchte,sought
start,begin
füßen,feet
unglücklich,unhappy
frohe,Merry
sand,sand
pfarrer,minister
plus,plus
nancy,nancy
brachten,brought
zauber,Magic
berühren,touch
rückkehr,return
hafen,port
indianer,Indian
miller,miller
verschwenden,waste
untersucht,examined
königs,King's
jean,jean
lese,reading
stahl,stole
hättet,would have
affen,monkey
worten,answer
kindheit,childhood
gewollt,wanted
op,operating room
vermeiden,avoid
fabrik,factory
aussagen,statement
wunderbare,wonderful
grandpa,grandpa
miststück,bitch
verrückter,crazy
lane,lane
jungfrau,Virgin
einfache,easy
nate,nate
laufe,run
reingelegt,tricked
seltsame,strange
heiratet,married
angenehm,enjoyable
daheim,home
planen,to plan
klauen,steal
geruch,odor
marty,marty
klingen,sound
tina,tina
nächster,Next
hörten,heard
jackie,jackie
trafen,met
ungern,reluctantly
abgelehnt,declined
erstens,first
abmachung,agreement
appetit,appetite
miami,Miami
zeigte,showed
fan,fan
hohen,high
alf,alf
ladys,ladys
sms,sms
verkauf,sale
jamie,jamie
verbergen,hide
sorgt,provides
karl,karl
sohnes,son
berühmt,famous
aussteigen,get out
bonnie,bonnie
ginge,would
reingehen,go in
durfte,could
korrektur,correction
wirft,raises
titten,breasts
betreten,to enter
todes,death
one,one
doctor,doctor
blöden,stupid
miles,miles
rausholen,rausholen
hohe,height
aufnahme,admission
by,by
holmes,holmes
hübscher,prettier
vegas,Vegas
manager,Manager
stellung,position
höhle,cave
schokolade,chocolate
angeboten,offered
befreundet,friendly
weib,woman
ausgerechnet,just
walker,walker
beibringen,teach
nelson,nelson
ex,ex
belohnung,reward
seelen,souls
steine,stones
garage,garage
scheißkerl,motherfucker
gestört,disturbed
cooper,cooper
ruhen,rest
pillen,pills
gepäck,Luggage
carol,carol
norman,norman
zoe,zoe
amerikanischen,American
telefonieren,to phone
heirate,marry
erkenne,recognize
funk,Wireless
grüß,grüß
hurensohn,son of a bitch
mögliche,possible
spring,spring
uni,University
scheinbar,seemingly
fakten,facts
informieren,inform
jugend,youth
feier,celebration
wenigen,few
söhne,sons
benzin,petrol
nix,nothing
vampire,vampire
erkennt,recognizes
sicherer,secure
zigaretten,cigarettes
dummes,silly
mauer,Wall
erneut,again
flügel,wing
schluck,sip
hierbleiben,stay here
abschluss,graduation
christus,Christ
bezahle,pay
böses,bad
dummkopf,fool
gerüchte,rumors
eingestellt,adjusted
m.,m.
weitergehen,go on
technik,technology
ali,ali
bezweifle,doubt
piper,piper
over,over
gekostet,tasted
anzeige,display
wohnst,live
hans,Hans
ergebnis,Result
bedingungen,conditions
brad,brad
aufzuhalten,stop
versprich,promise
verdiene,deserve
geschnappt,caught
francis,francis
eile,Hurry
innen,Inside
italien,Italy
einig,Some
verhandeln,negotiate
weswegen,why
nützlich,useful
inneren,inner
gentleman,gentleman
felix,felix
vergesse,forget
dunkle,dark
warnung,warning
gemeinde,local community
diamanten,diamonds
wächst,grows
gewöhnlich,usually
seil,rope
bär,bear
euro,Euro
großartige,great
beth,beth
ware,would
traurige,sad
persönliche,personal
figur,figure
time,time
roboter,robot
anschauen,look at
kürzlich,recently
material,material
paula,paula
käme,would
stellst,ask
bereitet,prepares
einfallen,come to mind
käfig,Cage
fantasie,fantasy
brach,broke
satz,sentence
kommissar,commissioner
exzellenz,excellency
schuldest,owe
nass,wet
rächen,revenge
womöglich,possibly
begrüßen,welcome
lou,lou
davis,davis
überraschen,to surprise
menschlichen,human
repariert,repaired
führung,guide
gestanden,been
jacob,jacob
schütze,Sagittarius
störe,bother
nina,nina
filmen,film
jobs,jobs
maschinen,machinery
unterlagen,documents
palast,palace
graben,dig
kette,Chain
auftauchen,Pop up
interessante,interesting
wovor,before what
springt,jumps
terroristen,terrorists
stan,stan
bekämpfen,fight
lärm,noise
flehe,implore
aufgewachsen,grew up
arbeiter,worker
größere,more
humor,humor
betrachten,consider
be,be
organisation,organization
widerstand,resistance
bergen,recover
studio,Studio
hausaufgaben,homework
vögeln,fuck
bescheuert,stupid
weggehen,walk away
teller,Plate
original,original
revolution,revolution
hitler,Hitler
mädel,girl
verbinden,connect
nathan,nathan
ermittlungen,investigations
steck,plug
wäsche,Laundry
rätsel,mystery
besonderen,special
hunderte,hundreds
versetzt,added
bibel,Bible
heiliger,holy
reiß,tear
kopie,Copy
besitzen,have
zeitungen,newspapers
zurückgekommen,returned
süßes,sweet
barbara,barbara
ungewöhnlich,unusual
höhe,height
geschaffen,created
beschreiben,describe
ausgesucht,select
notwendig,necessary
dunklen,dark
ignorieren,to ignore
toter,Dead
deck,deck
narr,fool
scheißegal,I do not give a shit
höchstens,at the most
übersehen,overlook
geirrt,wrong
darunter,among them
außen,Outside
einzig,only
stirbst,die
lhren,NOT CONNECT
spielchen,spielchen
girl,girl
fahrrad,bicycle
nutte,hooker
wilde,wild
jordan,Jordan
bequem,comfortable
rauch,smoke
verschiedenen,different
kamst,came
l,l
betty,betty
pool,pool
hubschrauber,helicopter
wüssten,know
erstmal,for now
kollege,colleague
vernichtet,destroyed
gesichter,faces
derselbe,the same
hattet,you had
konto,account
freie,free
casey,casey
haken,hook
munition,ammunition
sünde,sin
militär,military
gefasst,collected
anzeichen,sign
geklappt,folded
hintergrund,background
erwähnen,mention
tipp,tip
reißen,tear
keins,no
genial,ingenious
berichte,reports
kram,junk
schnapp,snap
solle,should
randy,randy
umziehen,move
zunächst,first
keinerlei,no
typisch,typical
bietet,provides
leb,leb
technologie,technology
john-boy,john-boy
ruinieren,ruin
jünger,younger
poirot,poirot
umso,more
starben,died
rette,save
triffst,hit
unhöflich,not polite
safe,safe
anzurufen,call
universität,university
mai,May
heben,to lift
koch,cook
derselben,the same
katastrophe,catastrophe
male,times
olivia,olivia
prüfung,exam
brown,brown
gesetze,laws
meeting,meeting
versicherung,insurance
getragen,carried
ehefrau,wife
mitmachen,participate
tauschen,To deceive
ergebnisse,Results
boston,Boston
reg,reg
einstellen,to adjust
reagieren,react
gefehlt,missing
verwandeln,transform
gedauert,lasted
senden,send
blair,blair
reporter,reporter
abgeben,submit
mm,mm
parker,parker
anhören,listen to
bibliothek,Library
japan,Japan
hinsetzen,sit down
hannah,hannah
serena,serena
motiv,motive
paige,paige
schalten,switch
derek,derek
gewöhnen,accustom
lernte,learned
vereinigten,united
gewicht,Weight
zweiter,second
badezimmer,bathroom
schieben,push
dreimal,3 times
weich,soft
echtes,real
zweitens,Secondly
drachen,dragon
bahnhof,railway station
erschöpft,exhausted
genauer,more accurate
verlange,demand
spanisch,Spanish
verrat,Treason
hexen,witches
live,live
legende,legend
taub,deaf
freu,became
konzert,concert
hopp,hopp
wiederzusehen,see again
doppelt,double
last,load
vergleich,comparison
böser,bad
herzlich,warmly
monica,monica
taschen,bags
genügt,enough
besucher,visitors
spanien,Spain
großzügig,generously
teddy,teddy
hauses,house
leihen,lend
scheiden,divorce
einstellung,attitude
köstlich,delicious
watson,watson
einheiten,units
wichtigen,important
go,go
warne,warning
russland,Russia
angeschossen,shot
sammy,sammy
pierre,pierre
sklaven,slaves
laune,mood
gesamten,overall
stille,silence
asche,ash
geflogen,flown
spion,spy
what,what
aaron,aaron
weihnachtsmann,Santa Claus
hervorragend,outstanding
can,can
verärgert,upset
puppe,Doll
überfall,raid
unwichtig,unimportant
santa,santa
linke,left
übung,exercise
buffy,buffy
franzosen,French people
wehgetan,hurt
schwäche,weakness
couch,couch
cousine,cousin
grant,grant
atme,breathe
irgendeinem,any
unterstützt,supports
oscar,oscar
ausdruck,Expression
pleite,broke
beleidigt,offended
knopf,stud
stop,stop
schlimme,bad
beweist,proves
katie,katie
dramatische,dramatic
heutigen,today
leere,empty
island,Iceland
shane,shane
daisy,daisy
trinkst,drink
heimlich,secretly
eingehen,enter
rad,wheel
greift,attacks
mächtig,powerful
williams,williams
sinnlos,senseless
versaut,dirty
netz,network
atem,breath
anstellen,do
milliarden,billions
flotte,fleet
umgebung,Surroundings
mitbringen,bring
beteiligt,involved
dunkeln,dark
entwickeln,develop
schämen,be ashamed
erwachsene,Adults
zack,pow
durchsuchen,search
hollywood,Hollywood
rollen,roll
vergesst,forget
tricks,tricks
plätze,places
gefangene,prisoner
sünden,sins
sender,Channel
verlass,verlass
räumen,clear
lerne,learn
rettet,save
hinweise,hints
ausreden,excuses
alexander,Alexander
mommy,mommy
diejenige,the one
nächte,nights
herrscht,prevails
bud,bud
jahres,year
dna,dna
romantisch,romantic
flüstert,whispers
drück,suppressive
jeremy,jeremy
bedanken,thank
verabredet,appointment
pilot,pilot
colt,colt
nigger,nigger
reizend,lovely
grade,grade
stanley,stanley
leib,body
stecke,put
scheisse,Shit
ärztin,doctor
vergewaltigt,raped
mußt,must
lieferung,delivery
botschafter,ambassador
studieren,to study
köpfe,heads
duschen,take a shower
kopfschmerzen,a headache
öl,oil
knarre,rattle
sekretärin,secretary
phase,phase
handschellen,handcuffs
lewis,lewis
versehen,Mistake
bande,band
treu,loyal to
positiv,positive
meiste,most
museum,museum
albtraum,nightmare
margaret,margaret
verlobt,engaged
besiegt,defeated
existieren,exist
könne,could
proben,rehearse
beschissen,crappy
gewinne,win
personal,staff
christian,Christian
bewaffnet,armed
fällen,make
wecken,wake up
wirkung,effect
kurt,kurt
connor,connor
rebecca,rebecca
therapie,therapy
travis,travis
amüsieren,amuse
ordentlich,orderly
weglaufen,run away
aufgewacht,woke up
nähern,draw closer
decken,cover
sinne,senses
leutnant,lieutenant
zauberer,wizard
hogan,hogan
bittet,asks
ankunft,Arrivals
klopft,knocking
abstand,distance
bewusstsein,awareness
nation,nation
kontrolliert,controlled
treffer,hit
abnehmen,lose weight
ratten,rats
anwälte,lawyers
tempel,temple
vergiftet,poisoned
kunde,customer
august,August
wunden,sore
unangenehm,unpleasant
ausrüstung,equipment
segen,blessing
präsentiert,presents
schließ,closing
kehle,throat
krone,Crown
garantiert,guaranteed
durchsucht,searched
president,president
tracy,tracy
verfluchte,accursed
bestimmten,certain
clay,clay
ladies,ladies
b.,b.
ladung,charge
beinen,legs
hell,bright
kent,kent
kapitel,chapter
chase,chase
benutze,use
alibi,alibi
ziele,aims
bestie,beast
gus,gus
nirgends,nowhere
wohnzimmer,living room
beute,prey
bau,construction
brennen,burn
lex,lex
durst,thirst
logan,logan
schwarzer,black
schmutzig,dirty
liebhaber,Lover
ersetzen,replace
juli,July
verfahren,process
kirk,kirk
stiefel,Boots
inspector,inspector
allzu,too
camp,camp
dürft,may
orten,locate
hitze,heat
spielzeug,toy
tv,tv
gloria,gloria
wolle,wool
knurrt,growling
meldet,reports
rita,rita
zone,Zone
trocken,dry
lincoln,lincoln
schreibst,write
audrey,audrey
quinn,quinn
probier,try
le,le
kids,kids
unterschrieben,signed
do,do
heulen,howl
entschlossen,determined
paket,package
gefiel,liked
bekamen,got
netten,nice
geheime,secret
jennifer,jennifer
aktiviert,activated
ausweg,way out
hinweg,away
schmuck,Jewellery
ausgang,exit
wunderschöne,beautiful
zurückkommt,returns
ann,ann
illegal,illegal
ferien,vacation
persönlichen,personal
geiseln,chastise
segne,bless
normaler,normal
steuer,tax
aufgepasst,watch out
murphy,murphy
raumschiff,spaceship
dummen,stupid
weißer,white
ausbildung,training
klavier,piano
hauptsache,main thing
admiral,admiral
entgegen,opposite
fasse,summarize
strecke,route
julian,Julian
version,version
hilfreich,helpful
schweren,serious
h,H
jahrelang,for years
leeren,to empty
küste,coast
baron,baron
behörden,authorities
grüße,greetings
geklärt,clarified
bruders,brother
kaufte,bought
stone,stone
puls,Pulse
blue,blue
flur,Hall
denselben,the same
rettung,rescue
widerlich,disgusting
parkplatz,parking spot
katzen,cats
laster,vice
sozusagen,so to speak
mittwoch,Wednesday
unschuldige,innocent
abwarten,wait
grandma,grandma
florida,Florida
re,re
grünen,green
könntet,could
aufnahmen,Recordings
vision,vision
schauspielerin,actress
passe,passe
sing,sing
glückliche,happy
highschool,high school
friedhof,graveyard
irrtum,mistake
klienten,client
nervt,sucks
leidet,suffers
reverend,reverend
trainieren,work out
gegenwart,present
zurückbringen,return
herman,herman
protokoll,protocol
studenten,students
durchaus,absolutely
grausam,horrible
höchste,highest
verwickelt,involved
schmecken,taste
klappen,Valves
apropos,by the way
liz,liz
alfred,alfred
ansonsten,otherwise
wade,calf
missverständnis,misunderstanding
mitglieder,members
motorrad,motorcycle
mickey,mickey
blicken,look
glücklicher,fortunately
hübschen,pretty
dicke,thickness
gewünscht,required
gejagt,hunted
diejenigen,those
diskutieren,to discuss
pinkeln,to pee
huhn,chicken
erheben,raise
paradies,paradise
tagebuch,diary
möglichen,potential
jenseits,beyond
arschlöcher,assholes
apartment,apartment
mason,mason
pfeift,whistles
dieselben,the same
wilden,wild
vergaß,forgot
enttäuschen,disappoint
greg,greg
konsequenzen,consequences
fleck,spot
macgyver,macgyver
führerschein,driver's license
online,on-line
bete,pray
verdächtige,suspicious
enkel,grandson
normalen,normal
stift,pen
interview,interview
süßen,sweeten
riesige,huge
aussicht,view
ned,ned
wiederkommen,come back
werbung,advertising
warf,threw
telefoniert,phone
anblick,sight
einzelnen,each
teppich,carpet
hielten,held
handel,trade
gekannt,known
getrieben,driven
trainer,Trainer
scully,scully
schuh,shoe
bomben,bomb
kämpfer,fighter
victoria,victoria
bedenken,concerns
sitzung,meeting
ken,ken
sicheren,secure
verkaufe,sell
ron,ron
tapfer,brave
experiment,experiment
besorge,get you
tiefe,depth
narren,fool
abgeholt,picked up
abhalten,discourage
bestimmte,certain
laufenden,current
auftaucht,shows up
school,school
löschen,Clear
tara,tare
sebastian,sebastian
mies,bad
sarg,coffin
r,r
vertragen,tolerate
gebissen,bitten
geheimen,secret
drinks,drinks
schlief,fell asleep
tradition,tradition
soeben,just
komische,comic
schultz,schultz
aufgehalten,stopped
fähigkeit,ability
attraktiv,attractive
begriff,term
versichere,assure
schilde,shields
legte,put
mitteilen,tell
sdh,sdh
gemütlich,cozy
muster,template
versprach,promised
überwachen,monitor
eingeschlafen,fell asleep
schlimmsten,worst
verlierst,lose
einzelne,separate
vergib,forgive
vorbeikommen,come round
aua,ouch
brüste,breasts
sandwich,sandwich
gewinner,winner
verständnis,understanding
g,G
raymond,raymond
papst,pope
toast,toast
matthew,matthew
einsteigen,enter
löwen,lions
einsetzen,deploy
gewinn,profit
schüchtern,shy
scheinst,seem
pflanzen,plants
green,green
sheldon,sheldon
christopher,christopher
hätt,hätt
coach,coach
werte,values
modell,model
übernimmt,takes over
walton,walton
heftig,violently
vorfall,incident
motel,motel
teams,teams
irgendeinen,any
müsstest,would have
freier,free
zirkus,circus
ruhm,Fame
zurzeit,for now
ausmachen,turn off
rezept,recipe
töchter,daughters
laute,Lute
akzeptiert,accepted
geschwindigkeit,speed
beliebt,popular
verpflichtet,Committed
betrüger,deceiver
lohnt,worth
märchen,fairy tale
blöder,stupid
becky,becky
wille,will
hügel,hill
königreich,kingdom
dennis,dennis
kehren,sweep
baut,builds
chinesen,chinese
gesichert,secured
michel,michel
ruth,Ruth
block,block
belogen,lied to
malen,to paint
kofferraum,trunk
road,road
bursche,fellow
erin,erin
geständnis,confession
ausgegangen,went out
begreifen,understand
dana,dana
blitz,lightning
löst,triggers
furcht,fear
jersey,jersey
ernstes,serious
verteilt,distributed
bezüglich,in terms of
faszinierend,fascinating
aufmerksam,attentively
aufregung,excitement
wendy,wendy
ethan,ethan
orte,places
entführung,kidnapping
keucht,pants
erhielt,received
treue,loyalty
felsen,rock
malcolm,malcolm
kurzen,short
zorn,anger
taucht,dive
bestimmen,determine
ausgesetzt,exposed
zurückgeben,hand back
verkehr,traffic
bewiesen,demonstrated
generation,generation
liebste,favorite
ausrichten,align
ausnahme,exception
ebene,level
herrlich,gloriously
stürzen,fall
herausforderung,Challenge
gefälligst,kindly
farben,Colours
geliebten,beloved
ankommen,arrive
tempo,tempo
unterbrechen,interrupt
kindes,child
babe,babe
erden,earth
schrecklichen,terrible
falsches,false
täuschen,To deceive
tal,valley
irgendwer,anyone
deins,yours
witwe,widow
sichern,to back up
gerede,talk
betrug,amounted to
trauer,mourning
anwesenheit,presence
bilden,form
gewachsen,grown
ausflug,Excursion
jill,jill
verlaufen,run
rand,edge
kenny,kenny
rechnen,count
aufzug,elevator
befragen,consult
wegnehmen,take away
abschied,farewell
benötigen,need
pst,shush
amt,office
reiche,rich
otto,otto
beginn,beginning
daumen,thumb
bestrafen,punish
clarence,clarence
weine,cry
fremder,foreign
sachte,gently
identifiziert,identified
gestehen,confess
mac,mac
owen,owen
morris,morris
riesig,huge
entscheide,decide
koma,coma
prinzen,prince
bewusstlos,unconscious
county,county
marke,brand
harter,harder
hill,hill
höflich,polite
jude,Jew
setzte,sat
besorg,Please bang
absichtlich,intentionally
vermasselt,screwed up
verschlossen,locked
sowie,such as
gesang,singing
gedreht,turned
ford,ford
religion,religion
ey,ey
unterschrift,signature
rosen,roses
persönliches,personal
queen,queen
fortschritte,progress
eingang,entrance
zugehört,listened
biete,offer
clara,clara
vorhaben,project
kultur,Culture
patientin,patientin
stephen,stephen
explodiert,explodes
nichte,niece
verzichten,dispense
steven,steven
harris,harris
existenz,existence
drehbuch,script
football,football
anzusehen,to watch
ohnmächtig,unconscious
zaun,fence
anthony,anthony
geladen,loaded
guckt,peeps
privat,Private
peg,peg
brauchten,needed
liam,liam
heb,heb
virginia,Virginia
wächter,Guardian
eimer,bucket
blasen,blow
rakete,rocket
salz,salt
unfair,unfair
verzeiht,forgives
esel,ass
krankenschwester,Nurse
symbol,symbol
entscheidet,decides
fahrzeug,vehicle
unterwäsche,underwear
betrachtet,considered
bauern,farmers
engländer,English people
wartete,was waiting
schaust,look
genossen,enjoyed
tropfen,drops
probiert,tried
spock,spock
café,coffee shop
verhungern,to starve
versuchten,tried
mütter,mothers
september,September
aktion,action
bestanden,passed
haaren,moult
louise,louise
schluchzt,sobs
übertrieben,exaggerated
heilmittel,remedy
apparat,apparatus
vorm,front
friedlich,peaceful
richtiges,real
zuschauer,spectator
teenager,teenager
geliefert,delivered
may,may
gestritten,fought
maus,mouse
lediglich,only
charakter,character
riley,riley
krass,awesome
weiterer,Another
group,group
ricky,ricky
diana,Diana
geräusche,Sounds
lichter,lights
starken,strengthen
dexter,dexter
staffel,relay
flaschen,bottles
putzen,brush
einbruch,Burglary
geheilt,healed
beißen,bite
nicole,nicole
stammen,come
wände,walls
befürchte,fear
kostüm,costume
warren,warren
grüßen,to greet
versagen,to fail
übernommen,accepted
hoffte,hoped
verschieben,move
verspätung,delay
whiskey,whiskey
mars,Mars
media,media
entdecken,discover
traue,trust
thron,throne
riesigen,giant
zelt,tent
akzent,accent
truppe,troops
übertragen,transfer
kompliment,compliment
flammen,Flames
erkennst,recognize
erschrecken,scare
gemälde,painting
ari,ari
walt,walt
chip,chip
mannschaft,team
cindy,cindy
loyalität,loyalty
benjamin,Benjamin
dankeschön,Thank you very much
vertreten,represent
verhandlung,negotiation
lernst,learn
brüllt,yells
füllen,to fill
letztendlich,at long last
krise,crisis
verlierer,loser
spencer,spencer
with,with
kekse,Cookies
ausschalten,turn off
penis,penis
profi,professional
whisky,whiskey
erledige,kill
gelächter,laughter
fängst,begin
erklär,explanatory
einspruch,objection
angeln,fishing
rausgehen,go out
monk,monk
kaution,deposit
eures,yours
gesessen,sat
verrate,tell
kehrt,returns
boy,boy
summe,total
lade,drawer
billig,cheap
curtis,curtis
bernard,bernard
juni,June
gerissen,cracked
festgenommen,arrested
ralph,ralph
befohlen,commanded
überlege,think
koordinaten,coordinates
flog,flew
herzinfarkt,Heart attack
hinlegen,lay down
nahrung,food
liege,lounger
geflohen,fled
knall,bang
nebenbei,by the way
mylord,milord
nachbar,Neighbor
küss,kiss
lhrem,lhrem
geleistet,done
nutzt,uses
fröhliche,happy
nebel,fog
front,front
veränderung,change
affe,monkey
kontaktieren,to contact
brand,fire
fuhren,to lead
zwischenzeit,interim
eingesetzt,used
anton,anton
philip,philip
megan,megan
schlimmeres,worse
rennt,runs
anlegen,invest
nachzudenken,thinking
schwör,swear
übliche,usual
kreatur,creature
verderben,spoil
medizinische,medical
besetzt,occupied
zugriff,access
kanal,channel
blutdruck,blood pressure
grüne,green
ausgeben,output
papi,daddy
clown,clown
lhrer,lhrer
sonny,sonny
schwören,swear
hühnchen,chicken
arten,species
aufgebaut,built up
sydney,sydney
betrügen,cheat
steele,steele
trank,drank
glatt,smooth
trainiert,trained
indien,India
autor,author
geweint,cried
blume,flower
verletzungen,violations
special,special
zwillinge,Twins
mia,mia
reißt,rips
zeigst,show
stirb,die
justin,justin
diane,diane
gefickt,fucked
schlägst,beat
moskau,Moscow
erwartest,expect
gestoßen,pushed
durchgehen,go through
praxis,practice
gründlich,thoroughly
benny,benny
eingeschlossen,locked in
tragödie,tragedy
vollständig,Completely
psychiater,psychiatrist
rasse,race
lance,lance
vertraust,trust
kummer,sorrow
eigener,own
christine,christine
partei,Political party
zentrum,center
testament,testament
entfernung,distance
private,private
welten,worlds
verlegen,embarrassed
heroin,heroin
erfuhr,learned
gelände,terrain
kutsche,coach
dummer,dumber
homer,homer
stabil,stable
ausgeschlossen,locked out
out,out
draus,out of it
aufgehoben,canceled
single,single
regisseur,Director
vielmals,very much
dylan,dylan
bestand,duration
k,k
erbe,heritage
weggelaufen,Run away
jim-bob,jim-bob
noah,Noah
leichte,light
zuständig,responsible
losgehen,start
long,long
hustet,coughs
brutal,brutally
besprochen,discussed
halbes,half
bargeld,Cash
peggy,peggy
action,action
zusammenarbeiten,work together
beunruhigt,worried
achte,eighth
innere,inner
kanone,cannon
eklig,disgusting
x,x
armes,low
avenue,avenue
öffentlich,public
nützt,benefits
marine,marine
brillant,brilliant
köder,bait
gespräche,conversations
nähert,approaches
vorgehen,Action
kleinigkeit,small thing
kissen,pillow
manny,manny
geisel,hostage
gerecht,just
trost,consolation
gehasst,hated
a.,a.
gesorgt,provided
archer,archer
spinner,crackhead
vergebung,forgiveness
vieh,cattle
schnelle,fast
normales,normal
gefesselt,bound
lautes,loud
kalte,cold
leitet,passes
angehen,approach
ekelhaft,disgusting
salat,salad
schicht,layer
intelligent,intelligent
meg,meg
verhältnis,relationship
socken,socks
brieftasche,wallet
holly,holly
packt,grabs
eventuell,perhaps
nirgendwohin,nowhere
methode,method
gelangen,reach
gespannt,curious; excited
vernunft,reason
zurückgehen,return
regnet,raining
drama,drama
entspannt,relaxed
wörter,words
klingeln,ring
ruhige,quiet
sprung,Leap
anständig,decent
gangster,gangster
harten,tough
aufzeichnungen,records
ofen,oven
cowboy,cowboy
endgültig,finally
aufgaben,tasks
ruh,ruh
deutsch,German
neil,neil
wodka,vodka
know,know
air,air
respektieren,respect
riskant,risky
lohn,wage
zuviel,too much
zustimmen,agree
schnaps,schnapps
troy,troy
stufe,step
erleichtert,facilitated
scheune,barn
vanessa,vanessa
klink,klink
spaziergang,walk
katherine,katherine
zettel,note
kotzen,puke
blödmann,dumbass
hurra,Hooray
lana,lana
symptome,symptoms
vorfahren,ancestors
nutzlos,useless
shaw,shaw
telefonnummer,phone number
nochmals,again
grey,gray
medien,media
faul,lazy
dient,is
russell,russell
ereignisse,events
aussuchen,choose
verprügelt,beat
zweites,second
sherlock,sherlock
fabelhaft,fabulous
klinge,blade
leistung,power
beileid,sympathy
castle,castle
durchführen,carry out
mitchell,mitchell
eröffnen,open
unschuld,innocence
seist,seist
stoßen,bump
palmer,palmer
like,Like
genügend,enough
sofa,sofa
gestatten,allow
gekocht,cooked
biest,beast
lydia,Lydia
bräuchte,need
ausgelöst,triggered
väter,fathers
verarscht,verarscht
butter,butter
nachbarschaft,neighborhood
villa,villa
data,data
goldene,golden
schließe,clasp
saft,juice
begehen,commit
hauptquartier,headquarters
geschworen,sworn
abgenommen,removed
werkstatt,Workshop
überreden,persuade
nannten,named
gemüse,vegetables
schläger,bat
frisst,eats
bewundere,admire
geschieden,divorced
assistentin,assistant
wettbewerb,competition
lebten,lived
sieger,winner
verfassung,constitution
küsst,kissing
fußball,Soccer
geschnitten,sliced
master,master
quietschen,squeak
füttern,feed
gürtel,belt
unschuldigen,innocent
menschlich,human
eigenartig,peculiarly
oje,oh dear
hanna,hanna
kabel,electric wire
duke,duke
franz,French
zahn,tooth
landet,lands
kisten,crates
liegst,lying
mona,mona
krankenstation,infirmary
leine,rope
beschreibung,description
ausmacht,makes
beschädigt,damaged
grundstück,Property
steckte,put
bahn,train
turm,tower
mine,mine
sauerstoff,oxygen
nö,nope
angesichts,in view of
ll,ll
versager,failure
deinetwegen,because of you
vic,vic
angeklagt,accused
aufhört,ends
baden,to bathe
knacken,crack
verbindungen,links
panzer,tank
marcel,Marcel
bach,creek
leiser,quieter
stimmengewirr,buzz
zerstörung,destruction
stirn,forehead
finn,finn
sanft,gently
kloster,monastery
charmant,charming
aufbauen,build up
thanksgiving,thanksgiving
anlass,occasion
zähle,count
verlieben,falling in love
atmosphäre,the atmosphere
ronnie,ronnie
samantha,samantha
leber,liver
jener,that
begegnen,to encounter
dämlich,stupid
krawatte,tie
juan,Juan
tarnung,camouflage
kanada,Canada
alpha,alpha
baker,baker
tabletten,tablets
faust,fist
auftreten,occur
monroe,monroe
blatt,sheet
gelöscht,deleted
dschungel,jungle
alison,alison
niedlich,cute
c.,c.
klage,legal action
wolltet,wanted
jonas,Jonah
akt,act
schießerei,shoot-out
anwältin,lawyer
überleg,überleg
frisur,hairstyle
spruch,saying
jene,those
moral,moral
angelegenheiten,Affairs
dokumente,Documents
fröhlich,Happy
spezies,species
oktober,October
schachtel,box
opfers,victim
noten,grades
ellie,ellie
irgendwohin,somewhere
nora,nora
brunnen,Fountain
toby,toby
sandy,sandy
lampe,lamp
craig,craig
jagt,hunts
eigentum,property
diebstahl,theft
spenden,donate
betrieb,business
gemeinsame,common
absurd,absurd
gegensatz,contrast
frühling,spring
dünn,thin
ausland,foreign countries
schultern,Shoulders
entwicklung,development
vergehen,elapse
ahnen,suspect
verbessern,improve
herzog,duke
diskussion,discussion
gehalt,salary
lemon,lemon
freak,freak
glocke,Bell jar