Korean,English
내가,I
그,That
난,I
내,of mine
안,within
수,Number
이,this
네,Yeah
거야,Will
좀,A little
그래,okay
있어,there is
왜,Why
더,more
그리고,And
우리,Us
다,All
무슨,what
한,One
하지만,But
잘,well
어떻게,how
할,which
그냥,just
정말,Really
그럼,then
것,that
게,to
있어요,I have it
있는,there is
해,year
여기,here
넌,You
제가,I
날,day
우리가,U.S
건,key
전,I'm
이제,now
지금,now
그게,that
걸,What
거,roughness
아니,no
네가,you
없어,no
돼,Gotta
저,that
우린,we
제,My
못,nail
좋아,Good
당신이,You
다른,Other
나,I
그런,then
그건,that's
너무,Too
그래서,so
그렇게,like that
다시,again
이건,This
이런,this
나도,I also
모든,all
당신,you
거예요,Will
당신은,You
아,Ah
좋은,good
오,Five
때,time
너,you
하는,doing
하고,and
아냐,no
나는,I
아니야,no
알아,Know
같이,together
응,Huh
이게,this
없어요,do not have
괜찮아,OK
오늘,today
말이야,You mean
줄,line
또,In addition
널,Null
누가,Who
어떤,which
아주,very
말,Words
아직,yet
안돼,No
진짜,Really
모두,all
마,hemp
같은,same
여기서,here
어서,hurry
그는,he is
위해,for
해요,do
일이,Days
하지,Not
엄마,Mom
바로,Immediately
가,end
근데,by the way
알고,know
이렇게,like this
빨리,Quickly
있습니다,There is
이거,this
전에,before
어,uh
아뇨,no
계속,continue
닥터,doctor
얼마나,how much
될,To be
알았어,Okay.
않아,I do not
제발,please
있지,It is not
겁니다,Will
어디,where
사람이,People
그가,he
안녕,Hello
좋아요,good
같아,same
우리는,We are
그래요,Ok
당신을,you
자,character
그걸,It
두,two
아니에요,No
있을,There
때문에,Because
대해,about
아빠,Dad
몇,Few
사람,Person
했어,I did it
뭐야,what
수도,Capital
많이,A lot of
집에,At home
거지,Beggar
일을,work
저는,I am
음,Well
그렇지,right
함께,together
만약,if
하나,one
저기,there
고마워요,Thank you
항상,always
나한테,To me
잠깐,awhile
가서,Go
가장,most
돼요,can
거죠,Did
가자,Go
맞아,right
보고,report
와,Wow
그거,that
말을,The end
괜찮아요,It's okay
아무도,no one
없는,Do not have
안녕하세요,Good morning
몰라,do not know
일,Work
많은,Many
당신의,Your
아무것도,nothing
그러니까,So
큰,large
알아요,I know
그의,His
뭐가,what
고마워,Thanks
그만,stop
했어요,Done
젠장,Damn it
사람들이,People
거에요,Going
이걸,It
그럴,It
것도,It
말이,Horse
이미,already
야,Hey
그를,Him
뭔가,Something
온,On
이봐,Hey
아니면,if not
같아요,same
그런데,By the way
아니라,not
세상에,Oh my gosh
있다고,That
있고,And
뭐라고,what
예,Yes
절대,never
말야,Malya
당장,right now
그래도,still
대한,About
말은,I mean
거기,there
전부,all
둘,two
그녀는,She is
니가,You're
갈,To go
않아요,I do not
자기,magnetism
있죠,Itjyo
하면,if
가지고,have
그들이,they
참,Oh yeah
너도,you too
됐어,done
미안해,Sorry
것을,Thing
여긴,Here
아무,any
사람은,people
감사합니다,Thank you
다들,everyone
어때,What do you think
씨,Seed
곧,soon
엄마가,Mom
나를,me
이젠,now
아마,maybe
그들은,they
얘기,story
꼭,exactly
있잖아,Hey
저도,me too
지금은,Now is
그녀가,She
중,medium
있다,have
시간,time
먼저,first
우릴,Us
말고,not
사람을,People
수가,Number
봐요,see
있는데,there is
알았어요,I see
해야,Sun
있었어,It was
우리의,Our
않을,Will
방금,just now
완전,very
된,The
동안,During
시간이,This time
싶어,want
본,example
일은,What
친구,friend
들어,listen
안에,in
번,time
자네,You
합니다,The
사실,In fact
한번,once
대체,how
같은데,Looks
생각해,think
맞아요,Yes
볼,ball
혼자,Alone
자네가,You have
절,section
그러니,so
선생님,Teacher
사람들은,People
문제가,The problem
다음,next
물론,sure
거의,almost
일이야,One's
없습니다,There is not
아빠가,Father
되는,felled
그러면,then
순,Net
가는,going
말도,Anything
이리,Wolf
있었어요,It was
맙소사,Oh My God
내일,tomorrow
있으면,if there is
잠깐만,Wait a minute
싫어,Hate
중요한,important
내게,to me
말해,Say it
이상,More than
거라고,Would
아는,know
너는,you are
새,bird
적,enemy
전혀,Not at all
여자,Woman
새로운,new
너희,you
왔어,I'm here
아직도,Still
가지,Branch
나와,come out
알,egg
싶지,Want
여기에,Here
원하는,want
돈,money
필요,need
도움이,help
그녀를,Her
몰라요,I do not know
작은,small
혹시,Perhaps
미안해요,Sorry
나쁜,Bad
죄송해요,I'm sorry
모르겠어,I do not know
가요,Go
알지,know
밖에,outside
직접,directly
있나,Are
니,You
해도,chart
하죠,I
했는데,I
필요해,I need
아니요,no
적이,Ever
있나요,do you have
갖고,Have
돈을,money
주세요,please
어디서,where
것이,It
거요,Gonna
위한,for
것은,It
없이,without
나중에,Afterwards
아버지,father
나랑,with me
됐어요,That's Okay
마세요,do not
차,car
언제,when
그저,just
생각,think
했지,Did
봤어,saw
해서,By
시간을,Time
마지막,Last
알겠어,Okay
왜냐면,because
위해서,for
엄청,very
알겠습니다,Okay
오래,long
기다려,wait
아닙니다,no
있는지,That
알겠어요,I know
제일,most
지난,Last
그렇죠,right
죽은,dead
제대로,properly
아니지,Not.
있다면,if there is
보면,Look
우리를,Us
짓을,Done
남자,man
너가,you
있다는,That
누구,who
보여,see
왔어요,came
너한테,to you
여러분,Everyone
완전히,completely
너의,your
것이다,will be
밤,night
소리,sound
없지,Eopji
벌써,already
모르겠어요,I do not know
말이지,Es
올,All
사람들을,People
처음,first
말이죠,Malyijyo
사람들,people
그녀의,her
멋진,Cool
왜요,why
정말로,really
이름은,name is
와서,come
대해서,about
여보,Honey
조금,a little
않았어,I did not
말이에요,You mean
이름이,The name
여보세요,Hello
서로,each other
안돼요,No
죽을,dying
첫,First
매우,Extremely
사랑해,I love you
오늘은,Today is
싶은,Want
어디로,Where
단지,just
아닌,not
나가,get out
뿐이야,only
미안,sorry
확실히,exactly
싶어요,want
죄송합니다,Sorry
때까지,until
없고,There
어때요,how is it
살,flesh
당연히,naturally
데리고,along
필요한,necessary
없다,none
후,after
가고,Going
글쎄,Well
않는,not
했죠,Did
나의,my
별로,not really
않은,That is
라고,Called
집,House
여전히,yet
없을,There
딱,Perfect
있어서,In
이야기,story
엄마는,Mom is
부인,wife
하는데,to do
않고,Without
알았지,Understand
아니고,Rather
여자가,Woman
문,door
되지,It is not
거기서,at there
훨씬,more
아버지가,Father
망할,Fuckin
뭔지,What
손,hand
수술,Operation
듣고,listen
어쩌면,perhaps
보세요,look
생각이,Think
어느,which
그러지,Surely
되면,When
아마도,Perhaps
준비,Preparations
전화,telephone
뒤에,behind
도대체,why
너를,you
당신도,You
것처럼,Like
않으면,If the
말하는,talking
최고의,Great
말하지,Tell
세,three
모르는,do not know
유일한,only
갑자기,suddenly
이봐요,Hey
건가요,Are
없다고,That
것입니다,Will
있잖아요,You know
되고,And
어쨌든,anyway
가진,have
이번,this time
뭐하는,Doing
후에,after
친구가,Friends
지,G
신경,nerve
그만해,stop
누구야,Who is it
당신에게,to you
늘,always
없었어,I could
그들을,them
있게,Make
알잖아,You know
누군가,someone
분명히,clearly
생각을,Thoughts
존,zone
일단,First
가야,To go
걱정,worry
보자,Let's see
매일,everyday
수는,The number of
아침,morning
말할,Tell
말아요,Do not
모두가,everyone
않았어요,I did not
얘기를,To talk
봤어요,saw
대신,instead
마치,Like
건데,Gonna
자넨,You're
했잖아,Told
둘이,two people
당신과,with you
집으로,to home
한다,do
두고,Leave
이름을,name
있네,Itne
그들의,their
뭔데,What
금방,soon
사는,living
좋아하는,Favorite
찾을,Find
맘에,Like
결국,finally
이유가,the reason is
필요해요,I need
중에,While
그때,then
보는,see
너랑,with you
아이를,Children
없잖아,Beats
한다고,That
기분,Feeling
하게,to do
놈이,Guy
못해,can not
우리에게,To us
가면,mask
저를,me
잡아,catch
집에서,At home
우리도,We also
기분이,Feel
저희,we
찾고,Looking
손을,hand
거다,Gonna
어제,yesterday
남자가,Man
뭐지,What
앞으로,Forward
잠깐만요,Wait
자신의,Own
애가,keen
이상한,Weird
막,membrane
먹고,eat
아이,Child
언제나,always
여기가,here
아들,son
알게,Know
하세요,do it
총,gun
스스로,myself
방법이,Way
있던,It was
해봐,try
아님,no
때가,Time
아니죠,Not.
했던,Who
조용히,quietly
밤에,At night
미친,crazy
텐데,Would
머리,head
않습니다,not
잘못,mistake
고맙습니다,thank you
있어야,Must
왜냐하면,because
앉아,sit down
아침에,In the morning
죽일,Kill
환자,patient
양,amount
없죠,Eopjyo
일어나,wake up
믿을,Trust
같네요,Looks
건가,Did
게다가,Besides
알렉스,Alex
타고,Riding
데,place
들었어,Heard
눈을,Eyes
나에게,To me
없었어요,I had
만나서,to meet
진정해,Calm down
이것,this
더이상,Anymore
보지,Look
방법을,How to
원래,originally
솔직히,To be honest
좋지,It's good
하려고,going to do
빌어먹을,Hell
총을,The total
길을,Path
누군지,Who
아니라고,Not
자신을,Himself
여길,Here
있지만,Although
얼른,hurry
얘들아,Guys
대로,Road
만든,made
놈,bloke
조심해,be careful
일에,In one
따라,follow
술,alcohol
정확히,exactly
자기가,He is
충분히,enough
힘을,Power
아저씨,Mister
알겠지,got it
있었는데,It was
사랑하는,Loving
기다리고,Waiting for
될거야,Going
살아,live
평생,forever
아까,earlier
얘야,Hey
눈,Eye
거기에,There
애,Ke
분명,For sure
말하고,Speaking
역시,Also
저희가,we
찾아,find
걔가,He is
이럴,IMHO
저기요,excuse me
너와,with you
될까요,Can
천천히,slowly
문제,Problem
수술을,Surgery
좋았어,Cool
어디에,where
문을,The door
맞지,Right
어딨어,Where
조지,George
아녜요,'M not
저녁,dinner
됩니다,It's possible
마요,Mayo
생각엔,Think
만들어,make
적어도,At least
애들,kids
개,dog
잘했어,Well done
그러나,But
주,week
괜찮은,Good
생각은,Thoughts
위에,above
가끔,Sometimes
있었던,It was
간,liver
잠시,for awhile
알아서,By-self
곳에,Place
집을,House
그렇지만,nevertheless
그레이,Gray
그럼요,of course
삶을,The life
마음에,in the heart
살고,live
들고,Holding
분,minute
그랬어,I did
차를,The car
옆에,Next
아이가,The child
이번엔,this time
저게,That
아빠는,Dad
괜찮을,Be fine
하자,lets do it
알았는데,I thought
생각해요,Think about it
없는데,Ve
생각하는,Thinking
아니잖아,It's not
마지막으로,Finally
여자를,A woman
죽었어,Dead
멍청한,stupid
훌륭한,excellent
있었지,Stayed
정도,Degree
베일리,Bailey
준비가,Ready
남은,left
있으니까,Iteunikka
싫어요,I do not like it
입니다,is
영원히,forever
엄청난,exorbitant
정신,mental
는,It is
계세요,anyone there
하는지,That
좋을,Good
있었죠,Had
간다,Goes
기회를,Opportunities
그대로,as it is
하나도,Nothing
멈춰,stop
필요가,Need
도와줘,Help me
다음에,Next
앞에서,in front
뭐든,Whatever
물,water
밖으로,outside
오는,coming
그렇다면,if so
미국,United States of America
말라고,Not to
하지마,Do not
서,book
말한,Told
테니까,Ll
앞에,Before
를,The
처럼,like
저한테,to me
거고,Gonna
받아,receive
그것도,That too
요즘,Nowadays
믿어,believe
뒤로,backwards
놈들이,They are
입고,Wearing
보니,Bonnie
속에,inside
잠시만요,Wait
소리야,You mean
들어봐,listen
자기야,Honey
헤이,Hey
에,on
이해가,Understanding
옷,dress
들어가,Go in
아버지는,My father
않을거야,I'm not
있소,Itso
자네는,You are
모르겠지만,I do not know
누구도,No one
입,mouth
어머니,Mother
특별한,special
좋겠어,I wish
준,Associate
그것은,that is
관한,about
할게,I'll
여기는,here is
언니,sister
환자가,Patients
갈게,I'll go
나야,It's me
제게,Me
하루,One day
단,only
필,Phil
가세요,go
끔찍한,Horrible
걸로,Geolro
사랑,love
일도,Nothing
아름다운,beautiful
년,year
형,brother
뭐요,what
저런,Oh
별,star
아니다,no
받고,under
할거야,Going
쓸,Write
씨발,Fucking
돈이,money
그에게,to him
뭔가를,Something
마음을,Heart
문제는,the problem is
의,of
서둘러,Hurry
못할,Able
없네,Eopne
끝났어,it's over
있을거야,I'll be
머리를,Head
생각하지,Not think
뭐라고요,I beg your pardon
힘든,tiring
보게,Look
가게,store
말해봐,Tell me
밥,rice
상황이,Things
줘요,Give
만큼,as much as
했지만,Although
같은데요,I think
이름,name
엄마를,Moms
전화를,the phone
어쩔,Help
있니,Have
번째,th
할까,Should
얘길,Talk about
찾는,Looking
선생님이,Teacher
진짜로,really
일이에요,One's
건지,Guernsey
가족을,The family
할지,Whether
중이야,VAS
믿지,Trust
닥쳐,Shut up
여기로,Here
저건,That
주고,give
멀리,far
어이,Hey
거짓말,lie
약,about
잭,jack
사실은,The fact is
받을,Receive
그러고,Then
겁니까,Are you
먹을,Eat
그치만,But
너에게,Thee
들었어요,Heard
하기,doing
오빠,brother
오고,Coming
있을까,Can
어린,young
통해,through
아닌데,It's not
조금만,a little bit
맞는,right
차에,The car
여자는,Woman
보러,to see
손에,The hand
모르지,I do not know
가까이,closely
테니,I'll
되죠,Doejyo
점점,Getting
잔,glass
이야기를,Stories
물론이죠,Sure
학교,school
주는,That
아가씨,miss
먹어,eat
것에,What
크게,Big
이유는,The reason is
군,group
모두들,Everyone
죽인,Killing
셋,Three
알죠,Know
기억,Memory
경찰,police
제이,second
그래야,So that
목숨을,Their lives
있을까요,Will
아니지만,But not
했다,did
딸,daughter
많아,many
떨어져,away
사람이야,People's
다시는,never
거잖아,DSC02332
애들이,Kids
애를,The kids
을,of
말이다,Says
없다는,That
만들,make
오면,When
할게요,I'll
아기,Baby
영화,movie
가족,family
찾았어,I found it
특히,Especially
아들을,A son
제발요,please
꿈을,dream
세상을,The world
놈을,A guy
아니었어,It was not
마이크,MIC
그리,Draw
무엇을,what
만드는,fabricated
얼마,how much
보여요,Look
사진,Photo
칼,knife
잠시만,hold on
병원에,The hospital
같습니다,Like
바보,Fool
열어,open it
현재,Now
해줘,Do it
주지,gist
했습니다,I did
자주,often
있겠지,Dont
하는거야,Going to
샘,fountain
꺼져,Turned off
가만히,Still
그랬지,Yes it was
지금까지,until now
저거,that
당연하지,Of course
나서,Then
그것,that
또한,Also
보이지,Show
노래,Song
위험한,dangerous
클레어,Clare
쉽게,easily
오지,Coming
정말요,really
계획이,Plans
잡고,Grasp
열심히,hard
마라,Mara
경찰이,The police
말하면,Speaking
방에,In my room
됐다,done
마음이,Mind
메러디스,Meredith
운이,Lucky
드디어,finally
정보를,Information
말입니다,Horses
때는,When
얼굴을,The face
만난,Met
있거든,'Ve got
달,month
약간,slightly
했다고,That
일찍,early
굉장히,greatly
못해요,I can not
진실을,The truth
줄게,I'll give
아세요,do you know
누굴,Who
거라,Would
가족이,The family
새로,New
절대로,never
와요,come
알지만,I know
되어,Became
내려,get off
같네,Looks
그거야,That's
크리스티나,Christina
사이에,Between
자꾸,Repeatedly
저리,there
사실을,The fact
프랭크,Frank
와우,Wow
뛰어,run
갔어,Took
죽게,Death
네게,Thee
심지어,even
글쎄요,I do not know
사람의,people's
오랫동안,for a long time
모습을,Appearance
얘기가,Tak
아이고,Gosh
상관,relation
일하는,working
짐,load
길,way
사건,Incident
그렇다고,This does
들어요,listen
상황을,The situation
옷을,Clothes
일이죠,One's
아니예요,'M not
죽어,die
뿐이에요,I just
필요는,Need
여기요,Here you go
사랑해요,I love you
죽는,perishing
누군가가,Someone
얘기해,Tell
모두를,All
커피,coffee
있는거야,Hell
있으니,So
없지만,Although
열,Heat
다신,Again
만날,everyday
남자는,Man
저희는,We
떠날,Leave
맞죠,Right
아들이,Son
놈은,He is
하나가,One
의사,doctor
박사님,Dr.
나오는,Out
딸이,Daughter
거짓말을,lie
했고,It was
얼굴,Face
보내,send
받은,received
쓰고,Writing
곳이,Where the
된다고,That
설마,surely
우리한테,To us
방법은,Way
인생을,Your life
보이는,Look
정도로,Enough
아니오,no
여러,Various
자고,Sleep
한다면,if
실례합니다,Excuse me
기회가,The opportunity to
했을,Have
결혼,marriage
소리를,Sound
알았다,okay
해야지,Ought
완벽한,Perfect
있었다,there was
곳을,A place
겨우,barely
없으면,Without
아내가,wife
있습니까,Are
만들고,Create
비켜,Move
그것을,that
피를,Blood
못한,Who
말씀,words
자식,child
만약에,If the
위대한,great
써,Write
이리와,Come on
눈이,Snow
사람도,Person
요,Yo
자신이,myself
당신한테,To you
보통,usually
나갈,Out
문제를,The problem
보다,see
앉아서,Sit down
도와줘요,Help
원하지,Want
이쪽으로,Come this way
생각하고,Thinking
갑시다,let's go
사랑을,Love is
너네,Yours
조,article
밖에서,outside
들어와,come in
그렇군요,i See
척,chuck
같군,Looks
나온,From
같지,Unlikely
불러,Call
도움을,help
마음,mind
최선을,Best of
된다,do
곳으로,A place
아기를,Baby
죽이고,Killing
대단한,Great
뭐예요,what
환자를,Patients
똑같은,same
가능한,possible
친구들,friends
원해,want
좋아해,I like you
될까,Will
봤지,You see
방,room
몰라도,Without knowing
갈게요,I'll go
때도,Sometimes
움직여,in action
눈에,The eyes
숨을,Breath
음악,music
자는,sleeping
딸을,A daughter
모르겠네요,I do not know
의사가,Doctor
셜록,Sherlock
딴,different
가져와,Get
세상에서,in the world
소리가,Sound
시간은,time is
도울,Help
만한,Worth
남편이,husband
한다는,That
아버지를,Father
일로,Days
감옥에,In prison
됐지,OO
짓,act
순간,Moment
도와줄,Help
있도록,Help
할머니,grandmother
짓이야,It's done
쓰는,inscribed
했잖아요,I told you
너희들,you
피터,Peter
당신들,You
그날,that day
화가,artist
새끼,young
쓴,written
안에서,Within
최대한,Most
하네,'M
팀,team
이후로,after that
그들,them
이지,easy
그치,Is not it
죽었어요,Dead
곳에서,From where
때마다,Whenever
몸이,body
모든게,Everything
캠,cam
어차피,anyway
압니다,I know
기억이,memory
어딜,Everywhere
산,mountain
들려,hear
있네요,Itneyo
분이,Minutes
없어서,Because
이곳에,Here
미안하지만,sorry but
일어난,Happened
왔습니다,came
로스,Loss
속에서,inside
친구를,friends
모르지만,But
예쁜,pretty
몸을,The body
잊지,Remember
엄마한테,Mom
왔다,come
했는지,You have
타,Other
같군요,Sounds
명,persons
모든걸,Everything
하라고,Told
그렇습니다,That's right
때문이야,Because
있겠어,Could've
덕분에,Thanks to
싶으면,If you want
나가서,Go out
비밀,Secret
달라,different
것보다,Than
찾았어요,I found
대,versus
데릭,derrick
고통을,The pain
환자는,Patients
엄마랑,Mom
진정한,genuine
같다,same
생긴,appeared
병원,hospital
반가워요,Nice to meet you
내내,all the time
가도,street
생각에,Thoughts
오세요,Please come
이러지,Come on
따르면,according to
고맙네,Thank you.
할까요,should
사진을,Photos
않게,Prevent
한잔,a drink
않는다,Do
있었고,It was
되는데,There is
남자를,The man
안으로,in
알았죠,I knew
물론이지,Sure
보낸,From
피가,Blood
하니까,Because
아가,Baby
반드시,must
아무리,no matter how
얘기는,Talk about
잘못된,wrong
오케이,okay
알아야,Know
걸요,'D
해줄,That will
자리를,A place
문제야,Biggie
이유를,The reason
그러다,Then
약을,medicine
싶었어,Wanted
높은,High
같아서,Like
이해,understand
하나만,just one
돌아올,Return
있는게,Itneunge
좋습니다,good
좋다,good
배를,The times
찾아야,Find
못하게,Prevent
막을,Prevent
계획을,Plan your
루크,Luke
이래,since
모르고,unwittingly
없잖아요,Eopjanahyo
그녀,she
그동안,Meantime
거니,Are you
빼고,without
거긴,Pampering
이라고,It
그랬어요,Did
더는,Anymore
죽지,Dead
녀석,guy
몰랐어,I did not know
리,Lee
뭐라,what
박사,doctor
죽였어,Killed
믿고,To believe
좋네요,It's good
여기까지,So far
이쪽은,This is
사람들에게,To the people
아빠를,Dad
어려운,difficult
봤는데,I've been
적은,few
법을,The law
모르겠다,I do not know
신이,God
그렇고,By the way
관심,Attention
집이,House is
오직,Only
좋아해요,I like
있었습니다,It was
나은,better
않아도,Need
나면,After the
옛날,A long ago
얘가,The kid
식으로,In a way
그걸로,With it
냄새가,Smell
못하는,Who
인간,human
세상이,This world
책,book
모두에게,to everyone
말해줘,tell me
처음으로,For the first time
그러게,Yeah
실제로,in reality
제임스,James
데려다,Take
크리스마스,Christmas
보기,Example
신의,faith
말했잖아,I told you
말했어,Told
돌아갈,Return
한번도,never
긴,long
움직이지,Motionless
착한,kind
일이지,One page
쓰지,Write
곳,place
도와주세요,Help
그러죠,Sure.
거니까,You dont
곁에,beside
그녀에게,to her
그러는,"Meanwhile,"
머리에,The head
확인해,check it
싶어서,Wanted
것들을,Things
데이트,Date
사고,accident
한거야,HAN
세상,world
감사해요,Thank you
책을,Books
배,ship
젊은,young
가자고,Let's go
아닌가,is not it
좋겠어요,It's good for you
비행기,airplane
맥스,Max.
하잖아,'Re
없소,Eopso
애들은,The kids
오늘밤,Tonight
고맙다,Thank you
라는,in
언젠가,someday
필요할,Needed
아이들을,Children
우리와,Us
머리가,Head
그것이,That is
세계,World
애는,Kid is
죽여,Kill
차가,car
죽고,Die
따라와,Follow
힘이,strength
확실해,Are you sure
기억해,remember
있어도,Even
자네를,You.
오래된,old
기억나,I remember
루시어스,Rusieoseu
분은,Minutes
얘기하고,And talking
상관없어,I do not care
다섯,five
이제는,now
없네요,Eopneyo
돌아가,go back
자리에,In place
이만,this much
바랍니다,wish
느낌이,the feeling is
어머,Oh
뭐든지,anything
되요,Can I
마약,drug
행운을,Good luck
봐야,Look
선생님은,The teacher
줄은,Line
몰래,stealthily
불쌍한,poor
아니잖아요,Not You
있거든요,'M
며칠,few days
저랑,Me
결코,never
이걸로,With this
안녕히,Bye
아이는,Children
자네의,Your
입을,Mouth
근처에,Near
들은,It is
뭐하는거야,What are you doing
기다려요,Wait
뭐라도,Anything
않지만,Although
배가,My stomach
뒤,rear
어떡해,what can I do
몸,body
죽이지,Kill
가질,Have
해주세요,Please
봐라,Look
어서요,Come on.
어째서,why
놓고,Place
지금도,Even now
아나,Ana
맞다,right
좋네,'S good
의해,due to
시간에,In time
차라리,rather
헨리,Henry
가끔은,Sometimes
생각했어,I thought
할아버지,grandfather
덜,Less
곳은,Place
남편,husband
애들을,The kids
구할,Save
싶은데,I want
불,fire
생일,birthday
저렇게,Like that
돈은,Money
아직은,Not yet
상태가,Condition
위로,up
가져,take it
얘긴,Talk about
안전한,safe
실수를,A mistake
미리,already
모를,Unknown
명이,People
사랑에,in love
전엔,Ago
갔어요,went
갖다,have
대화를,Conversation
하나는,The one is
벤,Ben
지도,map
가능성이,possiblity
하는게,Haneunge
있는데요,I'm
실은,actually
먹는,Eating
확인,Confirm
심각한,Serious
달라고,Have
것만,Just
있기,It
그와,He and
형사님,Detective.
모르죠,I do not know
몰랐어요,I did not know
결정을,Decisions
파티,party
날이,the day
최악의,The worst
많아요,many
죄송하지만,I'm sorry
있었는지,What was
미스터,Mister
평범한,Normal
뜻이야,You mean
올게,I'll
살인,Murder
있겠죠,Guess
들을,The
믿어요,believe
우선,priority
마시고,Drinking
당신들이,You guys
자네도,You also
혼자서,alone
심장,Heart
좋은데,Good
그런거,Geureongeo
그들에게,To them
녀석이,Guy
하면서,while doing
좋아하지,Like
너희가,You
처음부터,From the beginning
심장이,Heart
보낼,To send
가만,wait
않는다면,If the
심장을,Heart
자넬,Delightfully
뭐라구요,what
갔다,went
고양이,cat
위치를,Location
첫번째,first
생각도,Thinking of
동생,Brother
못했어,I can not
않았다,It was
내버려,Leave
진심으로,Heartily
당연하죠,Absolutely
번도,Occasions
둘다,both
과장님,Supervisor
중입니다,Is being
마침내,Finally
씨가,Mr.
검은,black
오말리,O'Malley
봐도,Look
적도,equator
아닐,It is not
다리,Bridge
무기를,Weapons
주면,Give
돌아,turn
릴리,Lily
뭔가가,Something
따로,seperately
없으니까,Because there
어디야,where are you
끝까지,to the end
준비해,Have
카메라,camera
아무튼,Anyway
알다시피,as you know
죽으면,Dies
않죠,Joggers
만나,meet
않나,Not it
아니라면,Unless
임마,Hey
중이에요,I'm
누군가를,Someone
있을지,Whether
있단,Vivo
돌아와,Come back
메리,Merry
보자고,Let's
돼서,Dwaeseo
들어갈,Fit
않지,Anji
목을,Neck
마크,Mark
정도는,The degree of
아는데,I know
게임,game
강한,strong
정말이야,Really
받는,subject
물건을,item
무서워,I'm scared
것으로,To
얘기할,To talk
싶었어요,Wanted
수정,Modified
걱정하지,Not worry
뭐에요,What is it
제길,damn
가치가,Worth
말인지,I mean
수술이,Surgery
없다면,Without
톰,Tom
클라라,Clara
삼촌,uncle
찾은,Find
질문,Questions
저들이,They are
서로를,Each other
얼굴이,The face
아무래도,Somehow
당신들은,You are
사건을,Events
됐죠,Thats
꿈,dream
입은,Mouth
받았어,I got
할수,Could
빠져,Out
물을,the water
아기가,Baby
닉,Nick
것과,What
명령을,The command
부터,from
거라면,If you're
죽이는,killing
정신이,Spirit
아파,hurt
모르겠네,I do not know.
똑같이,same
꽤나,quite
되잖아,You are
형이,Brother
밑에,under
아니었어요,It was not
어렸을,I was young
말했어요,Told
그만해요,stop it
에서,in
학교에,at school
아무런,Nothing
글로리아,Gloria
반,half
아이들이,the kids are
그리곤,Then
거냐,Geonya
한데,Together
아버지의,Father
받지,Receive
일하고,Working
말이오,Say five
없나요,Is there
원한다면,If you want
생각할,Think
버려,throw away
즉시,Immediately
거대한,giant
가봐,GO
발,foot
들어가서,Went into
시작,start
사람에게,Person
내놔,Bare
행복한,happy
나머지,Remainder
윌,Will
도와,help
노래를,song
왔는데,Came
요원,agent
되게,very
누구죠,Who
얼굴에,In the face
하실,You
환영합니다,welcome
걸까,I wonder
되겠지,Oughta
괜찮지,Are you fine
하던,Who
아내를,A wife
놈의,Chappy
미쳤어,Crazy
이것도,This also
일부러,Intentionally
혹은,or
나올,Out
찾으러,Find
걔는,She's
잡을,Catch
똑바로,upright
얻을,get
이해해,I understand
무지,ignorance
쪽으로,towards
무슨일이,what happened
이해할,Understandable
친구야,friend
어머니가,mother
질문을,The question
워,Wars
엎드려,Down
있단다,Itdanda
너희들이,You guys
놈들,They
병원에서,In the hospital
친구는,Friends
믿는,To believe
회사,company
떨어진,fallen
간에,Between
쪽,side
다야,Daya
선물,Gift
안되는,Should not
찾아서,Find
전쟁을,The war
친구들이,Friends
마이클,Michael
싸울,Fight
만나고,Meet
기다리는,waiting
쉬운,easy
매니,Manny
말로는,Says
관심이,Interest
에이미,Amy
사람이에요,People's
끝난,done
원치,Answer
재밌는,fun
말인데,Speaking
그렇겠지,Suppose yes
피,blood
예전에,Before
건배,Cheers
뭔데요,What
알면,Knowing
엄마도,Mom
것들이,Things
하려는,To
맨날,everyday
있군,Itgun
물러서,Retreat
숨,breath
팔,arm
더러운,dirty
옳은,correct
출혈이,Bleeding
즐거운,happy
다음엔,Next time
뭐해,What are you doing
준비됐어,Ready
검사,inspection
제기랄,Shit
길이,Length
나만,only me
있고요,Itgoyo
이것은,this is
좋겠다,I envy you
전에도,Before
함장님,Captain
나쁘지,Bad
관해,About
원,won
죽음을,Death
사람들의,People's
해라,do it
알잖아요,You know
거란,Going
다리를,The bridge
어젯밤에,Last night
보내고,Spending
쟤가,BOY
오후,afternoon
영향을,Affect
바라는,Wish
만나러,To meet
이러는,Doing this
다음은,next
보죠,Let's
말해야,Tell
몸에,The body
아빠한테,Dad
약속을,promise
드릴게요,I'll
미안하다,I'm sorry
바람,wind
있다고요,It is calm
은,silver
하나를,One
최소한,at least
전하,Majesty
조니,Johnny
발사,launch
무서운,scary
못하고,Unable
이길,Beat
일어날,Place
말하자면,as it were
까지,Until
나보다,than me
둘은,Both
놈들은,They are
능력을,The ability
차에서,In the car
않네,Wasnt
생각했어요,I thought
그랬죠,It did.
상처를,Wounds
생겼어,Shaped
물이,water is
가까운,near
켄,Ken
없나,Eopna
보라고,Look
불을,Fire
종일,all day
레이,Lay
아이구,Oops
미래를,The future
하나의,Single
점심,lunch
나가요,Get out
최근에,Recently
있었다고,Had
최고,Best
가라,go
파티에,The party
진짜야,Really
아픈,Hurt
리가,Riga
것들,those
전에는,late
맞았어,You're right
걸어,walk
않나요,Should
효과가,Effect
때부터,From the time
수술에,Surgery
되나요,Will
도시,city
아래,under
모릅니다,I do not know
자리,Seat
죄를,The sin
가져다,To bring
감히,dare
진심이야,I'm serious
돌려,Returns
뭐하고,What are you doing
누구지,Who is it
아닌가요,is not it
저흰,We're
일인지,Going
인간의,human's
저의,my
그땐,MD
명의,Name
남았어,Left language
하루종일,All day
자막,Subtitle
쉽지,Easy
하러,to do
전까지,Until
냄새,smell
갈래,Shall we go
여기선,Not here
생명을,Life
바꿀,Change
아내,wife
어떻게든,Somehow
필요로,Need to
문이,This statement
술을,alcohol
끝나면,The end
왔지,Came
무기,weapon
버리고,Abandoned
지역,area
해줘요,Me yo
어젯밤,yesternight
된다면,If the
올려,Up
싶다면,If you want
좋게,good
될지,Whether
끌고,Attracted
거래를,Deal
볼까,Should
조심해요,Careful
지금부터,From now on
폐하,sire
만,just
미안한데,I'm sorry.
축하해,congratulations
하,And
인생,life
안전하게,safety
말하길,He says
언니가,Sister
유명한,famous
숨어,behind
로,in
밤새,Overnight
처음엔,at first
나요,It's me
잠을,Sleep
세상은,The world
얘는,He does
오랜,long-time
최근,lately
좋죠,Bout
카레브,Carew
내말은,I mean
리처드,Richard
사람한테,A guy
학교에서,At school
달려,run
갈거야,I'm going
왼쪽,left
사실이,The fact
경우,Occation
안해,I will not
수많은,Countless
가기,Going
귀여운,cute
채,pick
크리스,Kris
하니,Hani
소식을,The news
의미가,Meaning
사람과,People and
받았어요,received
됐습니다,Year
전쟁,War
손이,Hand
장난,joke
괜찮니,Are you okay
시작해,Including
아니니까,Do not
스콧,Scott
드릴까요,Would you like
마셔,drink
쿠키,cookie
보이는데,Looks
끝났어요,It's done
방에서,In room
카라,Kara
담배,tobacco
잘하고,Well
내겐,Me
저에게,to me
파티를,The party
폴,pole
뿐이지,Ppunyiji
맘대로,Whatever
전해,the year before
데리러,Pick up
장,chapter
삶의,Of life
괜찮습니다,Fine
찰리,Charlie
없었다,There was no
영국,England
왔네,Newbie
필요합니다,Required
라,la
대니,Danny
이상해,Strange
사건이,Events
매번,every time
거잖아요,You'll
보스,boss
걸세,Gonna
생각해봐,lets think
오신,Welcome
비밀을,Secrets
있긴,Although
개를,More
간다고,Going
빠르게,fast
생각합니다,I think
괜찮으세요,Are you okay
어찌,Why
오른쪽,Right
말로,Malo
위험해,Dangerous
범인은,Shooter
가방,bag
떠나지,Leave
만들었어,I made
싶다고,Wanted
개가,a dog
뉴욕,New York
그러세요,Please
먼,distant
있는거,Itneungeo
이따,later
느낄,Feel
우와,Wow
위하여,for
열쇠,key
도시를,The city
낼,Pay
바닥에,On the floor
든,All
생각했는데,I thought
진,true
말했지,Told
가르쳐,teach
마찬가지야,Machangajiya
깊은,deep
났어,Did you
물건,stuff
금지,prohibition
살아있는,Live
또는,or
찾으면,Finds
존나,Fucking
떠나,leave
가죠,Let's go
사람들도,The people in
않았습니다,It has
파블로,Pablo
선물을,Gifts
자격이,Eligible
스스로를,Themselves
마을,Town
손으로,by hand
누나,sister
놈들을,The guys
때문이지,Because not
비슷한,Similar
없이는,Without
갑니다,going
계신,Who
아가야,HONEY
시체를,The body
데려가,Take
말해요,Tell
자가,self
옳지,Right
어릴,Childhood
듯,Seems
된다는,That
잘못이,Wrong
아시죠,You know
동시에,At the same time
형은,Brother
안다고,Know
이동,move
음식을,food
아빠랑,Dad
전까진,Until around
고작,TT
만들지,Make
해야할,To do
준비를,Prepare
못했어요,I have not
번역,Translation
범인이,Shooter
죽이려고,Kill
수술은,Surgery
뿐,only
싶을,Want
누구나,everyone
우리랑,With us
너희들은,You guys
언제부터,Since when
누구든,Anyone
관심을,Interested
관련된,Relevant
음식,food
걸릴,Take
소릴,Talking about
왕이,The king
찾지,Find
약속,Appointment
들려요,Hear
온다,come
어떤지,Equality
보여줘,show me
생각이야,I think it's
무척,very
치프,Chief
인간이,Humans
선생,teacher
알겠죠,Okay
대해선,Daehaeseon
않네요,Anneyo
개인,individual
전부터,Ago
데이비드,David
잘됐네,Good.
내려놔,Put down
놀라운,amazing
엄청나게,whopping
똑똑한,smart
행동을,Behavior
위험을,The risk
연락,Communication
도,Degree
화장실,restroom
년,year
사랑은,Love is
부르는,vocative
생기면,Saenggimyeon
부모님이,Parents
부인이,Mrs.
하겠습니다,I'll do it
넣어,Put
힘들어,tiring
감정을,Emotions
커다란,Great
빠진,Missing
위에서,On
진정해요,Calm down.
세상의,Worldly
싶진,Want
형님,brother
돌아오지,Come back
방을,The room
결과를,Results
있으세요,Full
않았지,Did
소식이,The news
임무를,The mission
사장님,boss
하긴,Although
하나요,I
남아,stay
듣지,Hear
신,God
오빠가,Brother
앨리슨,Alison
아내는,Wife
하자고,Let's
보안,security
맞습니다,Yes
아래로,Under
버크,Bourke
이러면,This isnt
약간의,Slightly
모르겠는데,I do not know.
대부분,mostly
없었죠,Eopeotjyo
원해요,I want
모르잖아,I do not know
미안합니다,Sorry
누구요,Who
싸우고,Fight
없군,To nourish
줬어,Told
저와,with me
할래,Want
같구나,I guess
됐네,Ferme
왔을,Came
대학,University
드릴,drill
좀더,more
검사를,Checked
예전,Previous
싶습니다,I would like to
스티븐스,Stevens
이거야,IES
있겠어요,I'll be
않았을,Would
나가는,outgoing
반갑습니다,nice to meet you
아저씨가,Uncle
질,quality
기억을,Remember
돕고,Help
죽기,Death
봤을,I saw
섹스,sex
올게요,I'll
떠난,Leaving
하네요,'M
누구랑,with who
앤,And
누군가는,Somebody
아들은,Sons
바,bar
마음대로,as you please
만나게,To meet
않아서,Because
결혼을,Married
보니까,Rattling
씨는,Mr.
잃은,bereaved
그런게,Wasnt
엄만,Mam
해봐요,Try
빨간,Red
때문이죠,Because
강력한,strong
환자의,The patient
대통령님,Mr. President
맥주,beer
아니거든,no it's not
얘기하는,To talk
중요하지,Not important
늦었어,late
남편은,Husband
크고,Larger
두번째,second
해서요,Counting
연락을,Contact
왜죠,Why
나무,tree
만세,hurray
쉐퍼드,Shepard
자유,freedom
관계를,Relationships
싸우는,Fight
거라는,Going
경찰에,The police
기다릴,To wait
여행,Travel
이제야,Now
여자랑,Girl.Magazines
그곳에,there
치료를,Treatment
자네에게,To you
종류의,kind of
연락이,Contact this
줄까,Want
안했어,I did not
고,And
만나는,To meet
달린,With
루시,Lucy
그렇군,Right
않을까,Would
안그래,is not it
전화해서,Call
나와서,Out
지금이,Now
괜찮을거야,It will be fine
세게,Harder
이것이,this
신발,shoes
답을,Answer
팀이,The team
괜히,in vain
헤일리,Hayley
셰퍼드,Shepherd
있을지도,Iteuljido
서서,To stand
애야,Kid.
결과가,Results
해냈어,Did
했나,Have
별거,separation
러시아,Russia
아빤,Dad
알겠다,I know
밤을,Night
루시퍼,Lucifer
전화해,Call me
달리,Unlike
이야기는,Story
친한,friendly
하겠어,I am going to
어떤가,Whether
증거가,Evidence
사랑이,Love
깜짝,surprise
있었을,It was
가봐야,To go
행복해,happy
대부분의,Most of
생각한,Thought
침대,bed
넣고,Place
밑에서,Underneath
않았죠,Did
걸고,Bet
증거를,Evidence
칼을,The sword
게임을,The game
침대에,In bed
가족은,The family
봅시다,let's see
타마오,Tama five
나왔어,I'm here
거래,deal
행복하게,happily
녀석은,Guys
영혼을,The soul
삶은,Life
위험에,The risk
끝날,The end
두려워,I'm afraid
개인적인,personal
아버진,Father
저들은,They
뭡니까,What
즉,In other words
년,year
미스,miss
중국,China
속,genus
걱정마,do not worry
여지가,Choice
가라고,To go
가야지,Gayaji
집은,House
봐서,Looking
결혼식,Wedding ceremony
자를,Who
기꺼이,Gladly
없으니,Eopeuni
여기야,Here we are
오게,Brought
싫어하는,reluctant
하시는,You
몇몇,some
있다가,later
확실한,certain
물어봐,ask
필요하면,"If necessary,"
누구한테,Who
결과,result
없었지,Turned
말게,Do not
정신을,The spirit
부르지,Call
케빈,Kevin
제시,suggest
그쪽,Tha
새끼야,Bitch
불이,Fire
영화를,movie
맨,Top
나한텐,Or hanten
늦게,late
간단한,simple
상당히,Pretty
너흰,Neohuin
발을,The feet
이후,after
이리로,Hither
보입니다,Looks
줄래,Would
돈도,Money
다르게,differently
삶이,Life
다치게,Hurt
뿐입니다,Only
생각보다,Than you think
나에,My
차는,filled
살짝,a little
못하면,If you do not
상처,Wound
필요도,Need to
하셨어요,Did you
곳이야,That's where
죽음의,Death
빈,empty
필요없어,I do not need
농담,joke
번만,Time
번이나,Times
있는건,Articles in
드세요,Please eat
어쩌다,How did
잡았어,Caught
동생이,Brother
뭐냐,What
미첼,Mitchell
건물,building
있대,They say
여자야,Is it a girl
좋아할,Like
인생은,Life is
챙겨,take
됐고,Dwaetgo
이상하게,wonderfully
잃을,To lose
모른다고,Disown
생각하면,If you think
거라고요,I would
인생이,This life
약속해,Promise
자동차,car
들어봐요,Listen
없을거야,Would not
예를,example
돌아가서,home
편지를,The letter
빌리,Billy
분,minute
안다,know
일하러,To work
걸린,hanging
질문에,The question
뒤에서,From behind
미,beauty
주에,The main
말했죠,"He said,"
너희는,You
끝나고,after finish
말에,At the end of
대통령,President
보냈어,Sent
안나,Anna
시간이야,It's Time
춤을,dance
오늘이,today
행크,Hank
달러,dollar
끝이야,It's the end
에이버리,Avery
거네,Geone
일주일,one week
꼬마,Little
가슴,chest
완료,complete
이야,It's
한가지,one thing
어딨어요,Where
아니겠지,No suppose
갈까,Shall
아들아,Son
배리,Barry
땅에,The land
신은,God
고맙소,Thank you.
신경쓰지,Bother
나왔어요,I'm here
누군데,who
분,minute
있었잖아,You were
어딨는지,Where he is
남편을,Husband
비록,Although
뒤를,Followed
너야,it's you
마십시오,Do not
딘,Dean
그만둬,stop
받아야,Need
마실,To drink
심하게,badly
분,minute
들었는데,Heard
오기,Get
없게,Disabled
소중한,precious
개의,doggy
할아버지가,Grandfather
어쩌지,What if
가려고,To go
호텔,hotel
듣는,Hearing
나이,age
일종의,Sort of
필요하지,Not necessary
일들이,Things
더욱,More
안되요,No
제이크,Jake
치워,Put away
저도요,Me too
거였어,Turns out he
엄마의,Mother
인생의,Of life
할머니가,Grandmother
당신이랑,With you
거군요,I'll
지내,stay
아기는,Baby
어떨까,What
아니네,Moly
경찰을,The police
쉬어,rest
해결할,Address
전화가,Telephone
공격을,The attack
아니라는,It is not
신부님,Father
별일,Big deal
하느님,God
걱정할,Worry
사고가,Accidents
찾기,find
길에,On the way
보이네,Looks
나가야,Get out
데려와,And took
사람들과,People
빠른,fast
돌아가는,Return
일들을,Things
말해봐요,Tell me
신을,The gods
자말,Jamal
수밖에,Bound
줬어요,It gave
걸려,Hanging
이대로,like this
에이,a
보내는,Outgoing
어머니는,Mother
가득,full
보여줄,Show
않도록,Prevent
아이의,The child
있다구요,There'm
안됩니다,It's not possible
힘,power
바람에,Wind
헬렌,Helen
및,And
않은데,Aneunde
쓰레기,Garbage
들었지,Heard
도움,help
메시지를,The message
치고,Beating
일할,To work
모른다,I do not know
아예,Altogether
않잖아,You do not
다리가,Legs
팔을,Arms
같애,I think
보인다,see
죽었다고,Dead
정보가,Information
하도록,so
생각하세요,Think
빌,Bill
이곳,this place
계획은,The plan
나보고,Reporting or
그런가,is it
좋고,Good
누구세요,Who
굳이,Bother
자식이,Child
언제든,whenever
완벽하게,perfectly
아이들,children
안전해,Safe.
않다고,Andago
해보자,Let's
앉으세요,Sit
받게,Receive
된거야,Did this happen
하셨죠,What did you
어떠세요,How about
계속해서,Continue
않았다면,If you have
했네,Haetne
각자,Each
단순한,simple
맛이,Taste
있었나,Was
무릎,knee
눈으로,Snow
감옥에서,In prison
좋겠네요,I hope
채로,While
충분한,enough
있었으면,Hope
되겠죠,'Ll
싶다,want
했으면,If you
물어,bite
정도면,It is enough
어딘가에,somewhere
군대를,Army
소식은,News
하더군요,Told
보이네요,Looks
포,artillery
멈추지,Stop
사,four
경찰은,Police
신호를,Signals
차려,Up
없거든,I can not
있을거에요,I'm there
문자,text
불러요,Call
선택을,Select
오셨어요,Ohsyeoteoyo
남의,Others
나가자,Let's go
등,Etc
가짜,fake
사건에,Events
역할을,The role
몇가지,a few
아파요,sick
상황에,The situation
아니란,Exude
이름으로,By name
차로,By car
줘야,Need
뿐이죠,Ppunyijyo
틀렸어,Wrong.
있어서요,I've got
우,Right
따라서,therefore
뭐니,What
말만,Malman
정보,Information
좋다고,Good
말해줘요,Tell
아이들은,Children
이유,Reason
쇼,Show
아빠도,Dad
왠지,Somehow
않는다고,Do
총에,A total of
되기,Become
지구,Earth
향해,toward
전체를,The whole
와인,wine
꿈이,Dream
싶지만,I want
시작할,To start
쳐,Hit
독일,Germany
사랑의,Of love
반가워,See you
많지,Much
늙은,old
쏘지,Shoot
비디오,video
확실하게,Surely
오히려,rather
토레스,Torres
않니,Do not you
부를,Wealth
목소리,voice
얘기야,I tell
레드,Red
거면,Geomyeon
그녀와,And her
올라가,Up
희망을,Hope
알려줘,let me know
월터,WALTER
주셔서,You for
멈출,To stop
그나저나,by the way
차례야,Turn.
고등학교,high school
저요,Me
사실이야,It's true
주십시오,please give it to me
소식,News
온거야,On-going
실제,real
기록을,Record
괜찮다고,Fine.
말하기,speaking
이틀,Two days
들어가면,When you enter
선택의,Selective
멋져,cool
회사를,The company
한참,long time
어땠어,how was it
그에,It
방으로,The room
찰스,Charles
알겠지만,Know
모자,hat
엘리자베스,Elizabeth
손님,customer
하나님,God
프랑스,France
이를,This
질문이,This question
이상의,ideal
됐는데,Dwaetneunde
일어나는,felled
합시다,Let's
요새,these days
미국의,The United States
그러는데,Says
뜻은,Means
성,castle
작전,Operations
여자와,Woman and
사랑하지,Not love
너무나,too
부모님,parents
여행을,trip
않았으면,If you have
사랑한다,love
돌아온,back
관련,relation
벌,bee
목소리를,The voice
중요해,Important
때문에요,Ttaemuneyo
하잖아요,You're supposed
몰라서,Cos
먹으면,Eat
그렇구나,like that
여잔,She's
그니까,I mean
홈즈,Holmes
릭,Rick
헌트,Hunt
오라고,To come
여러분이,You
입에,Mouth
존스,Jones
있으니까요,Iteunikkayo
줘서,Thanks
있었나요,Was
물어볼,Ask
조이,joy
컴퓨터,computer
상황은,The situation
싶네요,I want
봤다고,He saw
붙어,stick
복잡한,complicated
보일,Look
팀을,The team
다행이다,thank God
결국엔,eventually
물에,The water
화를,Tuesday the
자세히,Details
필요하다고,Needed
번,time
가시죠,Let's go
어두운,dark
뛰어난,excellent
여성,female
일인데,One inde
변호사,lawyer
지켜,Protect
가져왔어,Brought
바래,I hope
말해서,Speaking
주,week
놈이야,He's a
태어난,born
나가면,Go out
낫지,Beats
이들은,They
나머지는,rest of it
돼지,pig
저걸,At that
해리,Harry
옛,The old
동네,town
정말이지,Really
고칠,Fix
이야기가,Story
끝이,Ends
인간은,Humans
하킴,Hakim
능력이,Capacity
전체,all
대신에,Instead of
깊이,depth
어딨지,ItWhere
같다고,Like
벽에,On the wall
이상은,More than
탈,mask
언젠가는,Someday
그림,Drawing
그보다,"Rather,"
없었던,Could not
있군요,'Re
어쩌고,What about
책임을,Responsibility
말씀을,The word
아멘,Amen
우주,space
중에서,Between
때를,When
앉아요,sit down please
여섯,six
순간을,Moments
보려고,To see
기억하지,Not remember
죽였어요,It was killed
하루에,Per day
그린,Green
사무실에,The office
손님이,Guests
이해해요,I understand
전쟁이,The war
비가,elegy
년,year
왕,king
것들은,Things
나을,Heal
녀석을,A guy
때문이에요,That's because
그렇겠죠,Yes would
몸은,The body
지킬,Jekyll
마틴,Martin
카드,Card
모르겠습니다,I do not know
좋았어요,It was great
공주님,Princess
어떻게요,how
달라요,different
했거든,Haetgeodeun
뜻이죠,You mean
해치지,Hurt
받아요,take it
잘됐네요,Good for you
어머니를,Mother
꺼,Out
맡아,Take
비행기를,The plane
이러고,Downsized
알겠네,I'll know
계획,plan
노아,Noah
그래야지,Geuraeyaji
우리에겐,We have
신호가,Signals
슬픈,Sad
내일은,tomorrow
인해,Because
잃고,Losing
지미,Jimmy
이름도,Name is
수술실에,Operating room
가져가,take it
남을,Others
주변에,Around
엄마와,Mom and
않다,not
움직일,To move
그런거야,Geureongeoya
혈액,blood
꼬마야,Kid.
피해,damage
확실해요,I'm sure
다니는,Walking
사랑한다고,I say I love you
이곳에서,Here
권리가,The right
되나,Although
필립,Philipp
유일하게,Only
겠어,I
하는거,Haneungeo
재미,fun
해야겠어,We need
접근,Access
에디,Eddie
선을,The line
생각에는,Think
로버트,Robert
동생을,A brother
떠나는,Leaving
돌아와서,Return
식사,meal
무엇이,what
했거든요,Haetgeodeunyo
먹은,Eating
코너,corner
상관없어요,does not matter
목에,Neck
춤,Dance
부모님은,Parents
데이브,Dave
비,ratio
마리,Marie
못된,naughty
있었지만,Although
축하해요,Congratulations
같았어,It was like
사라진,disappeared
대화,Conversation
엘리엇,Eliot
관계가,Relationship
됐네요,That 's
아내와,Wife and
얘기도,Talk to
멈춰요,Stop!
왓슨,Watson
저번에,The other day
볼게요,I'll
이란,Iran
음악을,music
대장,Leader
건데요,Catapult
아줌마,Madame
인생에서,In life
총알이,Bullet
들지,Not like
국장님,Director
방법,Way
끝에,At the end
되니까,Gets
죽이려,Kill
되겠어,Gonna language
관련이,Related
있구나,Putting
사람들한테,Tell people
되는지,How
위해서요,To John
안된다고,Nuggets
저녁에,In the evening
어떠한,Any
말했잖아요,I told you
맞춰,Fit
못하겠어,I can not.
했었어,Haeteoteo
자요,sleep
하겠지,Gonna
설명할,To explain
자유를,The freedom
뜻이,This means
했었지,Haeteotji
편하게,comfortable
높이,Height
찾아봐,Look
매,every
당시,Time
해가,We are
법,method
어디가,Where
만에,Only
키루밍,Kiruna Ming
명은,Found
잠이,sleep
모습이,The appearance
듣기,Listening
파는,Selling
새벽,dawn
둘을,More
그려,Draw
외과,surgery
같으니,Like unto
카논,canon
달러를,Dollars
침대에서,In bed
제안을,Suggestions
범죄,crime
보기엔,View Yen
진정,Calm
다행이야,It's fortunate
나이가,The Age
캡틴,captain
사람으로,A person
배에,Aboard
되길,Hope
살게,To live
어머나,Oh my goodness
끝,End
잘못이야,It's wrong
있는거지,You're
둘이서,Two people
풀어,Released
엉덩이,hip
잊고,Forgot
부탁,Request
통해서,Through
거기로,There is a
힘들게,difficult
폭탄을,The bomb
해주고,Haejugo
읽고,Read
이곳은,This place
만일,if
시작한,Started
그도,He also
와줘서,Coming
말해줄,Tell me
싫다고,Hate
여러분의,Your
딸은,Daughter
이해를,Understanding
뭘요,What
있는걸,Something that
손가락,finger
수술실에서,"In the operating room,"
나처럼,like me
공격,attack
같아서요,Thought
있었네,Iteotne
같았어요,It was like
않겠어,Would've
사랑하고,love
갖게,Have
없단다,Eopdanda
명을,The people
와봐,ICI
나오면,When
릴리가,Lily
타는,Ride
주려고,To give
아시잖아요,You know
땅을,The land
이곳을,Here
말해주지,Tell
부분을,Part
상태로,The state
도로,road
이유로,Two euros
살아요,live
마음은,Heart
배포,distribute
드리죠,I'll
내고,Out
왔는지,It came from
들,field
웨버,Webber
말했던,"He said,"
먹으러,Eat
진지하게,Earnestly
얘기하지,Not tell
줄을,The line
여자의,Woman
원하면,If you want
해야만,Must
들어와요,Come on in.
목이,Thirsty
책임이,Responsibility
만들었어요,I made
미란다,Miranda
이쪽,this way
버릴,Throw
키,key
해본,Done
런던,London
먹었어,ate
봅니다,see
지냈어,How are you
후로,"Since then,"
개인적으로,Personally
거나,Or
지금쯤,By now
살인을,Murder
여자들이,Babes
됐나,Are
캘리,California
아래에,Under
뭐가요,What
생길,Cause
은행,Bank
결혼할,Married to
바비,Bobby
아버지와,Father and
편지,letter
않았고,Did
안되지,Andoeji
말대로,Say as
볼게,I'll
상황,situation
되서,Doeseo
누구라도,Anyone
누워,lie down
보이고,Show
삼촌이,uncle
스티브,Steve
치료,cure
년,year
그놈이,GNOME
여자들은,Girls
하거든,Hageodeun
있었다면,Iteotdamyeon
엘리스,Ellis
들어온,Coming
해낼,Pull
알려,Tell
들면,G.
상상도,Imagined
단순히,simply
시작했어,I started
몰리,Molly
전체가,The whole
도망쳐,Flee
안녕하십니까,Hello
하던데,I heard
들어오세요,Come on in
하다니,should
정확한,accurate
보냈어요,I sent
부스,booth
마리아,Maria
적절한,appropriate
데가,Day
않소,Anso
대기,Waiting
잃었어,I lost
트럭,truck
개자식,Son of a bitch.
견딜,Bear
재밌게,Have fun
너처럼,As you
쉬고,Resting
위험해요,Dangerous
천,cloth
생각하나,I think one
에릭,Eric
들으면,Hear
다만,but
데이빗,David
선생님을,The teacher
만났어,Met
시키는,To
짐을,us
윌슨,Wilson
오웬,Owen
남자의,Men's
기다려봐,wait
부인은,Mrs.
짓은,Anything
충분해,that's enough
나와요,Get out
케이트,Kate
앤디,Andy
꼼짝,Freeze
전투,battle
없겠지,Eopgetji
탄,burnt
브라이언,Brian
키스,kiss
대해서는,About
안전하지,Insecure
무언가를,Something
게이,gay
되잖아요,You are
형제,brother
적을,The enemy
폭탄,bomb
않을거에요,I'm not
그들과,With them
확인하고,Identify and
한테,to
교수님,professor
불가능해,Impossible
않았지만,Although
하겠어요,I'll
속의,generic
흥미로운,interesting
일곱,seven
씨를,Mr.
내로,Into
남자랑,Man Trang
따뜻한,warm
섹스를,Sex
있대요,Shes
말고요,Malgoyo
성하,His Holiness
영웅이,The hero
무언가,something
너만,only you
먹지,Eat
사라,buy it
거란다,Georanda
으,Lead
숙녀,Lady
아니까,I know
잤어,Slept
토미,Tommy
포기하지,Not give up
안되,no
되네,It makes sense
드는,Favorite
슬론,Sloane
틀림없이,Without fail
친구들을,Friends
생겼어요,I have
수업,class
걸까요,Geolkkayo
있구요,Itguyo
시,city
하길,Wish
가는데,Makin
머피,Murphy
바꿔,change
사람이랑,From yirang
놀고,Playing
세계를,The world
아니란다,No Miranda
귀찮게,plaguy
열쇠를,The key
당신에,You
잘해,do well
훔친,stolen
전까지는,Until
속으로,Into
대답해,Answer me
잠,slumbers
최고야,the best
세상에나,"Oh, God."
루이스,Louis
보면서,Looking
롭,Rob
기분은,Feeling
조심,careful
년,year
되는거야,Manifest
알겠나,You understand
이제부터,From now on
그것에,thereto
일어나지,Happened
특별히,especially
잃어버린,lost
때문입니다,because of
대고,Place
사무실에서,Office
부분이,This part
새끼가,Cubs
심한,severe
주의,caution
똑같아,Same
사건은,Events
치즈,Cheese
들어가는,Into
매년,every year
문제에,Issues
일어나서,afoot
목,neck
안전을,Safety
빚을,The debt
거리를,The streets
맛있는,delicious
이번에는,this time
맞았어요,It was right
시간도,Time is
되었습니다,It was
의하면,According to
감정이,The emotions
열고,Open
빈센트,Vincent
박사가,Dr.
안전,safety
당신네,You guys
닥치고,Shut up
양이,Sheep
벽을,Wall
잭슨,Jackson
감정,emotion
가야겠어,I gotta go.
왔구나,Yusheng
복수를,Revenge
생각했던,Thought
과연,indeed
편이,Shift
아프게,Ill
맞을,Fit
형을,Brother
아닐까,Maybe
뭔가요,What
써요,Use it
궁금해,I'm curious
이용해,With
전기,Electricity
되세요,Have
알렉스가,Alex
붉은,Red
개월,month
아무데도,Anywhere
원하는게,Do you want
죄송한데,I'm sorry.
때문이,Because
시작했어요,Started
섹시한,sexy
너나,You and
도와드릴까요,Can I help
신사,Gentleman
왔죠,Came
찾았다,found
목소리가,voice is
길은,The road
부탁이야,please
칠,seven
사라졌어,Gone
이번에,this time
돌아가고,Return
생각했죠,I thought
텐데요,Tendeyo
누구를,who
사업을,Business
살지,To live
친구들은,Friends
정부,government
시험,exam
운명을,The fate
거겠지,Giant suppose
백인,White
얻은,Obtained
괴물이,This monster
없는데요,I do not
수술실,operating room
느끼는,Feeling
해야죠,Gotta
없었습니다,There was no
그러길,Hope so
그럴지도,Map it
끝낼,Exit
없단,Eopdan
잘난,FANCY
계속해,continue
도저히,Deception
왕의,Royal
기뻐,Happy
바보같은,Goofy
무슨일이야,What's up
전쟁은,War
살릴,Save
택시,taxi
찍은,hewn
조만간,soon
진정하세요,calm down
대답을,Answer
평화를,Peace
테디,Teddy
용감한,brave
맞은,stricken
돌아왔어,I came back
시작하자,Let's begin
작년에,Last year
묻는,Asked
하거든요,Hageodeunyo
브라보,bravo
글을,Posts
토마스,Thomas
왔다고,Came
바란다,Hope
났어요,Wobbled
시간,time
불가능한,impossible
뇌,brain
넘게,Over
상처가,Wound
그럴게요,Okay
정확하게,Accurately
혼자가,Alone
점은,Points
이사,move
없군요,Airhead
임신,Pregnant
그림을,Picture
속도를,The speed
잔뜩,loads
알았다고,I knew
떠나야,Leave
에드워드,Edward
토니,Tony
하진,Not
준비됐어요,I'm ready
세워,Erected
여름,summer
감독,director
만지지,Touching
저기에,There is a
보여주고,Show
대충,Roughly
경,circa
친구도,Friends
장소를,A place
어떡하지,What do we do
이해하지,I understand
많고,Many
아무거나,anything
조지가,George
신경을,The nerves
악마가,The devil
자랑스러워,Proud of
규칙을,The rules
굴지,Prominence
말인가,Incorporated
저기서,Over there
시체,dead body
임무,mission
하기로,To a
쉬,wee
어쩜,How
누나가,Sister
가야해,Have to go
하든,Whether
배운,Learned
떠나고,Leave
아야,Ouch
감옥,prison
오전,morning
사망,Dead
창문,window
가족과,Family and
보네,BONNET
걱정은,Worry
잡았다,Caught
제리,Jerry
당겨,Pull
맞고,Hit
방식으로,In a way
돌아오면,Come back
리코,Rico
각,bracket
라그나,Ragnar
벗어,Out
데려,Take
줄래요,Would
방법으로,How to
일어나고,Happening
알어,Know
바람이,The wind
갔지,I went
이용해서,Using
들어올,Coming
없다고요,Not calm
안해요,'M not
읽어,read
쓰면,Write
마을을,The town
조금이라도,Even a little
어디든,Everywhere
번에,The times
미안하네,I'm sorry.
건드리지,Touching
대령님,Colonel
언젠간,Someday
알기,Know
구하고,Seeking
해주지,Haejuji
번,time
자긴,Jagin
찾게,Find
데려갈,Bring to go
만나면,Encounters
조사를,Investigations
바래요,Hope
더그,Doug
오줌,urine
없었고,There was no
생각했지,Thought
운,luck
갔는데,I went
지키고,To keep
재판장님,Your Honor.
종종,often
못하겠어요,I'll never
병원으로,To hospital
죽어가고,Dying
했다는,That
고맙지만,No thanks
엔진,engine
거기다,"Plus,"
같진,Unlikely
레지던트,Residents
두지,Leave
언니는,My sister
살면서,To live
각하,dismissal
훌륭해,Excellent
애들한테,My kids
차고,garage
촬영,shooting
스트레스,stress
여기에서,From here
의사를,The doctor
내는,smoking
지는,losing
바람을,Wind
어느날,One day
알지도,Not even know
블랙,black
않았나,Did
지키는,Keeping
시신을,The body
애초에,First place
있을게,I have
연방,commonwealth
그분은,He is
고통,pain
하시죠,Hasijyo
걸렸어,Busted
비밀로,Secret
결혼한,Married
들어와서,Come in
당한,Who
나라를,Country
그런건,Such thing
지내고,To stay
어딘지,Brea
즐겁게,with joy
연구,Research
허나,But
뜻인지,Means
줄게요,I'll
솔직하게,honestly
나리,Lily
아닌데요,'S not
서류,document
가슴이,The chest
안했어요,I do not
작전을,Operations
것이고,Will
대가를,The price
일본,Japan
온갖,All
장난해,Are you kidding me
현장에서,In the field
영상을,Video
말씀이,The word
왔나,Watna
시스템,system
대부분은,Most
데릭이,Derek
하고요,Wo
아이스크림,Ice cream
원했던,Wanted
엄마야,Mother
엉덩이를,The ass
버스,Bus
돌아가야,Get back
부탁해요,please
혈압이,Blood pressure
묻지,Ask
핸드폰,cell phone
모르게,Unknowingly
멍청아,Asshole.
준비하고,Prepare and
유카와,Yucca
처리할,To handle
정말이에요,Really
뜻이지,You mean
비싼,expensive
잃게,To lose
허,Huh
올거야,Coming
잡는,grasped
벽,wall
부탁해,please
눈은,Snow
배고파,I'm hungry
주로,mainly
저것,that
놔두고,Leave
남자들은,The men
구멍을,The hole
했나요,Has
일만,Days
힘들,Tiring
돈으로,The money
우연히,by chance
시스템을,The system
대위님,Captain
애기,Baby
가져왔어요,I brought
않는다는,Do
없었는데,Eopeotneunde
총이,The total
너희를,You
말했듯이,Like I said
네이단,Nathan
자식아,Asshole
무,radish
조엘,Joel
받으면,When
사실대로,Barely
않습니까,Is
뜨거운,hot
멋지네요,awesome
같고,Like
오버,over
상황에서,In situations
편히,Relax
말해도,To say
좋겠네,Be great
때문이다,Because
파트너,partner
존재하지,It does not exist
감시,watch
공,zero
돕는,Help
것이오,To five
클리어,clear
위,top
누구시죠,Who are you
앞으로도,The future
올리버,Oliver
홀로,alone
신이시여,Oh God
그래서요,So what
왜그래,What is it
덕에,Thanks
상대가,Opponents
그쵸,Huh
아시겠죠,You know
위험,danger
나라면,I would
인턴,Intern
그럴거야,I will
거였어요,It was going
서둘러요,Hurry
님,sir
병,bottle
점이,Points
치료제를,The cure
시작하면,When you start
누군가의,Someone's
못할거야,You will not
긴급,Emergency
아무나,anyone
자기를,His
리디아,Lydia
정부가,Government
그러니깐,I mean
싱크,Sinks
말이예요,You mean
작업을,The work
아니라고요,As calm
마이,my
기술을,The technology
느끼고,Feeling
출발,Start
언제든지,anytime
나간,Out
들어서,Heard
젠장할,Shit
꽃,Flower
동물,animal
과장님이,The chief
묻고,To ask
짧은,short
가슴에,The chest
도시에,The city
다르지,Different
백,back
죽었다,dead
여자애,Girls
구해,Calculated
무서워요,scary
분,minute
딱히,No apparent
코,nose
제이슨,Jason
볼래,Want
있냐,Can
또다른,Other
드레스,dress
사이,between
하나야,Hanaya
사이가,Between the
남자친구,Boyfriend
부분은,Part
남자와,Man and
않겠지,Angetji
운전,driving
선장님,Skipper
늦은,late
거에,Geoe
밤이,Night
삶에,To life
영원한,forever
좋아서,Good to
갔을,I went
최대,maximum
쪽에,On the side
무섭네,Frightening
바다,Sea
앨런,Alan
졸라,Zola
오후에,Afternoon
애나,Anna
자네와,With you
될거에요,It's going to be
긴장,Nervous
폭풍이,Stormy
마저,Even
연락해,call
가슴을,Breasts
빌어,Wish
나가게,Out
밤은,Night
사건의,Events
주말에,On the weekend
하얀,White
한대,one
시체가,Bodies
참아,Bear
스타크,Stark
암,cancer
론,theory
본적이,Have seen
테스트,Test
아서,Arthur
통,barrel
집도,House
뭐에,About what
약속할게,I'll promise
찍고,Taking
찍어,Take
죽었을,Dead
확,OK
나라,country
배울,Learn
위해선,Make
많아서,Many
시애틀,Seattle
너에,On you
윌리엄,William
어떨까요,What
해줄게,I give
영광입니다,It is an honour
공연,show
자체가,Itself
자신,Myself
하나씩,singly
상태를,The state
장군님,Sir.
읽을,Read
꺼내,Out
옆에서,In the next
흑인,black
사람이라고,Who called
총은,The total is
현장에,On the scene
잡아요,Take
다녀,Go
근처,near by
빛을,Light
테니까요,'Ll
꼴을,Forages
나오고,Out
해군,Navy
종양이,Tumor
이것을,this
따윈,Me
모르니까,Do not know
방이,The room
길로,Way
않았는데,I did
바보야,Idiot
발견한,Found
나오지,Come out
일,Work
메이,may
괴물,monster
하더군,Hadeogun
했소,Served
말할게,To tell
번호,number
마을에,The town
베일리가,Bailey
온다고,Coming
됐다고,Dwaetdago
넷,four
기다려야,To wait
집어,Up
강하게,strongly
당신들을,You guys
잘했어요,Well done
했다면,If you
그렇다,Yes
알아낼,Find out
그놈,GNOME
여자친구,Girlfriend
지낼,Stay
주인이,Owner
그렇소,exactly
완벽해,Perfect
않았다고,Did
존재를,The presence
모두의,All
작업,work
그레이스,Grace
주요,main
걔를,For him
늦어서,late
날을,Day
자기는,Self
그녀도,She also
있었다는,It was
천만에요,You're welcome
조심하세요,Look out
사라져,Live
케프너,You Kef
죽였다고,Killing
아무한테도,Anyone
레이첼,Rachel
막아,Save
의료,Medical treatment
마시오,Do not
현명한,wise
이유야,Why
내려와,Down
없음,none
잊을,Unforgettable
하려면,To
한동안,for a while
닫아,Closes
스캇,Scott
공식적으로,officially
여기를,Here
걱정이,Worry
그러네,You're right
무고한,Innocent
발견,discovery
할거에요,I'm going
노는,Playing
뚫고,Through
빅터,Victor
끝내주는,Rockin
나하고,Me and
그랬던,Did
봤잖아,You saw
내릴,Make
다물어,Shut up
없거든요,I can not
같지만,The same
나한테서,From me
나가지,Leaving
대단히,very
느낌,feeling
병이,Ill
양반,Man
수술실로,To the operating room
만났을,MET
낯선,unfamiliar
않을까요,Would
울지,Cry
싫으면,Do not like
경고,warning
탐정,Detective
사진이,Photos
이라는,Named
괜찮아질,It's okay to be
사악한,evil
그야,Geuya
·,·
보렴,Look
믿어야,Trust
애한테,For him.
사이의,Between
않거든,I do not
기사,Article
병원을,Hospitals
사소한,Minor
마침,Finish
어쨋든,anyways
여기도,Here too
안젤라,Angela
저녁을,Evening
왼쪽으로,to the left
위치,location
당장은,"Right now,"
겠어요,Would
노력,effort
바지,Pants
멋지다,cool
아닙니까,Not
요원이,Agents
세계에서,in the world
중인,Online
다니엘,Daniel
보아하니,Apparently
계셔,Gyesyeo
것이지,Geotyiji
하는건,Gon
임무는,Mission
의식을,Consciousness
빵,bread
수만,Tens of thousands
없어도,Without
정신과,Psychiatry
질문은,The question is
얼마든지,However much
믿기,Unbelievable
들어간,Into
제말은,I mean
말일세,Dir
집중해,Focus.
파리,Paris
어떤가요,How is it
마무리,Wrap-up
놀랄,Surprising
보이게,Look
방향으로,Direction
경기,game
예뻐,Pretty
특별,Special
뭐하러,Why would
테고,Tego
도와줄게,I'll help
말자,Let's
북쪽,North
주변,around
메시지,message
만들어서,Making
좋군,Good to
제작,making
피곤해,I feel tired
말해주세요,Tell me please
발견했어요,I found
밋첼,Mitchell
공을,The ball
쉬는,rest
움직이는,moving
알겠니,Savvy
참을,Bear
간호사,nurse
번,time
한다고요,Be calm
구하러,Rescue
그리고는,And
나아,better
소문이,Rumor
웃고,Laughing
아파트,Apartment
헛소리,gibberish
악마,Devil
살려줘,help me
한게,Thats
배는,The ship
먹자,let's eat
코드,code
하지도,Neither
인생에,To life
겁을,Scare
분,minute
물건이,the thing is
올바른,proper
불구하고,Despite
하신,You
되었다,It was
살았어,Lived
돌아가면,Returning
노,furnace
콜,Call
나가고,Out
산소,Oxygen
가는거야,let's go
떨어지고,Falling
땜에,The distressed
뭐래,What did you say
자유롭게,freely
안의,in
던져,Throw
만들었지,Made
냄새를,The smell
등을,My back
아버지도,Father
신호,signal
거기가,There is
제인,Jane
좋겠는데,I hope
쟤는,Jyaeneun
말아,Do not
쇼를,Show
기회는,Opportunities
할래요,Halraeyo
켈리,Kelly
했었죠,Aced
집이야,Is it your house
에이프릴,April
말인가요,Horse Is
천만에,You're welcome
한번만,only once
노력하고,Efforts
비켜요,Get out of the way
때론,Sometimes
가족의,The family
그만하고,Stop and
너희들을,You guys
속이,Deceive
기사를,Articles
조금씩,gradually
꿈이야,Dream's
의견을,Opinions
안하고,Laid
그랬잖아,You said
브루스,Bruce
무사히,safely
쓸데없는,unnecessary
이해합니다,I understand
주위를,Around
해봤어,I have tried
잘못한,Wronged
부디,Please
로빈스,Robbins
해피,happy
숲,forest
렉시,Lexi
잊어버려,Forget it
매기,tying
뭐랄까,Sort of
벗고,off with
그랬으면,If you did
강아지,puppy
말했다,said
먹어요,eat
주실래요,Would you
거군,Geogun
빅,Big
약이,About the
자리가,Spot
흔적이,This trail
판,plate
싸움을,Fight
그럴까,Geureolkka
해야해,Need to
가방을,Bags
우는,Cry
빛이,Light
조용,quiet
떠났어,And left
하며,And
머리는,Head
대단해,amazing
울고,Cry
여러분은,you guys are
죽음이,Death
안드레,Andrew
있잖니,You know
가족들이,Family members
충분하지,Not enough
어디까지,Where to
반응이,This reaction
데서,Deseo
대위,Capt.
역사상,History
시작하는,To start
있다구,It can obtain
테러,terror
느껴져,I feel
땅,land
있지요,Itjiyo
변화를,Change
단단히,firmly
어쩌죠,What if
그리워,Miss
돌아가지,Return
콜롬비아,Columbia
뇌가,The brain
년,year
캣니스,Cat Nice
거리에,on the street
훈련,training
거라도,Anything
있겠네요,Sounds like
도와주고,Help
있겠지만,But
군대가,Army
대통령이,President
베니,Benny
결과는,result
제프,Jeff
입어,Thanks
되겠네,Doegetne
숨기고,Hide
아주머니,old lady
주여,"Sir,"
잡지,magazine
클럽,club
순간에,At the moment
일해,work
직업을,A job
스타일즈,Stiles
맛,flavor
끊어,Cut off
아니고요,No quiet
사용할,Available
분,minute
니네,GALS
되었어,I became
사업,business
깊게,deep
신고,Declaration
굉장한,amazing
내에,Within
자신에게,Himself
우리끼리,Ourselves
피할,Avoided
믿음을,The faith
멋져요,cool
뜻이에요,I'm mean
하나로,One
어떠니,How about
거리,Street
아버님,father
찾았습니다,Found
있음,has exist
지켜보고,Watching
사과,Apple
남았어요,I have left
싫어해,Hate
함부로,thoughtlessly
걸을,Walking
거길,Cock
문은,Statements
말하는데,Telling
시작합니다,Start
듯이,As
않겠어요,I will
만났어요,I met
저희를,Us
주시겠어요,Could
재능이,Talent
이후에,Since the
끝나지,Ends
그러자,OK
나갔어,I went out
버린,Abandoned
일어나요,wake up
회사에,The company
열이,fever
죄다,tighten
이들이,They
결혼식에,The wedding
비행,flight
정도의,About
설명해,Explain
사람이죠,People's
잡았어요,Caught
나치,Nazi
말하게,Tell
변호사가,Lawyer
필요하다,need
게만,Geman
팀은,The team
모르잖아요,You know
포함해서,including
사무실,office
유감이야,I'm sorry
맡은,undertaken
환자에게,Patients
죽음,death
들어가요,Is example
재미있는,funny
걱정하는,Anxious
프랭키,Frankie
살기,To live
경험이,Experience
어딘가,somewhere
자살,Suicide
잘하는,fast
저들을,Them
라이온,lion
리무,Limousin
아시다시피,As you know
이식,transplantation
그런데도,"Nevertheless,"
카드를,The card
란,What
설명,Explanation
평생을,Lifetime
알렌,Allen
여자들,girls
힘내,cheer up
순간이,This moment
가운데,middle
거랑,Haves
없겠죠,Would not
부인을,His wife
사이먼,Simon
옛날에,Long ago
꺼야,Turned off
조사,Research
유감이에요,I'm sorry.
죽여야,Kill
손은,Hand
정지,stop
장군,General
키가,Tall
하늘을,The sky
봐야지,Ll
안좋은,not good
부모가,Parents
있는거죠,Did that
겁에,Terrified
물어봐도,Ask
가지마,do not go
그들도,They also
밑으로,Below
스타,star
오렴,Come
달에,On the moon
거리가,The distance
아름다워,beautiful
살해,killing
싫다,hate
잡으러,Haunt
몰랐네,I did not know
사무실로,The office
얼레,reel
수잔,Susan
마법의,Magic
화나게,Upset
보셨어요,Have you seen
메세지를,The message
가끔씩,sometimes
지금의,Now
증명할,Prove
주의를,Caution
구하려고,To save
누구의,Someone's
인터넷,Internet
이래요,Yiraeyo
죽음에,Death
때려,Beat
놈아,Motherfucker
루이,Louis
영혼이,The soul
필요한데,Need
개는,Dogs
이러한,Such
의미,meaning
피트,feet
받았습니다,received
자네한테,Tell you
들어보세요,Hear
울,fence
인형,doll
리차드,Richard
전에요,Ago.
좋을거야,You better
장기,long time
모르겠군,Sure County
인간을,The human
맞서,Against
다행이네요,That's fortunate
살아서,Alive
궁금한,curious
기회야,Opportunity to be
감당할,Bear
해결,solution
얘기한,Talking
버틸,Hold out
지나면,Over
버렸어,Ditched
방해해서,To disturb
마시는,Drinking
착하지,Good girl
장소,Place
원한,resentment
뉴욕에,New York
지옥에,Hell
걔네,Gyaene
다를,Different
저지른,guilty
나지,Forgot
시작하지,To start
도착할,To arrive
하이,Hi
책이,book
같던데,Sounded
카레프,Karev
저쪽에,Yonder
가방에,In the bag
불법,illegal
그런가요,is that so
에드,Ed.
캐롤,Carol
싶어하는,Wants
비행기가,Airplane
위험이,Risks
학교를,The school
바라,want
가능해,Is it possible
지금이야,Now's
어디죠,Where
올라가서,Go up
자식을,Children
실험,Experiment
실험을,Experiment
추적,Tracking
유전자,gene
치는,striking
기억나요,Remember
호텔에,The hotel
부른,Call
그러지마,do not do that
예쁘다,pretty
미안하구나,I'm sorry.
서로에게,To each other
없었을,Not have been
떠나면,Leave
기다리세요,Wait
무조건,must
왕을,The king
찬,cold
할지도,Might
자길,Fuck
전원,power
안고,Hold
전화할게,I'll call you
이런거,like this
일이나,One or
죽어요,Dies
않는데,It does
언제까지,How long
퀸,queen
흔적을,The trail
따위,et cetera
막고,Blocking
어둠,darkness
바빠,busy
싸우지,Fight
않았던,It was
분을,The minutes
가지는,With
애들도,Kids.
말씀해,Tell
저쪽으로,Thither
파일을,The file
가자구,Let's go
옷이,Clothes
아빠의,Dad's
리코야,Rico must
이래서,This is why
알면서,Knowing
멋진데,Cool
저희도,We also
빼,Out
몰랐는데,I did not know
역,station
제군들,Gentlemen
뉴스,news
정말로요,Really.
사격,shooting
하는데요,I'd like
고기,meat
떠,Leave
틀린,wrong
말하는거야,I'm talking
밴드,band
먹을래,Want to eat
바라지,Wish
이안,Ian
귀,ear
들어본,Heard
인터뷰,interview
잡은,Caught
있기를,To be
들었습니다,I heard
갔었어,I went
기분을,Mood
남아서,behind
커,Kerr
사고로,Accident
도시의,Town
달고,Sweet
짓이,Doing this
해주면,Haejumyeon
누구인지,Who
괜찮다면,If you do not mind
의한,by
씨의,Seed
생각하는지,What you think
비밀이,Secrets
반지,ring
휴대폰,cellphone
당신들의,Of you
선수,player
하겠다고,Would
사람처럼,Like a man
멍청이,dummy
않다는,It does
때때로,sometimes
당신은요,Do you
살아야,To live
아니겠죠,Would not
트럭을,The truck
물러나,Withdraw
그분이,His
가스,gas
가져온,Imported
쪽은,Side
구하는,Save
생각만,Think only
말예요,Bout
이따가,later
모양이야,Shape's
반가웠어요,Nice to
큰일,Big deal
지가,Land
하는거지,Am to
떠났어요,I've gone
도망가,Get away
피자,Pizza
싶었는데,Wanted
여자도,Woman also
걔한테,To her
번호를,The number
모르겠군요,I do not know
이상해요,Weird
휴가,vacation
미셸,Michelle
올라,Up
행동,behavior
여자한테,That girl
두번,twice
되,Being
일입니다,One is
있길,Thay
의원님,Congressman
끝내,Exit
낸시,Nancy
무어,Moore
이메일,e-mail
그러게요,"Iknow, right"
키스를,Kiss
있을겁니다,It will be
무엇이든,Anything
사적인,Private
겪고,Experiencing
책은,The book
사이에서,Between
주신,given
전쟁에서,The war
점,point
그것들을,Them
마약을,Drugs
통신,Communication
무엇입니까,What is
문제도,Problems also
잊어,forget
급한,urgent
말라,Malaga
셔츠,shirt
넘는,Over
풀,pool
진짜요,Really
인사,Greetings
라디오,radio
사촌,cousin
멕시코,Mexico
모건,Morgan
괜찮네,It's okay
이쪽이야,Here's the
여태,Ever
미국에,The United States
놀라게,Surprise
죽이면,Killing
없던,Unprecedented
거겠죠,It would remove
남자들이,Men
규칙,rule
형사,Detective
펄스,pulse
다요,You name
워싱턴,Washington
주변을,Around
근무,work
주실,Give
상을,Award
자네들,You-all
잘했다,Well done
아유,Ayu
가야겠다,I have to go
않으니까,Do not
미사일,missile
년이,Two years
영상,video
현실을,Reality
빨리요,Hurry
포기,Abandonment
중인데,'M
담당,charge
이는,this is
트럭에,The truck
원하는지,Want
이전,Previous
방송,broadcast
화장실에,The toilet
저쪽,there
내버려둬,Leave it alone
사라졌어요,Disappeared
곳이죠,That's where
뇌를,The brain
어리석은,Foolish
없인,Without
부르고,Call
무기가,Weapon
온통,all
표정,expression
보여줄게,I'll show
포드,ford
조금은,any
술에,Drunk
보이죠,Looks
고맙구나,Thanks
없구나,Eopguna
명령,Command
이겼어,Beat
전혀요,Not at all
다친,Injured
두는,Leave
겪은,Suffered
말하려고,To say
다예요,It's
재밌어,fun
웃는,smiling
한마디,one word
작고,Small
옷은,Clothes
못합니다,Do
불렀어,Sang
해보고,Try
확인할,identify
유령,Ghost
발로,expression
싶어서요,Wanted
누구보다,Than anyone
그렇진,Really.
구하기,exoneration
결정할,Decide
날에,On the day
때면,When
늦었어요,late
끝나는,Ends
누구냐,Who
싸워,Fight
지금껏,EVER
변하지,Change
예요,It's
거리에서,in the street
모르는데,Do not know
맡고,Responsible
이혼,divorce
내보내,Exported
자세한,Detailed
유리,Glass
손대지,Touching
싫은,loath
덤벼,Bring it on
악마의,Demonic
분위기,atmosphere
꼴,form
전부야,All Night
조그만,Small
실례,excuse
답이,Answer
끝내고,Exit
생활을,Life
하늘에,The sky
기억하고,Remember
선택할,Choose
얼음,ice
눈치,tact
싶네,I want
이상하지,Not more than
이런걸,Sort of thing
나나,Nana
메러디스가,Meredith is
화난,angry
도착하면,When you arrive
싫지만,Hate
발이,The feet
해주는,That
고대,ancient
클레어가,Claire
배우고,Learn
누구예요,Who are you
있어야지,Iteoyaji
구했어,SAVED
부동산,real estate
오른쪽으로,to the right
블루,blue
돌아가신,Death
못해서,I did not get
고양이가,The cat
멋지네,Swell
됐을,Would have been
적의,enemy
멋지게,ripping
첫째,first
신경도,Nervous
죽었고,Dead
그만큼,that much
군요,I
꿈은,Dreams
기억해요,I remember
말입니까,You mean
무릎을,Knee
올해,this year
사람입니다,Person
고든,Gordon
희망이,Hope
관해서,Regards
오빠는,brother is
요즘은,Nowadays
말았어야,Should not have
때나,Time
남지,Leave
한시간,one hour
일이라고,One called
했었어요,Pulls
캠프,camp
거고요,Still going
죽여라,Kill
이번이,This is
오늘밤에,Tonight
영웅,hero
세계의,World
주제에,On the subject
있는지도,Itneunjido
연기,Acting
병을,The bottle
있었소,It was small
번은,Once
타요,Get in
비행기에,On the plane
뭘로,Whereupon
노래가,The song
살라고,To live
보트,boat
용기를,Courage
나갔어요,I went out
프란시스,Francis
최선의,Best
날은,Day
때로는,sometimes
보통은,normally
트래비스,Travis
일해요,I work
맡을,Take
어울리는,matching
멋지지,Be great
못한다면,If you do
데려온,Brought
확신이,Unsure
아니거든요,No I
살아있어,Stay alive
되었어요,It became
애도,Mourning
잘한다,Well done
죽어도,Die
최소,Ieast
보내줘,Let him go
그딴,Geuttan
이라,Because
시계,clock
같죠,Likes
웃음,laugh
수를,The number
않을겁니다,Will not
꼴이,Enamored
댄스,dance
실수,mistake
위성,satellite
이들을,Them
회사에서,at work
남았습니다,Remained
내려가,Down
소녀,girl
다행이네,I'm glad
방은,The room
대해서도,About
같소,Gatso
종양을,Tumors
더요,One more
댄,Dan
아셨죠,Okay
가야겠어요,I have to go
그놈들이,They '
미쳤다고,Crazy
남자친구가,A boyfriend
일반적인,Normally
준다고,Bestows
짓도,Did also
확률이,Probability
목숨이,Lives
겁이,Terrified
들어왔어,All here
문제지,Questionnaire
아마도요,Maybe.
남는,Memorable
반복한다,Repeat
물론입니다,of course
중이다,Being
다양한,variety
불리는,Called
찾아요,Look
많은데,Lotta
왕은,The king
사람이지,People not
죽음은,Death
방향,direction
내부,inside
진실은,The truth is
나한테는,Or hanteneun
싶었던,Wanted
인마,men and horses
으로,to
약물,drug
누구에게,Who
얼굴은,The face
곳이지,Where not
통화,currency
살려,Alive
낸,Nancy
로라,Laura
알았는데요,I thought I
자비를,For mercy
생각하는데,To think
아니라구요,'M not
알아봐,Find out
데로,As having
직업이,the job is
멜,Mel
에밀리,Emily
맞네,'S right
농담이야,I'm kidding
이유도,Reason
써야,Write
수천,Thousands
그곳에서,There
호,arc
동생은,Brother
증거,evidence
그렇긴,That said
여기다,It's here
지내는,Stay
갇혀,Trapped
집안,house management
요리,Cooking
있을게요,I'll be
손가락을,Finger
다리에,On the bridge
이전에,Before
남자야,Man must
신성한,sacred
있었거든요,I had
죽일거야,Kill
상태는,States
들리나,Can you hear me
총알,bullet
벌어진,Happened
아니네요,I'm not
선생님의,The teacher
있었거든,I had
고통이,The pain
똑똑하고,"Smart,"
들었죠,I heard
동료,colleague
반은,Half of
너보다,You more
싶군요,I want
마셔요,drink
뭘까,What
공원,Park
교회,church
감사,thank
로비,lobby
적당한,Proper
거네요,Geoneyo
보네요,Boneyo
모른다는,It may have
사고를,Accidents
인,sign
슈퍼걸,Supergirl
밀어,Push
국가,country
신부,priest
희생자의,The victim
늑대,A wolf
둔,Dull
모자를,Hat
대학에,University
사탕,candy
위치로,To the position
하워드,Howard
구멍이,The hole
바꾸고,Change
슬슬,Seulseul
조차,Even
갈래요,Do you want to go
전해줘,Tell
좋겠군,Jotgetgun
아닌지,Or not
만나지,To meet
하루를,The day
들어오면,Comes in.
가족에게,Family-friendly
기억할,Remember
목적이,The purpose
죽겠어,Uh wait
신선한,fresh
써서,Writing
했니,Did you
기뻐요,happy
리즈,Reese
부탁합니다,please
들었다,heard
진작,Earlier
망쳤어,Ruined
왔군,Outset
드리겠습니다,I will
인도,India
매니가,Manny
라이언,Ryan
듣게,Hear
기록이,Record
영어,English
걷고,Walking
주님,Lord
자전거,bicycle
패트릭,Patrick
뱀이,The snake
보내지,Sent
기도를,Prayer
종이,paper
카메라를,The camera
관계,relation
잃었어요,I lost
목숨,life
하셨잖아요,You said
잘할,Do well
지나,Through
않다면,If you
마실래,I want a drink
킴,Kim
없었다고,Eopeotdago
친,Parent
않겠지만,Only angetji
안전할,Safe to
당신처럼,Like you
비상,emergency
않겠다고,Refused
가문의,The family
일과,daily lesson
돌아오는,Return
말이요,Horse am
알았으면,If you knew
조용한,quiet
한글자막,Hangul subtitles
과거에,In the past
전화로,By telephone
당연한,natural
미안하다고,Sorry
리무야,Limousin Night
나고,Sheds
과학,Science
보이나,Look
데도,Nowhere
바짝,Stay
한단다,Stumbles
양쪽,both side
있다는걸,There Hou
미래에,The future
넘겨,Over
감사드립니다,Thank you
양은,German silver
바꾸는,alterative
식사를,Meals
점을,Points
봤나,Have
있을거라,It would be
아빠야,Pa.
때에,When
총알을,The bullet
주무세요,Good night
말하지만,Say
차이가,The difference
치료할,Treat
없다구요,'M not
건강한,healthy
사람에,People
거울,mirror
걸리지,Take
왔네요,Watneyo
결정,decision
조언을,Tips
의미를,Meaning
나왔습니다,It came out
루크가,Luke
떨어졌어,Dropped
안해도,Anhaedo
받아들일,Accept accept
아니니,Is not
눌러,Press
여왕,Queen
틀림없어,It must
않았잖아,You did
회의,conference
올림픽,Olympic
뭐라구,Excuse
잃지,Losing
있으라고,Stay
여러분을,You
내린,Down
알았네,All right.
그때는,then
되겠네요,Doegetneyo
웃어,Smile
않았다는,Did
캠이,Cam
대령,colonel
거는,Hanging
옆으로,sideways
걱정마세요,Do not worry
마음의,Hearts
태워,Burned
하는거죠,Haneungeojyo
회사가,Company
영,spirit
외계인,alien
보군,Must be
미래의,The future's
옮겨,It moved
소설,novel
나더러,Want me
엄마에게,His mother