Romanian,English
de,of
nu,not
să,to
o,a
în,into the
ce,what the
e,e
că,that
şi,and
la,to
a,of
cu,with
pe,on
am,I have
un,a
mai,May
asta,to stay
pentru,for
este,It is
sunt,are
ai,you
te,yourself
bine,good
da,Yes
ca,that
dar,but
se,it
din,from
fost,former
care,which
fi,be
mă,me
eu,I
aici,here
sa,to
dacă,if
trebuie,must
va,will
cum,How
si,and
tu,you
acum,now
aşa,so
el,he
ar,would
lui,his
ceva,something
când,When
doar,just
eşti,you
ei,They
ne,us
mine,me
tine,YOU
poate,may be
pot,can
voi,Vol
face,do what
cred,I guess
îmi,I
au,have
mea,my
spus,SAPS
ştiu,know
unde,where
vă,yourself
meu,my
ea,she
mult,a lot
vreau,I want
s-a,to
despre,about
vrei,want
sau,or
tot,all
foarte,very
pare,seems
acolo,there
chiar,even
in,into the
noi,we
bună,Hi
ta,your
era,It was
nimic,nothing
faci,do
are,It has
făcut,made
cine,who
nici,neither
putea,can
ştii,Know
fac,do
fie,or
nevoie,need
trebui,have
rău,bad
atunci,then
timp,time
tău,your
spun,I say
și,and
rog,PLEASE
acest,this
îţi,you
nu-i,not
spune,say
avem,we
poţi,You can
al,of
le,they
după,after
vom,we will
deci,so
îl,him
prea,too
mulţumesc,thanks
să-l,shawl
cineva,someone
oh,Oh
toate,all
ani,years
cel,the
suntem,WE
vei,you
bun,good
sigur,sure
vor,will
vrea,like
mare,big
îi,him
iar,and
până,until
cât,How
haide,Come on
crezi,believe
încă,yet
hei,Hey
stai,stay
atât,so much
totul,all
avea,have
venit,income
spui,say
ăsta,to stay
avut,HAD
m-am,I
lucru,working
să-ţi,your
văzut,seen
fel,kind
să-i,Let's
putem,can
ceea,EAEC
n-am,I
să-mi,me
fără,free
ma,me
mama,mother
place,like
aş,I would
decât,than
asa,so
domnule,mister
niciodată,never
regulă,rule
mi-a,Me
prin,through
s-o,and a
esti,you
înainte,before
văd,I'm seeing
mergem,Go
unul,one
uite,look
puţin,little bit
hai,let's
loc,place
nimeni,no one
toată,all
apoi,then
vezi,see
dat,given
întâmplat,happen
fii,sons
l-am,I
naiba,heck
nou,new
oameni,people
ia,takes
facem,we make
zi,day
acasă,the home
multe,many
jos,down
lumea,the world
două,two
toţi,all
nu-mi,I do not
daca,if
timpul,time
această,This one
orice,anything
oamenii,people
auzit,heard
doi,two
dle,Mr.
luat,taken
fiecare,every
peste,over
vrut,WANTED
înapoi,back
într-o,a
astea,these
aţi,you
aia,that
fiu,son
dintre,from
merge,go
lor,their
nişte,some
trei,three
numele,name
om,man
cea,the
găsit,finder
cei,the
doamne,gosh
mele,my
te-ai,you
i,and
stiu,know
aceasta,This one
du-te,Go
viaţa,life
deja,already
ziua,day
duc,lead
dată,date
parte,part
i-am,I
vino,come over
destul,enough
câteva,some
există,there is
serios,seriously
gata,ready
bani,money
vorbesc,I'm talking
ok,K
tatăl,father
aproape,close
vedem,see
afară,outside
dau,give
numai,no more
întâmplă,happen
nostru,our
adevărat,true
noastră,Our
înseamnă,means
într-un,a
una,one
vin,wine
m-a,me
eram,we were
locul,the place
scuze,Sorry
acesta,this
vine,it's coming
repede,quick
zis,said
fapt,fact
ori,or
te-am,I
n-o,In a
putut,could
grijă,care
tale,your
lucruri,things
singur,single
prima,received
casa,House
probabil,probable
ajuns,made
cam,about
exact,exact
ştie,know
sunteţi,you
l-a,it has
dreptate,justice
simt,sense
tocmai,just
noapte,night
cele,the
târziu,Late
trecut,last
zile,days
facă,make
mereu,always
adică,namely
partea,the
seara,in the evening
lucrurile,the things
iau,I take
unui,a
împreună,together
plecat,gone
crezut,thought
omule,man
fata,face
imediat,immediate
ne-am,we
spre,to
azi,today
ţi-am,I
departe,far away
aceste,these
terminat,finished
început,beginning
trebuia,had
iubesc,I love
m-ai,May
stii,Know
măcar,even
pierdut,lost
tata,father
sub,under the
copii,BOYS
frumos,beautiful
banii,the money
mâine,tomorrow
n-ai,pan flute
mi-am,I
mamă,mother
mi,ml
mei,my
treaba,the job
l-ai,you
tată,father
plec,I am leaving
sus,up
păi,Well
n-a,N / A
s-ar,It
vorba,words
ăla,that
greu,hard
viaţă,life
vedea,see
mi-ai,You
d-le,Mr.
dumnezeu,God
tipul,type
desigur,Of course
drumul,the road
nu-ţi,do not
minute,minutes
dracu,hell
înţeleg,I see
trebuit,had
dai,you
murit,DIED
ajuta,it helps
mie,thousand
femeie,woman
idee,idea
copil,child
aveţi,you have
gândit,thought
ultima,last
ale,of
moment,time
tip,type
i-a,takes
primul,the first
aceea,that
multumesc,thanks
pus,put
sper,hope
noastre,our
data,date
merg,go
pic,bit
s-au,or
dus,shower
seama,out
erau,They were
bune,good
aşteaptă,Wait
făcut-o,done it
imi,I
spune-mi,Tell me
lua,take
urmă,follow
tare,loud
griji,worry
înţeles,meaning
cazul,case
poti,You can
vreo,some
problema,problem
buna,Hi
nu-l,not it
cauza,Cause
între,between
ajunge,that's enough
duci,go
ce-i,What's
camera,the room
ajutor,help
mort,dead
noaptea,the night
vorbim,talk
corect,correct
cand,When
întotdeauna,ever
minunat,wonderful
încercat,tried
ele,they
poftim,here you go
îşi,their
ucis,murdered
ore,hours
pune,put
vreodată,ever
vorbeşti,talk
fiul,sonny
ciudat,strange
unei,of a
dumnezeule,Dear good
dr,Dr.
ba,nay
probleme,problems
problemă,problem
vorbit,spoken
adus,brought
familia,the family
simţi,feel
lasă-mă,let me alone
luni,months
vii,are you coming
altă,other
cap,head
faţă,face
cer,heaven
ales,chosen
uită-te,behold
crede,believe
cale,way
credeam,I thought
te-a,you
ascultă,listen
nicio,any
casă,House
duce,lead
dă-mi,give me
bucur,joy
uitat,forgotten
cunosc,know
acel,that
încredere,trust
caz,case
facut,made
singură,one
joc,game
oricum,anyway
mergi,go
altceva,something else
primit,received
asemenea,also
faţa,face
lume,world
ochii,the eyes
acord,agreement
cinci,five
fată,face
veni,come
patru,four
mulţi,many
siguranţă,safety
iei,take
lăsat,dropped off
telefon,phone
prins,caught
fratele,brother
băieţi,boys
simplu,simple
asta-i,that's
salut,Hello
ţi-a,did he
uşor,Easy
maşina,car
prieten,friend
omul,man
dragă,Dear
i-ai,You
important,important
găsi,find
lângă,by
puteţi,you can
grozav,that's great
doamnă,Ms
rau,bad
câte,by
vina,fault
zici,about
şi-a,and
vorbi,TALK
dolari,USD
acea,that
pasă,pasha
mod,mode
ne-a,us
faceţi,make
uh,uh
pun,put
maşină,car
sunat,call
ești,you
mâna,hand
ştim,stimulus
rahat,bullshit
tau,your
știu,know
pleci,leave
prieteni,friendship
odată,once time
pleacă,leaves
stau,stay
drum,road
alte,other
dvs.,you.
as,I would
astfel,so
curând,soon
întors,returned
ora,hour
mi-e,thousand
mic,little
n-ar,would
doua,two
arată,to miss
alt,other
începe,you start
nouă,nine
de-a,of the
s,S
singura,one
gând,thinking
treabă,the job
trimis,Submitted
capul,head
apă,the water
copilul,the child
posibil,possible
singurul,the only one
soţia,wife
alo,Hello
noroc,luck
legătură,link
spate,back
adevărul,truth
frumoasă,beautiful
aveam,I used to have
viata,life
împotriva,against
către,by
veţi,will you
inima,heart
lăsa,leave
tăi,thy
încearcă,try
niciun,none
rămâne,remain
întoarce,turn
oraş,Town
să-şi,to His
contează,counts
auzi,hear
prietenul,the friend
ştiţi,KNOW
așa,so
nume,name
frate,brother
bărbat,man
chestia,the thing
astăzi,today
familie,family
las,coward
pleca,leave
taci,remain silent
întâmpla,happen
spatele,the back
domnul,Mr
copiii,the kids
încerc,try
mers,walking
său,or
vreme,times
ştiam,I knew
pace,peace
mersi,thanks
ajut,help
întorc,return
fiica,daughter
iti,you
an,year
le-am,I
deloc,not at all
motiv,reason
john,john
pui,chicken
minte,mind
întreb,I'm asking
înţelegi,understand
oră,hour
ţine,keep
perfect,perfect
uita,forget
mari,big
amândoi,both
știi,Know
plecăm,leave
sta,stay
jack,jack
erai,you were
persoană,the person
dupa,after
mâinile,hands
ieşi,go out
devreme,early
muncă,the work
parcă,park
sora,sister
fă,Make
gândesc,I think
rămas,remaining
fericit,happy
amintesc,remember
plac,liking
sigură,secure
revedere,revision
dl,Mister
dimineaţa,morning
mică,small
fiindcă,because
prost,dumbass
acelaşi,same
vină,guilt
naibii,hell
putin,little bit
urma,follow
sună,sounds
vreţi,want
nebun,crazy
arma,weapon
buni,Top
aduc,bring
jumătate,half
sânge,blood
intrat,entered
ţi-ai,you
spune-i,tell her
sun,call
aud,I hear
acestea,these
moarte,death
dvs,you
cunoscut,known
numărul,number
restul,restore
găsesc,I find
undeva,somewhere
mi-ar,I would
faptul,the fact
cerut,asked for
asupra,on
pa,bye
aduce,bring
zic,say
doamna,Ms
drept,Right
cumva,perhaps
aflat,found
ah,Ah
momentul,time
vadă,will give
jur,around
fim,be
toti,all
poliţia,the police
luăm,take
drăguţ,cute
ce-ai,what do you have
sam,Sat.
vreun,any
vrem,WANT
afara,outside
ultimul,the last one
sa-l,shawl
moartea,the death
echipa,team
întâi,first
care-i,What
genul,kind
il,it
foc,fire
dă,Yes
uneori,sometimes
altfel,otherwise
ştiut,knew
stat,state
unele,some
acela,that
înăuntru,in
deschide,open
ati,you
pur,pure
scris,written
abia,only
clar,clear
trece,pass
reuşit,successful
ţi,and
dea,give
schimbat,change
dimineaţă,morning
new,new
altcineva,someone else
uşa,door
prietenii,friends
ii,yl
devenit,became
ieri,yesterday
dori,like
aibă,have
pământ,earth
the,the
cameră,the room
amice,pal
tuturor,all
sex,sex
afla,find out
femei,Ladies
frică,fear
totuşi,however
sale,its
folosit,used
vorbeşte,speaks
normal,normal
liber,free
într-adevăr,really
uit,look
intră,get in
lasă,leave
sfârşit,the end
voiam,wanted
soţul,husband
băiat,boy
săptămâni,wEEKLY
ăştia,these
l-au,they
încât,that
multă,much
greşit,wrong
război,war
milioane,MILLION
găsim,find
trecută,last
ci,but
ideea,idea
biroul,the desk
vazut,seen
închisoare,prison
v-am,I
exista,there is
regula,rule
pat,bed
plus,addition
întâlnit,meeting
muri,die
amuzant,funny
sa-ti,to your
zice,say
spital,hospital
arăţi,show
jurul,around
lovit,hit
spună,tell
suficient,sufficient
trage,shoot
şansă,chance
doctor,doctor
plăcere,pleasure
draga,Dear
alea,those
domnilor,gentlemen
direct,direct
petrecere,party
oricine,anybody
plăcut,pleasant
felul,the kind
gura,the mouth
ochi,eyes
ucide,kill
traducerea,translation
telefonul,phone
special,special
şcoală,school
munca,the work
niste,some
omorât,killed
încerca,try
dispărut,missing
voastră,your
întâlnire,meeting
unii,some
cheamă,call
haideţi,come on
şase,six
ieşit,exit
fara,free
complet,completely
dragoste,love
zece,ten
povestea,the story
niciodata,never
sincer,sincere
arăt,show
dreapta,right
laşi,leave
scrie,write
opri,stop
unu,one
obicei,custom
dumneavoastră,your
viitoare,upcoming
vechi,old
aştept,look
îti,you
fugi,run
minut,minute
însă,but
afaceri,business
ţie,to you
plăcea,like
michael,michael
şti,know
mâncare,food
dă-i,gives them
ajung,get
picioare,legs
anul,the year
schimb,change
întrebare,question
aer,air
atâta,so much
charlie,charlie
puternic,strong
toţii,all
rămâi,stay
aminteşti,remember
furat,stealing
intra,get in
ajutorul,help
cafea,coffee
vad,I'm seeing
promit,I promise
poveste,story
frank,frank
scuză-mă,pardon me
gândeam,thinking
deoarece,because
treci,Skip
toata,all
lucrez,I'm working
luptă,the fight
film,movie
întrebat,questioned
prietene,friend
cat,How
anume,certain
mamei,mother
plece,GO OF
bineînţeles,of course
sa-i,to them
mână,hand
mor,I am dying
vedere,view
iubito,honey
seară,in the evening
pana,until
dăm,give
întrebări,question
inca,yet
dreptul,the right
ceilalţi,the others
lupta,the fight
sa-mi,me
apa,the water
caut,I search
voie,will
george,George
lucrat,wrought
săptămână,week
le-a,them
doctore,doctorate
personal,personal
agent,agent
joe,joe
tom,tome
dracului,hell
femeia,woman
super,Super
fete,girls
sã,to
ajute,help
cunoşti,know
puterea,the power
căpitane,Captain
birou,office
david,Davide
pregătit,prepared
mike,mike
celor,the
york,york
adaptarea,the adaptation
mesaj,message
omoare,kill
prietena,girlfriend
meargă,go
gândeşti,think
doresc,I want
dor,longing
staţi,stay
cui,nail
masina,car
absolut,absolute
aceeaşi,same
acele,those
persoane,people
accident,accident
fiind,being
sunteti,are
dl.,Mister.
crimă,crime
părinţii,the parents
evident,obvious
mi-au,me
simte,feels
pierde,lose
l,it
încerci,try
oamenilor,people
ordine,order
domnului,Mr.
spunem,tell
schimba,change
ţin,I hold
uiţi,look
noua,nine
stare,condition
mici,sMALL
continuă,keep going
învăţat,learned
rând,row
salvat,saved
ce-a,the
băiatul,boy
trimite,send
plan,plan
stă,stands
caută,search for
speriat,scared
folosi,use
urăsc,I hate
planul,the plan
fiule,sonny
m-au,me
suna,sounds
închis,closed
m,m
stie,know
foame,hunger
citit,read
secret,secret
lucrează,work
omor,murder
clipă,moment
ţii,keep
mulțumesc,thanks
simţit,sense
privire,look
cauţi,look
presupun,I suppose
văzut-o,saw it
opreşte-te,stop
masă,table
alta,other
fetele,girls
armă,weapon
cere,ask
carte,book
max,MAX
află,find out
femeile,the women
teamă,the fear
rapid,fast
termină,finish
bea,drink
mii,THOUSAND
atat,both
veniţi,coming
zona,area
potrivit,right
asculta,listen
noştri,our
vostru,your
atent,careful
ascultă-mă,hear me out
oprit,torn off
primi,receive
dintr-o,a
acasa,the home
tatălui,father
băut,drinking
dragostea,love
cartea,book
alături,together
mintea,minds
lumina,the light
masa,table
că-i,it's
priveşte,look
întreaga,around
echipă,team
arme,arms
ocupat,busy
cina,dinner
gură,the mouth
droguri,drugs
baie,bathroom
aduci,bring
cuvânt,word
oară,time
stea,star
deschis,open
ocup,deal
dormi,are you sleeping
putere,power
dna,Ms
precum,like
corpul,the body
răspunde,reply
răspuns,answer
poliţie,police
las-o,let her
aminte,memory
intre,between
oraşul,the city
pericol,danger
şeful,head
începem,Started
ies,out
nebunie,madness
săptămâna,week
n,n
uită,forget
bravo,Bravo
rost,sense
dnă,Ms
iubit,beloved
puteam,could
credeţi,think
n-are,n is
plin,full
câştigat,win
altul,another
spuneţi,tell
fericită,happy
luat-o,took
v-aţi,you
lună,month
fugit,FLED
vedeţi,see
aceşti,these
cealaltă,other
ti-am,I've
decis,determined
continua,keep going
modul,module
scumpo,sweetheart
încep,start
interesant,interesting
fiţi,be
crăciun,Christmas
peter,peter
petrece,spend
celălalt,the other one
control,control
căzut,fell
rănit,injured
secunde,seconds
tem,fear
punct,point
tati,Daddy
noul,the new
henry,henry
totdeauna,always
fundul,ass
crescut,grown
tras,fired
scoate,take out
slujba,job
calea,path
ajuţi,help
greşeală,mistake
supărat,upset
james,james
găseşti,find
doamnelor,Ladies
promis,promise
regele,The King
conduce,lead
scăpat,got rid
acestui,this
situaţia,the situation
sens,sense
vorbească,speak
um,um
luna,month
scuzaţi-mă,excuse me
grija,care
cină,dinner
chestii,things
ajutat,helped
vede,sees
băiete,boy
spunea,said
c,c
imposibil,impossible
diferit,different
doare,it hurts
vremea,the weather
arata,to miss
aseară,last night
acestei,this
luaţi,take
întorci,return
rece,cold
n-au,they have
permite,Enable
ţi-e,to you
picioarele,legs
lucrezi,You work
n-aş,nose
avocat,lawyer
ben,ben
atenţie,Careful
paul,Paule
printre,through
câţiva,a few
vieţii,life
prinde,catch
negru,black
muzica,the music
d,d
hey,hey
serviciu,service
v-a,you to
merită,deserve
informaţii,information
rămân,remain
cuvinte,wORDS
ajungem,get
persoana,the person
aveti,you have
hotel,hotel
periculos,dangerous
atac,attack
legătura,link
micul,Breakfast
inainte,before
petrecut,spent
indiferent,indifferent
drăguţă,sweetheart
opt,eight
general,general
proastă,stupid
unde-i,Where
distrus,destroyed
termina,finish
scos,out
numit,appointed
ultimele,latest
america,America
aflu,find
viitor,future
plătit,paid
părea,look
par,hair
propria,own
moară,mill
afacere,business
poliţist,policeman
care-l,that it
aruncat,threw
ascuns,hidden
trec,I pass
adevarat,true
doctorul,doctor
încet,slow
baza,the base
alex,Alexi
aur,gold
apărut,published
folosesc,use
cuvântul,the word
voastre,your
dorit,wanted
succes,success
mâncat,eat
decat,than
arăta,to miss
devine,gets
le-ai,you
ştia,knew
plecaţi,Depart
câine,dog
mary,Maryse
dv,your
unchiul,uncle
băieţii,boys
ăia,that
voia,will
sistemul,the system
motivul,the reason
întâmple,happen
închide,hang up
felicitări,congratulations
lumii,world
jocul,the game
sângele,blood
pierd,lose
familiei,Family
vroiam,I wanted
ajungi,get
trăiesc,I'm alive
cumpărat,bought
moartă,dying
nava,vessel
i-au,I take
diseară,tonight
mori,die
danny,danny
nenorocit,wretched
avion,plane
înţelege,understand
împuşcat,gun
incredibil,incredible
aştepta,wait
real,real
născut,born
locuri,seats
intru,enter
deveni,become
diferite,differently
harry,harry
doilea,second
întoarcem,return
secundă,second
jimmy,jimmy
tatal,FATHER
ce-ar,Why would
aș,I would
ne-au,us
slujbă,work
nu-ti,not your
t,t
ce-am,what I have
lista,list
bate,beat
stăm,stay
linişte,Quiet
bere,beer
plină,full
rea,bad
apropo,by the way
păcat,sin
semn,signal
dimineata,morning
pas,step
câţi,how many
nord,north
petrecerea,party
gasit,finder
tony,tony
crede-mă,believe me
deasupra,on top
salva,save
observat,noticed
sarah,sarah
trezit,woken up
punem,we
ti,you
final,final
nick,nick
lucra,work
atinge,achieve
ajută-mă,help me
pai,Well
ne-ai,we have
sfârşitul,end
jim,jim
tânăr,young man
minţi,lying
lasa,leave
bolnav,sick
fă-o,do it
minunată,wonderful
ajută,it helps
sufletul,soul
omori,kill
exemplu,example
tai,your
poți,You can
fund,background
deşi,although
companie,company
descoperit,found
poartă,gate
lungă,long
stânga,Left
alb,white
întâlnim,meet
deranjează,disturb
trimit,send
grămadă,heap
întrebi,ask
funcţionează,working
nicăieri,nowhere
okay,Okaya
piciorul,leg
sala,Hall
oferit,given
cadou,gift
nimănui,anyone
iubire,love
bar,bar
întoarce-te,come back
jane,jane
joci,play
noastra,Our
legat,tied up
sud,south
you,you
credem,think
morţi,dead
verificat,verifier
magazin,store
încercăm,we try
următorul,next
mergeţi,go
pari,you seem
şapte,seven
lăsăm,leave
cuiva,ANYONE
scot,out
trăi,live
iisuse,Jesus
vorbesti,talk
mulţime,LOT
să-ti,to your
ray,ray
părul,the hair
uşă,door
oriunde,anywhere
ştiai,you know
depinde,depends
richard,richard
bill,Billie
zilele,days
doreşti,want
grea,tough
simti,feel
arestat,custody
viitorul,the future
port,I'm wearing
căpitanul,the captain
hainele,the clothes
capăt,end
adevărată,true
respect,respect
episodul,Episode
ţară,the country
detectiv,detective
singuri,themselves
iubeşti,love
rupt,torn
don,don
inapoi,back
joacă,play
grup,group
conduc,I am driving
intamplat,happen
primesc,I'm getting
vis,dream
intampla,happen
intr-o,a
chemat,called
bob,grain
securitate,security
idiot,idiotic
recunosc,Recognize
aştepţi,wait
alţii,others
ambele,both
punctul,the point
billy,billy
încetează,ends
tommy,tommy
apartamentul,apartment
alege,choose
mijlocul,middle
glumeşti,You're kidding
mda,mda
bătut,beaten
fetelor,girls
ce-ţi,what you
armele,weapons
interesează,AFFECTING
aveai,had
paris,Paris
cine-i,Who
oare,really
număr,number
armata,army
pariu,bet
ia-o,take one
criminal,criminal
mutat,moved
majoritatea,most of them
suni,call
compania,company
sosit,arrive
căutat,looked up
regina,Queen
părăsit,leave
iată,there it is
adresa,Address
celelalte,other
veşti,news
sezonul,season
pierzi,You lose
strada,the street
ascunde,hide
metri,Metra
calmează-te,be calm
de-al,hill
cheia,the key
numesc,call
vorbă,words
jake,jake
ceai,what do you have
urât,ugly
minţit,lied
angajat,employee
ducem,take
stradă,the street
încoace,here
marea,the sea
puteti,you can
afacerea,business
surpriză,surprise
aşa-i,huh
trag,shoot
ajungă,reach
jucat,played
importantă,importance
frumoase,beautiful
asigur,assure
prietenă,girlfriend
steve,patience
usor,Easy
chestie,stuff
johnny,johnny
urmează,it follows
făcea,was
ni,us
glumă,joke
purta,BEHAVE
misiune,mission
cal,horse
bărbaţi,Barbie
plătesc,I pay
curat,clean
ce-mi,what I
clasa,class
iese,out
prostii,Nonsense
distractiv,entertaining
aşteptat,waiting
apel,call
juca,play
of,of
mişcă,move
club,club
e-n,E-n
ţara,the country
multi,many
aşteptaţi,wait
rândul,row
părinte,parent
beau,I drink
dovezi,evidence
aşteptăm,we are waiting
continuare,continuation
scurt,short
distruge,destroy
trecem,get
rege,king
părere,opinion
des,frequently
cont,account
cã,that
sergent,sergeant
m-aş,I would
mănâncă,EATING
câteodată,sometimes
căsătorit,married
nebună,madwoman
gândeşte-te,think
daţi,give
will,WILLIAM
întârziat,delayed
puternică,strong
onoare,honor
faca,make
vârsta,age
întâlnesc,meet
obține,Achieve
sînt,are
habar,idea
filmul,the movie
dura,last
dintr-un,a
american,American
lasă-l,let him
mami,Mommy
dulce,sweet
iubeşte,loves
intri,get
veche,old
porţi,GATES
ţinut,land
propriul,own
durere,pain
apare,appear
usa,door
dorm,I'm sleeping
baltă,puddle
placă,plate
opreşte,stops
gândi,think
londra,London
zonă,area
bunica,grandmother
scuzaţi,excuse
carne,meat
ne-ar,We would
asteapta,Wait
următoarea,following
scape,escape
căutăm,we are looking for
mişca,move
km,km
oferi,offer
vocea,the voice
devin,are
rugăm,Please
faceti,make
centrul,the center
mulţumim,thank you
domnişoară,Ms.
bobby,bobby
adica,meaning
mişto,cool
controlul,control
vorbind,speech
haine,clothes
uita-te,Look
pământul,earth
total,total
gol,naked
vinovat,guilty
teren,ground
linia,the line
spectacol,show
aflăm,are
dificil,difficult
m-ar,Apple
ratat,lame duck
lung,long
fbi,FBI
războiul,the war
dra,Miss
soldat,soldier
prostie,folly
condus,driving
sute,HUNDREDS
legea,the law
invitat,guest
ați,you
zbor,flight
dejun,breakfast
ha,Ha
eddie,eddie
formă,form
numeşte,called
obosit,tired
sunteți,you
ducă,lead
proces,trial
descurc,handle
puţină,some
focul,fire
bătrân,old
aşadar,therefore
lăsaţi,flabby
ruşine,shame
opresc,stop
apropie,COMING
uimitor,amazing
grăbeşte-te,hurry up
urmărit,followed
pauză,pause
săturat,saturating
aveau,had
convins,convinced
ţi-o,and a
groaznic,terrible
răspunsul,the answer
lumină,the light
cutie,box
charles,charles
plimbare,walk
schimbă,change
radio,radio
inimă,heart
perfectă,perfect
robert,robert
necesar,necessary
soţie,wife
găsească,FIND
public,public
problemele,problems
plăti,payment
superi,upset
afli,are
dans,dance
ryan,ryan
nunta,Wedding
wow,wow
dră,DRA
datoria,duty
scrisoare,letter
ti-a,did he
daniel,daniel
ceasul,the watch
limba,language
având,With
discutăm,discuss
norocos,lucky
energie,energy
milion,million
dormit,sleep
dragul,dear
acei,those
excelent,excellent
marele,great
pună,Puna
termin,finish
motive,reason
mâncarea,the food
dincolo,beyond
mica,small
iasă,out
dă-te,Get
oricare,either one
victima,victim
vi,you
obţine,Achieve
uitaţi,Remember
casei,house
arătat,showed
mark,MARKOS
mi-aş,I would
unor,of
baieti,boyish
apreciez,I appreciate
favoare,favor
date,data
fir-ar,Damn
mâini,hands
şcoala,school
mişcare,motion
ascult,listen
ridicol,ridiculous
stop,Stop
i-ar,and
ala,that
avionul,the airplane
rugat,asked
lase,leave
câştiga,win
crimei,murder
mănânci,eat
acces,accession
sistem,system
cald,warm
apartament,apartment
explic,explain
iad,hell
macar,even
doriţi,want
frumoasa,beautiful
mândru,proud
lee,lee
morţii,death
cheile,keys
întrebarea,the question
preşedinte,chairman
veti,will you
păcate,Unfortunately
călătorie,travel
implicat,involved
adam,adamant
rămână,stay
somn,sleep
mânca,eat
chris,chris
spune-le,Tell
hmm,hmm
aşteptam,we are waiting
ridică-te,Arise
tipi,guys
liberă,free
te-au,you have
găsit-o,found
câinele,dog
creat,made
verde,green
scriu,write
maria,increase
profesor,professor
ofiţer,officer
rezolva,solve
listă,list
extrem,extremely
bei,bey
huh,huh
muzică,the music
verific,CHECK
bază,the base
secrete,secret
dan,dan
frica,fear
păr,hair
prânz,Lunch
sotia,wife
ăsta-i,that's
moare,dies
siguranta,safety
martin,Martini
fierbinte,hot
animale,animated
pete,spots
miroase,it smells
arate,plowing
prezint,present
că-mi,that I
navă,vessel
începi,start
ceri,ask
iesi,out
intr-un,a
şef,head
îngrijorat,anxious
trăit,lived
cuvintele,words
oras,Town
neregulă,wrong
pahar,glass
creierul,brains
scăpa,get rid
bănuiesc,I presume
regulile,rules
iubirea,love
misiunea,mission
permis,allowed
oprim,stop
inseamna,means
existat,there
atacat,attacked
corp,body
practic,practically
vinde,sell
est,east
a-l,to him
l-aţi,you
ridicat,picked up
bunicul,the grandfather
neagră,black
eric,eric
urgenţă,expedite
perioadă,period
treacă,passing
puțin,little bit
tipii,yell
ieşim,out
datorită,due to
programul,program
kate,kate
tv,tv
cunoaşte,know
lucrul,working
lasa-ma,let me
kevin,kevin
vândut,sold
înţelegere,understanding
trist,sad
băutură,drink
asculţi,listen
decizia,Decision
îndrăgostit,lover
interior,inside
durerea,pain
viu,alive
and,and
si-a,and
avocatul,lawyer
it,it
interiorul,within
atâtea,many
te-ar,You would
băgat,involved
supărată,upset
conform,conformable
aruncă,throws
cadavrul,body
că-l,horse
vizită,visit
revenit,return
blocat,blocked
guvernul,government
linie,line
lovitură,coup
or,or
c-o,c-a
trăiască,live
amy,amy
bărbaţii,men
tragi,shoot
mesajul,the message
explica,explain
pregătită,ready
poată,can
frig,cold
to,to
părut,thought
stim,We know
scott,scott
thomas,thomas
sir,row
situaţie,situation
vârstă,age
san,breast
trăieşte,lives
mi-o,Me
afle,learn
liceu,high school
plăcută,pleasant
agentul,agent
atins,reached
grozavă,great
regret,regret
foloseşte,uses
rele,bad
interesat,interested
degrabă,rather
căuta,search for
făcută,made
picior,foot
acestor,these
walter,walter
arunca,THROW
întuneric,darkness
inteligent,intelligent
brian,brian
cărţi,books
comanda,command
stricat,broken
contact,contact
fericire,happiness
treia,third
nu-şi,not and
înaintea,prior to
pădure,forest
ordin,order
soarele,sun
vorbiţi,do you speak
nuntă,Wedding
lungul,over
prind,catch
decizie,decision
relaţie,relationship
stiti,know
hotărât,decided
încântat,Pleased
privinţa,regard
că-ţi,how many
viața,life
preşedintele,President
dur,rough
şefu,governor
poarta,gate
larry,larry
copiilor,children
membru,member
ocazia,opportunity
întâlni,meet
mr,mr
uităm,look
bord,board
ocupa,busy
surprins,surprised
tara,the country
tânără,girl
descurci,deal
armată,army
puteai,could
citesc,I read
sticlă,glass
da-mi,give me
toți,all
anii,years
nu-s,I'm not
distanţă,distance
şansa,chance
tăiat,cut
trăieşti,live
dat-o,given
speram,hope
de-aici,from here
oricând,whenever
cauză,Cause
iartă-mă,excuse me
întrebam,wondering
animal,animal
mănânc,eat
poze,PICTURES
ultimii,recent
ţi-ar,you would
culcare,sleep
taxi,taxi
restaurant,restaurant
realizat,accomplished
dragule,dear
martor,BLANK
crima,crime
patul,the bed
culcat,lying down
ce-o,what a
unchiule,uncle
rachel,Rachelle
curent,current
beat,drunk
team,fear
vreodata,ever
ridica,pick up
gunoi,trash
soare,sun
erou,hero
cateva,some
îți,you
alţi,other
jason,jason
costum,costume
gât,neck
pregătiţi,prepared
continui,continue
raportul,the report
roşu,Red
anna,anna
istoria,the history
zilei,day
impreuna,together
unite,United
bucătărie,kitchen
schimbare,change
starea,mood
foloseşti,use
nivel,level
lipseşte,missing
plânge,cry
responsabil,responsive
întoarcă,return
vest,west
suflet,soul
iubitule,boyfriend
bătaie,beat
aducă,bring
nivelul,the
omorî,kill
scenă,scene
test,test
vorbeam,talking
maine,tomorrow
nenorocitule,motherfucker
d-na,Ms.
praf,dust
milă,mercy
ucidă,killing
tarziu,Late
pierdem,lose
proteja,protect
barca,Boat
inceput,beginning
aproximativ,approximate
intrăm,enter
nasul,nose
comun,common
spuneam,said
clipa,moment
kim,kim
rezolvat,solved
bogat,rich
chestiile,things
acelasi,same
pielea,skin
albă,white
urme,all
prezent,present
bem,we drink
jerry,jerry
făceam,doing
stiam,I knew
importante,important
emily,emily
facut-o,done it
creadă,think
poză,picture
reală,THE REAL
construit,built
locuiesc,I live
crime,crimes
maşini,machinery
iubita,girlfriend
judecător,judge
luptat,FOUGHT
nopţii,night
scoala,school
bucată,piece
meci,match
cumpăr,I buy
căutarea,the quest
întreba,ask
oficial,official
sexy,sexy
ascultaţi,listen
video,video
îndoială,doubt
ofer,I offer
poliţiei,police
bărbatul,man
oraşului,city
nr,No.
sine,itself
li,them
inteleg,understand
departamentul,department
fantastic,fantastic
matt,Matta
program,time schedule
cunoştinţă,acquaintance
n-avem,we have
cutia,box
kelly,kelly
andy,andy
sperăm,hope
l-ar,would
partenerul,partner
poza,picture
conduci,lead
mile,miles
laborator,laboratory
claire,CLAIR
biserică,the church
valoare,value
amândouă,both
culoare,color
flori,FLORA
mint,lie
pâna,until
bag,bag
păţit,happened
durează,takes
lisa,lisa
sti,know
grav,serious
uciderea,killing
annie,annie
washington,Washington
istorie,history
kyle,kyle
şi-au,have
te-aş,I would
gâtul,neck
pasa,pasha
jucăm,play
vineri,Friday
curaj,Courage
specială,special
planuri,plans
bat,knock on
atenţia,Caution
ia-l,take him
intraţi,come in
fotbal,football
ucid,killing
ciudată,weird
magazinul,shop
luke,luke
chem,call
pară,pear
niciunul,no one
anumite,some
gheaţă,ice
accepta,accept
locotenente,Lieutenant
bancă,the bank
spaţiu,space-bar
judecată,judgment
adu,get
aranjat,trim
liniştit,quiet
adânc,deep
planeta,the planet
jeff,jeff
realitate,reality
discutat,discussed
lipsit,absent
puteți,you can
însărcinată,pregnant
venim,come
trecutul,past
ars,burnt
scopul,the goal
clădire,building
înca,yet
vreti,want
nevinovat,innocent
a-i,of them
oprească,stop
verifica,check it out
filme,movie
sune,sound
alice,shot
sean,sean
scapi,Lose
soră,sister
risc,risk
insula,the island
întreg,whole
visul,the dream
rolul,the role
inteles,meaning
roma,Rome
banca,the bank
dosarul,file
urmele,footsteps
lapte,milk
emma,emma
tren,train
gust,taste
scoatem,out
william,william
măsură,measure
nervos,nervous
trenul,the train
tineri,young people
soţ,husband
isi,their
televizor,TV
simon,simon
scena,scene
să-ți,your
fiului,son
poziţia,the position
curs,course
întâlnirea,the meeting
ordinele,orders
eliberat,ISSUED
mingea,the ball
aparţine,belongs
râs,laugh
fals,fake
creşte,grow
pereche,pair
idiotule,idiot
suferit,suffered
slab,weak
răspund,answer
încolo,away
refuzat,declined
acceptat,accepted
taie,cut
ţină,take
miezul,middle
clark,clark
purtat,worn
centru,center
chef,binge
secretul,the secret
ti-ai,You
ia-ţi,take your
lupte,battles
i-o,and a
albastru,blue
căpitan,captain
sută,hundred
deschisă,Open
dovadă,proof
deoparte,aside
aveți,you have
ascultat,listened
accept,I accept
fa,fa
seamănă,resembles
lucy,lucy
dispari,get lost
altele,more
urcă,get on
primeşti,you get
rahatul,shit
găseşte,find
încercam,we try
destule,enough
locuieşte,lives
ted,ted
geanta,bag
reuşi,SUCCEED
dave,dave
descurca,disentangle
curtea,court
calm,calm
gresit,wrong
stiut,know
tii,know
începutul,early
director,director
ucis-o,killed
nenorocitul,wretched
bilet,ticket
naştere,birth
copilului,baby
relaţia,the relationship
prefera,prefer
cumpăra,buy
camere,rooms
scaun,seat
recent,recently
spart,broken
suport,support
leo,leo
excepţia,except
fred,fred
iubitul,boyfriend
discuta,talk
opreşti,stop
târfă,slut
descurcat,done
imagina,imagine
arde,burn
închid,close
capabil,able
suspect,suspect
adio,Farewell
profesorul,teacher
serie,series
monstru,monster
obişnuit,normal
lipsa,lack
jackson,jackson
voce,voice
anglia,England
plajă,Beach
încercând,trying
locotenent,lieutenant
raport,report
arthur,arthur
veste,news
părerea,opinion
vorbeste,speaks
sentimentele,sentiments
prefer,I prefer
sansa,chance
autobuz,bus
trupul,body
păstra,keep
chicago,chicago
cod,code
carl,carl
renunţat,given up
m-aţi,I have
principal,main
minciună,lie
hârtie,paper
legatura,link
mana,hand
cuplu,couple
doreşte,wants
model,model
propriu,own
ocupă,busy
înşelat,deceived
apropiat,near
facultate,faculty
îngrozitor,terrible
căsătorie,marriage
lucrăm,I was working
concediat,fired
distracţie,amusement
b,b
reprezintă,represent
răni,wound
cântec,song
acoperire,covering
știe,know
creier,brain
sărut,kiss
biserica,the church
directorul,the principal
preţ,price
cai,repent
stabilit,established
forma,form
calul,the horse
post,post
piele,skin
inclusiv,inclusive
tinere,young
transformat,transformed
scap,shake
viață,life
salvez,save
mâncăm,eat
semnalul,signal
semnat,signed
odata,once time
folosim,we use
oribil,horrible
sotul,husband
rose,redness
codul,the code
regelui,King
rochia,dress
pleaca,leaves
joace,play
c-am,c I
terminăm,done
binele,good
totusi,however
pizza,the pizza
apucat,started
cariera,career
peşte,over
reusit,successful
făcute,made
degetul,finger
slavă,glory
bombă,bomb
înteleg,understand
carter,carter
forţa,force
intotdeauna,ever
alan,alan
arunc,throw
omoară,killing
dovedit,proven
primele,first
ţi-aş,I would
devii,become
puncte,puncture
client,client
sperie,hope
uşurel,gently
gasi,find
costă,cost
înnebunit,mad
clubul,club
referi,refer to
lasat,dropped off
soarta,fate
întreabă,asks
ocupi,deal
ed,ed
porc,pig
recunoscut,recognized
devină,at fault
lege,law
pistol,pistol
pornit,on
timpului,time
alegere,choice
spuneai,say
ridică,pick up
imagine,image
scoţi,out
sună-mă,call me
înveţi,learn
umană,humanity
necazuri,trouble
comandantul,commander
cazuri,cases
plătească,pay
pistolul,gun
acţiune,action
pricep,good
sat,village
experienţă,the experience
procesul,the trial
vai,Oh my
bară,bar
josh,Joshua
trezeşte-te,look alive
modalitate,method
făcând,making
nas,nose
louis,louis
aeroport,airport
întreagă,full
ooh,ooh
teme,themes
vremuri,time
d-nă,Mrs.
aducem,bring
complicat,complicated
camion,truck
clientul,customer
fotografii,photos
cumperi,buy
piatră,Stone
politia,the police
impresia,the impression
rămânem,stay
pariez,pariah
cadavru,corpse
uitaţi-vă,look
subiect,topic
jenny,jenny
înţelegeţi,understand
respiră,just breathe
schimbe,CHANGE
deschid,open
cândva,sometime
chuck,chuck
înteles,meaning
hank,hank
calitate,quality
oferă,offers
momente,moments
grace,Graca
gay,gay
doarme,is sleeping
privind,looking
poliţişti,police
idei,ideas
gary,gary
fotografie,photo
mijloc,middle
dovedi,prove
generalul,General
lire,£
plăcerea,pleasure
viteza,speed
bagi,put
serviciul,service
pantofi,Shoes
phil,phil
verifică,check it out
planetă,the planet
scumpule,deary
fugă,flight
inelul,the ring
ticălos,villain
perioada,period
ascunzi,hide
ghici,guess
ţi-l,and it
mm,MM
razna,run wild
ciudate,BIZARRE
colonel,colonel
rupe,break
internet,Internet
miros,smell
copac,tree
bomba,bomb
ţinem,keep
alegerea,election
taylor,taylor
cheie,key
reveni,return
siguri,safety
discuţie,discussion
acuzat,accused
clădirea,building
relaxează-te,relax
obţinut,obtained
potriveşte,FIT
medicamente,drugs
vara,summer
perete,wall
clasă,class
uite-l,forget it
mirosul,the smell
prindem,catch
partener,partner
laura,laurel
fostul,former
întregi,complete
săi,his
scrii,write
caute,look
piept,chest
podea,floor
medic,doctor
sua,US
semnal,signal
van,vain
vieţile,creature
salveze,save
probe,samples
ceas,clock
pantaloni,pants
face-o,doing a
nebuni,crazy
plecam,leave
cinste,honor
înceapă,start
râde,laugh
spus-o,said it
ura,hatred
mi-l,I it
refer,mean
înalt,high
fereastră,window
detalii,details
deştept,smart
victor,Victor
tie,to you
citi,read
city,city
extraordinar,extraordinary
susan,sesame
bolnavă,sick
mătuşa,aunt
glumesc,kidding
plăteşti,You pay
cărţile,books
simplă,simplicity
cinstit,honest
probă,sample
permisiunea,permission
sperii,scare
conducere,lead
sport,sports
credit,credit
europa,Europe
petrec,spend
ucizi,kill
termine,complete
astazi,today
victime,casualty
propriile,own
aleg,I choose
privesc,I'm watching
camerele,rooms
uman,human
vând,I sell
norocul,luck
miss,miss
cînd,when
pantalonii,pants
zero,zero
supraveghere,surveillance
mulțime,LOT
isus,Jesus
fratelui,brother
barbat,man
lady,lady
comandă,command
jocuri,Games
termini,finish
căutaţi,searching for
rock,rock
luam,take
sărit,jumped
dispus,willing
libertate,freedom
weekend,weekend
barcă,Boat
îndoiesc,doubt
joey,joey
gratis,gratis
părăsi,leave
lucreze,working
cancer,cancer
încercare,test
spectacolul,show
arunci,throw
aude,hears
sentiment,feeling
câştig,I earn
adevarul,truth
speranţă,the hope
stele,stars
ţi-au,you have
schimbi,CHANGE
vroia,wanted
treilea,third
parc,Park
anunţ,ad
ajutăm,help
rezultatele,results
criminalul,the killer
roger,roger
linişteşte-te,compose yourself
minune,marvel
alegi,choose
fericiţi,happy
afacerile,business
miere,honey
morgan,morgan
rochie,dress
domn,gentleman
fine,end
credea,thought
niște,some
case,houses
şefule,governor
intrare,entry
contra,versus
învăţ,learn
onoarea,honor
testul,test
chema,call
urmat,followed
deranjez,bother
los,los
folos,use
dovada,proof
proaste,WORST
stilul,style
voiai,wanted
cânta,sing
locurile,seats
cursă,race
sint,are
apar,appear
ho,ho
oferta,offer
maggie,maggie
dlui,Mr.
priviţi,look
imaginea,picture
scrisoarea,letter
amintit,recalled
prezenta,present
genunchi,knee
conteaza,counts
celui,the
chestiune,thing
câştigă,win
amin,Amen
învăţa,learn
ocazie,occasion
adu-mi,get me
bătrânul,the old man
trăim,live
grade,degrees
brusc,suddenly
apropiere,approach
victimă,victim
julia,scratch
cântă,sing
umane,humanity
speciale,specious
dumneavoastra,your
spitalul,the hospital
scapă,get rid
omului,human
gândim,think
rezista,resist
însemna,mean
grupul,the group
asigura,ensure
abby,abby
california,California
teribil,terrible
pregătesc,prepare
ordinul,the order
karen,karen
planurile,plans
tim,tim
aiurea,elsewhere
tribunal,law court
dezastru,disaster
urmăresc,follow
lovitura,coup
spiritul,the spirit
consiliul,council
vacanţă,holidays
fraţii,brothers
cursul,the
iubi,love
red,red
etaj,floor
sabia,kill with a sword
julie,scratch
pantofii,shoes
smith,smith
gaură,hole
catre,by
ştiri,news
iesit,out
china,China
victoria,VICTORIA
tabără,camp
serioasă,serious
artă,the art
capcană,trap
gandit,thought
jesse,Jess
dean,dean
controla,control
me,me
l-aş,coward
roşie,Red
aventură,venture
zicem,say
patrick,patrick
bucuros,happy
man,man
sara,salt
sâmbătă,Saturday
scop,purpose
soldaţi,soldiers
colonele,Colonel
insulă,the island
existe,there
scaunul,seat
arată-mi,show me
elizabeth,elizabeth
mandat,mandate
uiti,look
acelea,those
aceştia,these
ciuda,despite
sfat,advice
astept,expect
bilete,ticket
jones,jones
implor,beg
uitam,watching
pacient,patient
ieşiţi,exit
baţi,Bati
sari,jump up
poporul,people
preţul,price
operaţie,operation
soţiei,wives
lăsaţi-mă,let me
dragut,cute
simtă,sense
lovi,hit
st,st
decide,decide
repet,repeat
echipei,team
vestea,news
vânătoare,hunting
reguli,regularly
îsi,his
curte,yard
treaz,awake
ocupată,occupied
poziţie,position
animalele,animals
haideti,come on
credeai,thought
cind,WHEN
vorbea,speaking
costa,cost
dreaptă,right
legate,bound
toaletă,WC
aminti,to lie
curajul,courage
răi,heaven
maior,major
puneţi,place
big,big
postul,the post
mănânce,eat
poliţiştii,cops
pisica,the cat
sticla,glass
fetiţă,daughter
răspunzi,answer
citeşti,read
aceleaşi,same
adormit,sleepy
ieşire,exit
anului,year
c-ai,c-You
costumul,suit
cauta,search for
hitler,hitler
uşoară,easy
comandante,Commander
mobil,mobile
ascund,HIDING
actele,acts
plâng,cry
cartier,neighborhood
puştiul,kid
libertatea,freedom
băieți,boys
domnişoara,GIRL
golf,golf
mac,Mac
duminică,Sunday
găsiţi,find
visat,dream
puşti,kid
rezistă,resist
proiect,project
fă-mi,make me
americani,American
curajos,brave
sentimente,feeling
deranja,bother
închisă,closed
sase,six
duş,shower
respectul,respect
lasi,leave
schimbul,exchange
placi,boards
pe-aici,around here
lily,lily
molly,molly
merita,deserve
energia,power
vizita,visit
degetele,fingers
detectivul,Detective
visele,dreams
telefoane,telephones
cumpere,equilibrium
incercat,tried
haina,coat
cursa,race
r,R
memoria,memory
zău,really
recunoaşte,recognize
salvezi,save
fug,fleeing
îndreaptă,in the right
puterile,powers
yeah,yeah
ciocolată,Chocolate
plângi,cry
vincent,vincent
renunţ,quit
pricepi,understand
etajul,floor
cunoaştem,know
ştiinţă,science
sally,sally
termen,term
revin,return
park,parka
u,u
ador,I adore
personale,staff
charlotte,charlotte
soluţie,solution
act,act
acuma,now
continuăm,we continue
dumneata,you
pâine,bread
le-au,they
amanda,amanda
mi-aţi,I have
interviu,interview
iisus,Jesus
inventat,Invented
fermă,the farm
sa-si,to and
încercaţi,try
vechiul,old
nathan,nathan
boala,disease
piatra,Stone
generale,generous
unitatea,unity
goală,GOAL
preot,priest
trezesc,awake
muta,move
ţinta,aim
normală,normal
subiectul,the subject
presupune,assume
spirit,spirit
străzi,ROADS
confortabil,comfortable
amintesti,remember
călătoria,trip
datele,data
puternice,strong
firma,Company
considerare,account
contract,contract
speriată,scared
furios,furious
tratament,treatment
semne,mark
forţă,force
primii,the first ones
barry,barry
preferat,favorite
viată,life
ochiul,eye
geniu,genius
africa,Africa
următoare,following
tipule,dude
mesaje,posts
no,no
howard,howard
rămâneţi,stay
suporta,support
îndată,soon
puştiule,kid
minciuni,lies
ouă,eggs
traducere,translation
lăsat-o,left a
jackie,jack
apărare,defense
pod,bridge
rick,rick
zgomot,noise
scurtă,shorten
faza,phase
întregul,full
de-o,of a
nevasta,wife
c-a,that
încrederea,trust
urgent,urgent
prânzul,the lunch
helen,Helena
simtit,sense
natura,the nature
fosta,former
recunoşti,recognize
înțeles,meaning
colegiu,college
miliarde,billions
cuminte,good
parcare,parking
doc,dock
minţile,minds
câini,dog
străin,foreigner
câştigi,win
folosească,Avail
magie,magic
sală,Hall
diferenţa,the difference
mut,speechless
dorinţa,desire
ceilalti,the others
cade,fall
căci,for
priceput,skilled
suc,juice
aceia,those
coboară,get down
jaf,robbery
parker,parker
a-mi,my
legal,legal
mincinos,liar
sfinte,holy
medicală,physician
daţi-mi,let me
ilegal,illegal
tin,I hold
vegas,vegas
grele,heavy
datorez,I owe
pachet,batch
oliver,oliver
cunoaşteţi,know
ross,ROSSI
instanţă,instance
păstrat,reserved
viteză,speed
colţ,corner
cia,cia
presiune,pressure
lupt,battle
personală,staff
pământului,earth
renunţi,fold
conta,count
diferită,different
india,India
dispară,disappear
chloe,chloe
aerul,the air
păstrez,keep
fereastra,window
parca,park
vieţi,creature
teama,the fear
treburile,business
măi,May
proiectul,the project
anne,anne
hotelul,the hotel
transport,Transport
uau,WOW
intelegi,understand
angeles,angeles
răpit,ravished
gelos,jealous
proprietarul,owner
îndrăzneşti,dare
lemn,wood
ţineţi,hold
gândeşte,think
legii,laws
despărţit,split up
totii,all
gen,gender
tyler,tyler
îmbrăcat,dressed up
privirea,the look
baiat,boy
ofertă,offer
ucigaşul,killer
cafeaua,the coffee
împinge,push away
posibilitatea,possibility
apară,defend
mărturie,witness
pardon,sorry
donna,Donn
roman,Romanian
imaginez,picture
condamnat,convict
fix,fixed
fetiţa,girl
fantomă,the ghost
cânt,edge
pt,for
efect,effect
plâns,weeping
doug,Dougal
adăpost,shelter
rai,heaven
dinţi,tooth
numarul,number
audă,wet
seful,head
moale,soft
lord,lord
apropia,approach
val,wave
imagini,images
obligat,bound
dublu,double
urcat,increased
siguranță,safety
off,off
cerul,heaven
indiciu,indication
atentă,CAREFUL
demult,recently
informaţiile,information
renunţa,Give up
medical,medical
cate,each
potrivită,right
jumatate,half
cunosti,know
fiicei,girl
poveşti,fairy tales
strâns,tight
multime,lot
nate,nate
căutam,we are looking for
sugerez,I suggest
destinul,destiny
primeşte,Get
pierderea,the loss
stati,stay
isuse,Jesus
roy,roy
merci,thanks
abandonat,abandoned
n-aţi,I have
engleză,English
eraţi,erratic
încheiat,ended
iertare,forgiveness
îngrijorată,worried
prostiile,crap
protecţie,protection
stăpâne,master
opriţi,forbidden
franţa,France
băga,tuck
trădat,betrayed
ziar,newspaper
cadă,bathtub
secretă,secrete
priveste,look
local,local
teatru,theater
pilot,pilot
dacă-l,If it
presa,the press
munte,Mountain
misca,move
autobuzul,the bus
culoarea,color
şi-o,and a
katie,katie
dator,indebted
greg,Gregor
banda,band
gaura,hole
vânt,wind
jamie,jamie
brânză,cheese
robin,robin
tratat,treat
râu,bad
terry,terry
următoarele,next
satul,the village
supravieţui,survive
răbdare,patience
opreste-te,stop
v,V
nasol,crappy
transforma,transform
deschizi,open
pierdere,loss
miracol,miracle
prezenţa,present
king,king
rezolv,solve
sursa,source
curios,curious
sexul,sex
salvare,salvage
cuţit,knife
norocoasă,lucky
vie,vineyard
rol,role
atingi,touching
deocamdată,for the time being
urmări,follow
puternici,stronger
ferma,the farm
protejez,protect
ţintă,aim
scoată,out
neapărat,absolutely
aceeasi,same
bruce,bruce
pune-l,put it
nepotul,nephew
marty,marty
hol,hall
buzunar,pocket
ramas,remaining
tragă,fire
brad,fir
dezamăgit,disappointed
incredere,trust
adevăr,truth
printr-o,through
şi-ar,would
rapidă,rapid
acesti,these
ameninţare,threat
degeaba,nothing
curvă,whore
piesa,piece
însuşi,himself
adn,DNA
urmare,result
prinţul,the prince
salutare,Howdy
pedeapsa,punishment
spunând,saying
eveniment,event
caii,horses
comandat,ordered
sigura,secure
companiei,company
statul,State
supravieţuit,survival
marcus,marcus
trageţi,PULL
boală,disease
depozit,deposit
alcool,alcohol
curată,cleanse
spune-ne,tell us
arta,the art
şanse,odds
antrenor,trainer
mm-hmm,mm-hmm
star,standing
sunet,sound
valorii,vALUE
colonelul,Colonel
i-aţi,I have
langa,Besides
războiului,war
tina,clay
capătul,end
murdar,dirty
lucas,lucas
responsabilitatea,responsibility
vreunul,any
inel,ring
direcţia,direction
germania,Germany
anterioare,above
rebecca,rebecca
arati,show
dispoziţie,mood
scump,expensive
urmăreşte,follows
durat,lasted
c-ar,it would
stil,style
veniti,coming
justin,Justine
intrarea,entry
obosită,tired
ucisă,murdered
pus-o,put it
piesă,piece
proprietatea,property
vada,will give
merit,I deserve
trimită,MAIL
finală,the final
nave,ships
folosind,use
sentimentul,the feeling
iubim,love
forţele,forces
vedeti,see
jordan,jordan
mexic,Mexico
crea,create
martori,witnesses
incendiu,fire
nota,note
numeşti,call
victimei,victim
vrăjitoare,witch
atacul,attack
copie,copy
deosebit,particular
profesore,Professor
nostri,our
distrugă,destruction
whoa,whoa
gasesc,I find
focuri,shots
amintiri,memories
vas,vessel
explozie,explosion
stupid,stupid
romantic,romantic
luminile,lights
oricât,however
v-ar,cousin
kilometri,Kilometres
vinzi,sell
ordonat,orderly
d-l,Mister
politică,policy
sare,salt
scuză,excuse
zborul,flight
îngropat,buried
eh,eh
maestre,Master
andrew,andrew
familii,families
terenul,land
primar,primary
aparatul,device
catherine,catherine
cumpărături,shopping
marie,increase
privit,viewed
ușor,Easy
ghicesc,guess
proba,sample
aştepte,expect
wilson,wilson
corectă,correct
interesantă,interest
părţi,part
bucăţi,in pieces
miller,miller
reale,REAL
politica,policy
urca,get on
produs,product
derek,derek
trafic,traffic
russell,russell
şi-l,and it
căruia,which
jay,jay
adevărata,true
colegii,colleagues
atentie,Careful
a-ţi,of your
mulţumit,satisfied
johnson,johnson
sac,bag
vânzare,sale
îngheţată,ice cream
gras,fatty
bucurie,joy
astia,these
uscat,dry
cartierul,neighborhood
lac,lake
marfa,goods
cântecul,the song
vince,vince
teoria,theory
i-aş,I would
cunoscut-o,met
vară,summer
meciul,match
muncit,worked
ethan,ethan
avertizat,ADVISED
mulţumită,thanks to
excursie,trip
fan,hay
deranjat,upset
plecare,departure
cartofi,potatoes
tipa,screaming
arat,plowing
roz,pink
orasul,the city
vântul,the wind
ridici,up
mândră,pride
venind,coming
pozele,pictures
razboi,war
ataca,attack
amprentele,prints
cole,Articles
edward,edward
victorie,victory
militar,military
răzbunare,revenge
permit,allow
street,street
zbura,fly
dylan,dylan
bagajele,luggage
frankie,FRANK
comandant,commander
vechea,old
privi,look
ticălosule,motherfucker
uimitoare,amazing
dick,dick
cooper,cooperation
sănătos,healthy
respira,just breathe
mondial,world
my,my
apărarea,Protection
asistenta,assistance
adn-ul,DNA
privat,private
impresionant,impressive
presă,the press
on,on
drepturile,rights
trimitem,send
întâlneşti,meet
intors,returned
judecătorul,the judge
biletul,ticket
natural,natural
orb,blind
protejeze,protect
certat,fight
acoperiş,roof
onorată,honored
fum,smoke
întâmplare,event
eva,Eve
boston,Boston
bucura,joy
tabăra,camp
FALSE,FALSE
prinzi,catch
primim,we get
computer,computer
glonţ,bullet
sfatul,counsel
soţului,husband
murim,die
laboratorul,laboratory
jessica,Jess
dureri,pain
nina,nina
răspunsuri,answers
avertizez,warning
cercetare,research
asteaptă,Wait
domnisoara,girl
texas,Texas
dacă-i,if he
numi,call
braţe,hands
jess,jess
conversaţie,conversation
modă,fashion
carol,Carola
lou,lou
niciuna,none
plictisitor,boring
incearca,try
păstrezi,keep
alarma,alarm
asteptam,we are waiting
părăsesc,leave
carlos,CARL
reciproc,reciprocal
aparat,apparatus
luptăm,fight
completă,fill
mizerie,misery
anterior,previous
stan,fold
imaginat,figured
mã,me
aminteşte,remember
intorc,return
neaţa,Morning
contul,the account
linda,LIND
rosie,Red
arunce,throw
bătrâne,old
mmm,mmm
rezervă,book
recepţionat,INCOMING
ți-am,I
motorul,engine
acoperit,covered
vise,dreams
liberi,free
plăteşte,pays
cauti,looking
ploaie,rain
diavolul,devil
distrat,absent
jo,OJ
nemernic,wretch
aurul,gold
gordon,gordon
urăşte,hates
drogat,drugged
cresc,grow
fața,face
brown,brown
serviciile,services
liniştită,calm
incepe,you start
harvey,harvey
greşită,wrong
profesionist,professional
încântată,delighted
femeilor,woman
poarte,wear
acoperi,cover
explică,explain
sunetul,sound
degete,inch
lt,lt
roşii,tomatoes
ocupe,deal
retras,retired
fiică,daughter
trecuta,last
luati,take
scrisori,writing
soldaţii,soldiers
clienţii,customers
declarat,declared
împrumut,loan
placut,pleasant
suferi,suffer
auzim,hear
pietre,stones
adevăratul,real
păstrează,keep
câmp,field
știm,stimulus
siguranţa,safety
meriţi,you deserve
râzi,laugh
contractul,the contract
pline,full
discut,discuss
michelle,MICHEL
ce-l,EC it
considerat,considered
victimele,victims
navei,ship
simţiţi,feel
antrenament,training
membrii,members
categoric,categorical
betty,betty
credeti,think
venea,coming
plată,the payment
unitate,unit
bal,prom
aiba,have
ucigaş,killer
toby,toby
după-amiază,afternoon
angela,Angela
aha,Aha
intoarce,turn
păcălit,tricked
caseta,box
canapea,sofa
gândurile,thoughts
bunicule,Grandfather
albert,Alberta
de-asta,that's why
atenţi,CAREFUL
trupele,troops
lungi,lengthen
beth,beth
talent,talent
zboară,fly
medicale,physician
făceai,doing
pacientul,patient
rezolvăm,solve
nenorocită,fucking
mişcaţi-vă,move out
zahăr,sugar
dansezi,dance
obtine,Achieve
gândul,thought
minunate,wonderful
liz,liz
nisip,sand
înger,Angel
teste,test
veți,will you
maiestate,majesty
rezultatul,the outcome
fire,nature
căsători,marry
asigurare,insurance
sophie,Sophos
fir,thread
apropiaţi,close-knit
duceţi,take
mediu,environment
meseria,profession
negativ,negative
intreb,I'm asking
ocupăm,deal
sănătate,health
aparent,apparent
impotriva,against
obiect,object
gloria,glory
stăpânul,owner
scăpăm,escape
prindă,catch
pasăre,bird
înregistrat,recorded
înţelegerea,understanding
criză,crisis
ocean,ocean
verificăm,check
explici,explain
casey,casey
artist,artist
corpului,Corps
numere,numeral
cadavre,bodies
bătrână,old
spălat,washed
pescuit,fishing
tristă,sad
părinţi,parents
profund,deep
dificilă,difficult
expert,expert
spuneti,tell
ridic,up
înţelegem,we understand
margaret,daisy
trezi,wake up
lipsesc,missing
multa,more
hoţ,thief
baby,baby
zilnic,daily
inimii,heart
înregistrare,registration
câinii,dogs
muncesc,I work
soarelui,sun
gaz,gas
fiti,be
marfă,goods
iarbă,Grass
braţele,arms
saptamana,week
opriţi-vă,pause
reuşesc,fail
staţia,the station
încotro,where
statele,Member
relaţii,relations
puteau,could
rar,rare
detaliile,details
elena,Elena
cerem,ask
ian,January
dosar,folder
west,west
vietii,life
sinucidere,suicide
securitatea,security
ti-e,to you
hannah,hannah
cuţitul,knife
dosarele,records
dezgustător,disgusting
politie,police
cererea,application
lunii,of
magia,magic
simți,feel
ierta,forgive
sol,ground
stătea,sat
baseball,base-ball
locotenentul,Lieutenant
todd,todd
câtă,how much
placere,pleasure
inutil,useless
zburat,flown
studiat,studied
semnul,the sign
împreuna,together
randy,randy
medicul,doctor
rusia,Russia
dorim,we want
interzis,forbidden
fura,steal
atâţia,many
şerif,sheriff
familiile,families
sărutat,kissing
înălţimea,height
altora,others
răul,the river
greșit,wrong
camionul,truck
locuieşti,live
ºi,and
gus,gus
pază,watch
ridice,up
barul,bar
celulă,cell
conducerea,leadership
p,p
negre,Negros
da-i,give the
sfânt,saint
oase,bones
omorât-o,killed
bandă,band
ministru,minister
cerere,application
papa,bye Bye
tort,cake
lupţi,FIGHTING
le-ar,would
kg,kg
davis,davis
braţul,arm
v-ati,you have
faceți,make
membri,States
gravidă,pregnant
engleza,English
provocat,provoked
ieftin,cheap
wayne,wayne
sexual,sexual
a-şi,To
interesul,interest
terminaţi,finished
vot,vote
dulap,wardrobe
dormitor,bedroom
by,by
trimiţi,send
univers,universe
articol,article
repara,repair
refuz,refusal
conducă,lead
ureche,ear
incerc,try
goale,blank
harta,Map
jucător,player
pune-o,put it
paza,watch
pacea,peace
valorează,WORTH
rana,wound
explicat,explicitly
jocurile,games
fructe,fruits
întâlniri,meetings
rata,the duck
universul,the universe
căsătoria,the marriage
minge,ball
ziarul,newspaper
accepţi,accept
dureze,take
altcuiva,to another
baia,the bathroom
han,inn
armatei,army
walker,walker
jurat,juror
fizic,physical
olivia,Olivi
fotografia,the picture
dacă-mi,if I
dinainte,beforehand
umple,fill
soția,wife
învaţă,learn
curand,soon
jurnalul,diary
genial,brilliant
importanţă,importance
pisică,the cat
căsătoriţi,married
prostule,fool
liniste,Quiet
întârziere,delay
adus-o,brought
miami,miami
publice,publicly
zicea,said
central,central
grant,grant
pune-ţi,put your
ban,ban
tiu,know
atras,attracted
teorie,theory
înşeli,wrong
italia,Italy
pretinde,claim
dispare,disappear
vărul,the cousin
descoperi,discover
domeniul,the
joi,Thursday
puteri,power
sinucis,suicide
echipajul,the crew
înțeleg,I see
greseala,mistake
nemaipomenit,unbelievable
bietul,poor
furtună,the storm
acte,acts
povestit,told
suferă,suffer
părinţilor,fathers
riscul,risk
carrie,carrie
sexuală,sexed
kenny,kenny
continuaţi,continue
aduceţi,bring
drogurile,drugs
pasul,up
dovezile,evidence
teddy,teddy
sarcina,task
știut,knew
însurat,married
transmite,transmit
susţine,stands up
confuz,confused
marginea,the edge
ali,ali
scuza-ma,Sorry
efort,effort
penny,penny
de-abia,barely
magic,Magic
băutura,drink
cânţi,play
rade,laugh
promite-mi,promise me
avut-o,had
oportunitate,opportunity
ceară,wax
mila,mercy
carnea,meat
suprafaţă,surface
fure,steal
citeşte,read
crească,grow
garaj,garage
lipsă,lack
gandesc,I think
zid,wall
urechile,ear
eroul,hero
that,That
owen,owen
terapie,therapy
apropii,close
intenţionat,intentional
înmormântare,funeral
jacob,jacob
adu-l,Bring
încercarea,trying
e-mail,e-mail
începând,starting up
atrage,attract
avere,wealth
adunat,collected
astepta,wait
ating,touching
guvernului,governor
fier,iron
secţie,section
guvern,government
stând,stand
garda,guard
petreci,party
lewis,lewis
plata,the payment
ellen,ellen
amabil,CONSIDERATE
blestemat,cursed
apelul,the call
oraș,Town
cărui,which
motor,motor
convinge,convince
tribul,tribe
numerele,the numbers
sos,S.O.S
apărea,appear
firmă,Company
se-ntâmplă,happening
fraţi,brethren
scări,SCALES
tre,tre
francisco,francisco
f,f
gibbs,gibbs
periculoasă,dangerous
scuzati-ma,excuse me
schimbăm,change
aah,aah
comportamentul,Behavior
confirmat,confirmed
distrugi,destruction
bineinteles,of course
duceţi-vă,Go
datorie,debt
învinge,defeat
inspector,inspector
iarăşi,again
recunoscător,grateful
echipamentul,equipment
impresionat,impressed
secretele,secrets
dispozitiv,device
truc,trick
întelegi,understand
interes,interest
copaci,trees
statelor,Member
spion,spy
construi,build
coincidenţă,coincidence
pastile,Tablets
asculte,listen
spuna,tell
hartă,Map
cheama,call
distrug,destruction
indian,Indian
aruncăm,take
mickey,mickey
treburi,thing
bunico,Grandma
so,it
doctorii,doctors
identitate,identity
discurs,speech
urechi,ear
gand,thinking
episoadele,episodes
raymond,raymond
yo,yo
vorbești,talk
același,same
numită,named
floare,flower
sursă,source
locului,place
nevoia,the need
lumi,worlds
publică,public
brandon,brandon
metal,metal
fetei,girl
criminali,criminals
piaţa,market
arătăm,show
sue,sue
informaţie,information
coşmar,nightmare
pipi,pee
top,top
furtuna,the storm
obişnuită,usually
cădea,fall
privată,private
căutare,search
piaţă,market
amicul,friend
eliminat,deleted
adevărate,real
piardă,lose
riley,riley
jeremy,jeremy
maxim,maximum
pagina,page
identificat,identified
fericirea,happiness
necesare,needed
premiul,prize
steven,steven
orele,hours
menţionat,mentioned
şeriful,sheriff
suspectul,suspect
matthew,matthew
pistă,track
părintele,Fr.
urâtă,ugly
declaraţie,statement
florile,flowers
gloanţe,bullets
limita,limit
toaleta,WC
ucişi,KILLED
diferenţă,the difference
ameninţat,threateningly
obtinerea,getting
mişcă-te,move it
demon,demon
sinceră,honest
produce,produce
acelui,that
albi,bleach
servesc,serve
nancy,nancy
jefuit,robbery
amintirile,memories
connor,connor
voastra,your
gluma,joke
câmpul,the field
realitatea,the reality
mașină,car
zoe,zoe
dennis,dennis
preajmă,neighborhood
tari,countries
cardul,card
majestate,Majesty
carieră,career
ie,ie
servit,serving
inauntru,in
uite-o,there she is
lider,leader
proaspăt,fresh
inamicul,enemy
ghinion,bad luck
panică,panic
casele,houses
strica,hurt
funcţiona,function
lecţie,lesson
argint,silver
continuat,continuity
mister,mystery
vârful,top
elibera,ISSUE
puşcărie,gaol
rob,slave
priveşti,look
albe,whites
coleg,colleague
travis,travis
uşile,the doors
lasă-i,Let i
speranţa,the hope
aaron,aaron
stomacul,the stomach
excelentă,excellency
oscar,oscar
distrezi,fun
doriti,want
harold,harold
distrusă,destroyed
sprijin,support
greşeli,mistakes
rănesc,hurt
liam,liam
superb,superb
învins,defeated
supăra,offend
du,Go
situatia,the situation
memorie,memory
dansez,dance
vampir,vampire
cadouri,Gifts
credinţa,faith
piese,parts
comis,committed
faptului,that
urs,bear
dacã,if
mărimea,size
piscină,pool
d-ra,Miss
şampanie,champagne
hm,ahem
păstrăm,We keep
dumnezeul,god
subsol,basement
gânduri,thoughts
coasta,the coast
barney,barney
regină,Queen
deget,finger
întâlnească,meet
agenţi,agents
motivele,reasons
whisky,whiskey
vinul,the wine
explicaţie,explanation
urăşti,hate
medicamentele,drugs
fizică,physics
şi-mi,shimmy
salvăm,save
jonathan,jonathan
datorezi,owe
băieti,boyish
consideră,considerably
joseph,joseph
maşinii,car
grădină,garden
ticălosul,villain
maşinile,cars
ancheta,investigate
jennifer,jennifer
spencer,spencer
personalul,staff
întrebările,questions
zăpadă,the snow
prinţesă,princess
concurs,COMPETITION
lovesc,hit
puţine,few
caroline,caroline
delicios,delicious
iubită,girlfriend
profit,advantage
stephen,stephen
temperatura,temperature
sărbătorim,celebrate
clienţi,customers
paige,paige
râd,laugh
furi,stealing
teritoriul,territory
ajuti,help
câştige,win
seamă,account
loveşte,strikes
hill,hill
bată,bat
sfarsit,the end
statului,State
prezentat,present
culci,sleep
auto,auto
invers,inverse
grăbiţi-vă,hurry up
parintii,the parents
greşeala,mistake
forţat,forced
urmăreşti,follow
color,dye
natalie,native
falsă,false
cunoscută,known
earl,earl
meritat,merited
glumeam,joking
desi,although
student,student
auziţi,hear
maestrul,master
ramane,remain
verifici,check
keith,keith
voştri,your
legată,related
vândă,vandal
articolul,the article
actor,actor
dorinţă,desire
ulei,oil
mormânt,grave
şoc,shock
anumit,certain
n-as,nose
senator,senator
iarba,Grass
jean,jean
oglindă,the mirror
şi-ţi,and you
moş,forefather
lucrurilor,things
plecati,Out
junior,junior
locuit,inhabited
vederea,view
iubesti,love
discursul,speech
quinn,quinn
nepotrivit,inappropriate
potrivesc,right
faptele,the facts
logică,logic
americii,America
asteptati,wait
pălăria,hat
dumitale,your
refuza,refuse
ieși,go out
adresă,Address
ultimă,latest
doriți,want
procurorul,prosecutor
sydney,sydney
crimele,crimes
martha,martha
căţea,female dog
glume,jesting
computerul,computer
cântat,singing
însemne,mean
persoanele,persons
vorbe,talk
federal,federal
echipe,teams
incident,incident
creaturi,creatures
scuzi,excuse
auzit-o,heard
parteneri,partner
opera,Opera House
principală,main
fabrica,works
craciun,Christmas
grăbim,hurry
efectul,the effect
neobişnuit,unusual
credinţă,faith
avantaj,advantage
benzină,benzine
hi,Hi
avans,advance
găsită,found
ou,egg
însumi,myself
ziare,newspapers
cad,I'm falling
original,original
proprietate,property
cec,check
promiţi,promise
evan,evan
așteaptă,Wait
monica,monica
florida,Florida
g,g
agenţii,Agency
logan,logan
filmele,the movies
tehnic,technical
bagă,sticks
sincronizare,timing
sparge,break
paşi,steps
angel,Angeli
nepoata,niece
cobor,down
stomac,stomach
mainile,hands
caldă,hot
primarul,Mayor
marshall,marshall
încerce,try
cânte,quantity
albastră,cornflower
militară,military
neil,neil
destui,enough
punte,deck
predau,teach
conving,convince
miles,miles
concert,concert
barbara,barbara
sări,jump up
amintiţi,remember
prietenilor,friends
mina,mine
sigurantă,safety
surpriza,surprise
păstreze,keep
că-s,he s
mutăm,move
opinia,opinion
scăzut,low
spuneţi-mi,tell me
anunţat,announce
americanii,Americans
informatii,information
şedinţă,meeting
întârzii,late
little,little
închisoarea,prison
fantoma,the ghost
slabă,LOW
liderul,the leader
retrag,withdraw
piper,pepper
presiunea,pressure
placea,like
dură,tough
samantha,samantha
filmat,recorded
crăciunul,Christmas
vecinii,neighbours
ofiţerul,officer
fusese,was
podul,the bridge
evita,avoid
mirare,wonder
anthony,anthony
obţin,ACQUIRE
preia,take over
zeii,gods
cabina,cabin
audrey,Audrey
mearga,go
prizonier,prisoner
naţională,Nation
deodată,suddenly
hollywood,hollywood
zeci,dozens
decizii,decisions
negri,black
ușa,door
printr-un,BY A
asigurat,secure
capitane,Captain
buzele,lips
secunda,second
anulat,canceled
porno,porn
tragem,draw
şansele,chances
rup,break
păsări,birds
williams,williams
servi,serve
răzgândit,reconsidered
treceţi,switch
minti,lying
anilor,Anil
prinţesa,princess
malcolm,malcolm
depus,submitted
societate,society
masină,car
risca,risk
altii,others
asistent,assistant
ochelari,glasses
francis,francis
shane,shane
restaurantul,restaurant
prietenului,friend
înveţe,learn
stia,knew
deschideţi,Open
culc,bed
vroiai,wanted
asigură-te,Make
urasc,I hate
secţia,department
harris,harris
civil,civil
bogaţi,wealth
hristos,Christ
urmărire,prosecution
black,black
funcţionat,function
blake,blake
jucam,play
julian,julian
protejezi,protect
pasiune,passion
holly,holly
îndeajuns,enough
rană,wound
publicul,the audience
virginia,virgin
dormitorul,bedroom
identitatea,identity
adult,adult
eroare,error
y,y
tehnologie,technology
sergentul,Sergeant
staţie,station
lovituri,hits
mizeria,misery
universitatea,university
frigider,refrigerator
mergeti,go
elliot,elliot
curva,whore
maestru,master
all,all
cazului,case
set,set
d-zeu,Gd
cumpără,buy
nenorocita,fucking
sabie,sword
castel,castle
naşpa,whack
alerga,run
informat,informed
astepti,wait
fantome,ghosts
septembrie,September
ashley,ashley
gabriel,gabriel
amandoi,both
leonard,leonard
asistentă,assistance
joaca,play
judecata,judgment
rezultate,result
pregăteşte,prepares
înaltă,tall
sete,thirst
iată-l,here it is
simţeam,feeling
înţeleagă,understand
uriaş,huge
școală,school
ţigară,cigarette
pregătiţi-vă,prepare yourself
particular,private
numim,call
allison,allison
căsătoresc,married
limită,limit
sânii,luge
documente,document
state,Member
trezeşti,wake up
calculator,computer
portofelul,wallet
one,one
trai,live
sammy,sammy
documentele,documents
dam,dam
oxigen,oxygen
lux,luxury
vasul,vessel
bicicleta,bicycle
acordat,agreement
house,house
coborât,down
dispărea,disappear
târfa,slut
raportat,reported
cutii,boxes
fă-ţi,do yourself
comportament,behavior
dispar,disappear
gasim,find
locaţia,location
ţine-te,Hang
coadă,pigtail
de-ai,for you
obişnuiam,I used
provocare,challenge
furie,anger
ken,ken
oasele,the bones
greutate,weight
favoarea,favor
phoebe,phoebe
urmărim,follow
asa-i,huh
îndrăgostită,in love
deşteaptă,clever
înseamna,means
chip,way
acelei,that
vindeca,heal
tehnologia,the technology
b.,b.
doamnei,Mrs.
ochelarii,spectacles
nopţi,nights
scandal,scandal
disparut,missing
dansează,dancing
dă-mi-l,give me it
do,do
sărbători,celebrate
stanley,stanley
diane,diane
seth,seth
minunata,wonderful
tatei,father
vârf,peak
iert,forgive
masca,the mask
porneşte,STARTS
convine,AGREES
străini,foreign
loveşti,hit
drumului,road
coada,pigtail
dinţii,teeth
înregistrările,records
costat,cost
lar,And
eli,eli
turnul,the tower
fugim,run
nora,bride
frumuseţe,beauty
groază,horror
aminteşte-ţi,remember
sange,blood
baiatul,boy
desert,desert
fiinţă,living being
trecere,pass
dacă-ţi,if you
ceartă,contention
urmezi,CHOOSE
cool,cool
dragi,Dear
megan,megan
bucata,piece
sire,sire
shh,shh
surorii,sister
îngrijora,worry
totală,total
trupa,the band
față,face
obişnuia,used
tipului,type
major,major
hong,hong
mason,freemason
daţi-i,give it
homer,Homeric
bonnie,Bonne
re,re
deţine,by you
aranja,arrange
colegi,fellow
şefa,head
show,show
mute,move
avertisment,warning
trib,tribe
von,von
ocupaţi,Occupy
placa,plate
dansul,the dance
white,white
şofer,driver
împins,PUSHED
acceptă,accept
japonia,Japan
lift,elevator
preajma,neighborhood
fugiţi,flee
dolar,dollar
bombe,BOMBS
urc,I go up
momentan,momentary
norman,norman
politist,policeman
spania,Spain
sfaturi,tips
deosebire,difference
exterior,outer
mitchell,mitchell
libere,free
şoferul,the driver
capete,heads
premiu,prize
ziceţi,say
realizezi,realize
doresti,want
emisiunea,show
sensibil,sensitive
oprire,stop
deschise,open
rănită,wounded
rezultat,result
întoarcere,return
morti,dead
mergea,walking
produse,products
presupunem,suppose
legi,laws
odihnă,rest
kitty,kitty
aflaţi,find
şi-i,and I
studiu,study
plastic,plastic
marte,Mars
indică,show
renunţă,Give up
râul,the river
sapte,seven
mişcaţi,move
jules,jules
stăteam,sat
schimbarea,change
adaptare,adaptation
antrenorul,coach
dureros,painful
anchetă,investigate
asteptat,expect
lincoln,lincoln
wendy,wendy
curse,course
bunicii,grandparents
întins,stretched out
probele,samples
mulți,many
distrăm,fun
vizitat,visited
wade,wade
alarmă,alarm
unt,butter
font,FONT
repar,fix
haos,chaos
baiete,boy
muntele,mountain
amprente,impression
material,material
cadoul,present
cerc,circle
amuzantă,funny
unuia,a
tâmpit,stupid
precis,precise
demisia,resignation
părăsească,leave
oarecare,some
primească,receive
încetezi,stop
mişti,consume
spune-o,Say it
celula,cell
trebuiască,need
evreu,Jew
proasta,stupid
fumat,smoking
iubeste,loves
ann,ann
drag,dear
palat,Palace
deasemenea,also
aşteptare,waiting
interne,internal
împuşc,shoot
căldură,the heat
bijuterii,jewelry
x,x
protejat,protected
alegeri,elections
ţine-ţi,keep your
plănuit,planned
christine,christine
standard,standard
jenna,jenna
înregistrarea,Register
grabă,hurry
shawn,shawn
făceau,did
discuţia,discussion
lucram,I was working
franceză,French
august,August
căpitanului,captain
poporului,people
revăd,revisit
uniforma,uniform
descrie,describe
mia,me
însemnat,significant
bud,bud
dovedesc,show
deşert,desert
analiza,analyze
format,format
transformă,transform
laş,coward
invit,invite
necunoscut,unknown
acţiunile,action
fonduri,fund
pauza,pause
fotografiile,photos
parul,the hair
prostesc,silly
americane,US
valea,Valley
martorul,witness
mireasa,Bride
maximă,Maxim
sar,jump
fapte,Acts
fericita,happy
marco,marco
operaţiunea,operation
pagină,page
ritmul,the beat
experienţa,the experience
surorile,sisters
secolul,century
ajutaţi,help
cunoască,know
importanta,importance
geantă,bag
draguta,pretty
promisiune,promise
prinşi,trapped
seif,safe box
furt,theft
fură,steal
murdare,dirty
obiecte,objection
guvernator,governor
parcul,park
german,German
fbi-ul,FBI
for,forum
gustul,the taste
tur,tour
descurcă,disentangle
protecţia,protection
surori,sisters
părăseşti,leave
vinovată,guilty
dv.,your.
consilier,guidance counselor
apropierea,close
conştient,aware
petrecem,spend
ricky,ricky
miercuri,Wednesday
palma,palm
lois,lois
hrană,food
revine,returns
nervoasă,angry
zvonuri,rumors
maya,maya
semnele,signs
bart,Bartle
francez,French
louise,louise
altor,other
tema,theme
campanie,campaign
marina,marine
cauzat,RISE
posibilitate,possibility
explodat,explode
retrage,withdraw
zeu,god
opţiune,option
lacrimi,tears
furia,ANGER
prezintă,show
ralph,ralph
warren,warren
căsătorim,married
obţii,get
ivan,ivan
virusul,virus
pozitiv,positive
începeţi,start
pamant,earth
apăra,defend
singure,one
booth,booth
hot,thief
petreceri,parties
consiliu,council
castelul,castle
apele,waters
aprecia,value
violent,violent
voluntar,voluntary
vi-l,you it
inteligentă,intelligence
pachetul,the package
îndepărtat,removed
kong,kong
elicopter,helicopter
dimineața,morning
harper,harper
gândească,think
ruga,pray
atacă,attack
afectat,affected
galben,yellow
fabrică,works
jumate,half
bo,bo
l.a.,L.A.
oara,time
grădina,garden
micuţa,small
ascundă,hide
tăia,cut
combustibil,combustible
procedura,procedure
amestec,mixture
ştiau,knew
adesea,often
încălcat,tangled
vremurile,days
lasă-ne,let us
depăşit,OVER
sfârsit,the end
șansă,chance
şcolii,school
plângere,complaint
altundeva,somewhere else
scuzati,excuse
reuşeşti,succeed
pierce,pierce
spaţiul,Area
omorâm,kill
iarna,Winter
prizonieri,prisoners
bunul,good
feluri,ways
bomboane,candy
ține,keep
sarcină,task
intreaga,around
consiliului,council
evenimente,event
surprinde,surprise
consider,I consider
larg,large
ambulanţă,ambulance
lup,wolf
umbra,The Shadow
jill,jill
pian,piano
urmei,all
alicia,shot
măsura,measure
glumesti,You're kidding
mitch,Mitcham
sexuale,sexed
diego,diego
campion,champion
strânge,tighten
pălărie,hat
tras-o,fucked
oarecum,somewhat
cocaină,cocaine
homosexual,homosexual
green,GREENE
is,is
iunie,June
bucuri,enjoy
intalnit,meeting
clay,clay
scriitor,Writer
avioane,aircraft
liceul,lice
diana,Diana
totalitate,totality
start,start
natură,the nature
moscova,Moscow
asculta-ma,hear me out
we,we
americană,American
hector,hector
tracy,tracy
dă-mi-o,give it to me
noii,new
promisiunea,the promise
închizi,close
pregatit,prepared
supă,soup
următor,following
iulie,July
îngrozitoare,terrible
i-l,and it
dă-l,Give Him
zâmbet,smile
încetaţi,slowly
frumoşi,beautiful
folosită,used
creatură,creature
închiriat,rent
baut,drinking
băuturi,beverages
cămaşa,the shirt
legile,the laws
echipament,equipment
permanent,permanent
marţi,Tuesday
sugerează,suggests
imens,huge
valoarea,the value
sensul,the meaning
telefoanele,phones
cowboy,cowboy
ruth,ruth
lordul,the Lord
preluat,over
dana,berth
observa,notice
adevarata,true
capului,head
obsedat,obsessed
nicole,nicole
programare,appointment
aprilie,April
rory,rory
plaja,Beach
bisericii,church
tratamentul,Treatment
ron,ron
ascunse,hidden
sandy,Sandy
geam,window
rătăcit,wandering
întunecată,black
plouă,It's raining
presupus,supposed
servici,work
doream,wanted
militare,soldier
apeluri,call
ştiind,knowing
vazut-o,saw it
frumuseţea,the beauty
direcţie,direction
tunel,tunnel
tura,tour
considera,considerably
ajutaţi-mă,help me
continue,continuity
înfricoşător,Frightening
centura,belt
luată,taken
copilărie,childhood
sănătatea,the health
încetat,Finished
secole,Seco
prietenia,friendship
util,useful
şerifule,Sheriff
comoara,treasure
stone,stone
rugam,Please
stelele,the stars
plăcintă,pie
recuperat,recovered