Spanish,English
de,of
que,what
no,no
a,to
la,the
el,he
y,and
es,is
en,in
lo,the
un,a
por,by
qué,what
me,I
una,a
los,the
se,I know
te,tea
con,with
para,for
está,this
mi,me
pero,but
sí,yes
si,yes
bien,good
eso,that
su,his
las,the
yo,me
del,of the
como,as
aquí,here
tu,you
al,to the
más,plus
le,you
esto,this
todo,everything
ya,already
estoy,I am
ahora,now
muy,very
ha,he has
esta,this
así,So
vamos,we go
algo,something
hay,there is
bueno,Okay
tengo,I have
él,he
cuando,when
estás,these
sé,I know
tú,you
nos,us
nada,nothing
cómo,how
este,this
o,or
he,I
ser,to be
tiene,has
puedo,may l
ella,she
quiero,I want
hacer,do
fue,was
gracias,thanks
vez,time
era,was
soy,I am
sólo,alone
todos,everyone
porque,why
son,are
tienes,you have
creo,I believe
voy,I go
sabes,you know
estaba,I was
puede,can
eres,you are
ese,that
usted,you
entonces,so
hola,Hello
solo,alone
verdad,truth
casa,House
tan,so
quién,who
sus,their
tiempo,weather
dos,two
esa,that
nunca,never
dónde,where
va,goes
oh,oh
favor,favor
mucho,much
mí,me
quieres,you want
siento,sorry
señor,Sir
mejor,best
hace,make
has,you
decir,say
también,as well
sobre,on
dios,God
sin,without
tenemos,we have
están,is it so
ti,you
puedes,can
ver,see
hombre,man
vida,lifetime
alguien,someone
cosas,stuff
siempre,forever
hasta,until
ahí,there
ir,to go
años,years
antes,before
estar,to be
ni,neither
poco,little bit
día,day
uno,one
noche,night
hecho,done
mis,my
estamos,we're
otra,other
acuerdo,agreement
trabajo,job
nosotros,U.S
parece,It seems
gente,people
sea,be
padre,father
mira,look
mismo,same
dijo,said
nadie,nobody
quiere,wants
podría,might
hablar,talk
vas,you go
ellos,they
sr.,Mr.
tal,such
pasa,pass
fuera,outside
después,then
han,They have
desde,since
dinero,money
mundo,world
claro,Clear
momento,moment
les,them
tener,to have
estado,state
otro,other
había,there were
mañana,tomorrow
tenía,I had
madre,mother
vale,OK
lugar,place
haciendo,doing
donde,where
seguro,sure
sabe,knows
podemos,we can
tus,your
espera,wait
nuevo,new
sido,been
cosa,thing
hijo,son
allí,there
menos,less
tipo,type
amigo,friend
gran,great
nuestro,our
mujer,woman
mamá,mother
luego,then
papá,father
días,days
dice,He says
hoy,today
tres,three
buena,good
necesito,needed
dije,said
oye,hears
gusta,like
quería,wanted to
será,be
haber,to have
parte,part
todas,all
crees,think
buen,good
conmigo,with me
nombre,Name
mierda,shit
nuestra,our
mal,wrong
debe,should
realmente,Really
estas,these
aún,yet
mío,Own
toda,all
hacerlo,do what
cada,each
visto,viewed
importa,matters
contigo,with you
tienen,they have
hemos,we have
razón,reason
alguna,any
tanto,so much
saber,to know
hizo,did
veces,times
serio,I laughed
ven,come
idea,idea
eh,Hey
tarde,late
problema,problem
hora,time
cierto,true
dicho,saying
quien,who
demasiado,too
amor,love
entre,between
ve,go
pasado,past
familia,family
estos,these
policía,policeman
debería,should
ustedes,your
chica,girl
esos,those
chicos,Boys
cuenta,bill
haces,do
todavía,still
salir,go out
algún,some
vaya,go
unos,some
veo,I see
amigos,friends
hermano,brother
pensé,I thought
sabía,I knew
cabeza,head
ah,ah
cariño,sweetie
digo,I say
van,go
hombres,mens
buenas,good
somos,we are
cualquier,any
forma,shape
mientras,While
lado,side
debo,I must
sería,would
caso,case
pueden,may
pasó,He passed
primera,first
genial,great
chico,boy
supuesto,supposed
hice,I did
pues,well
adiós,goodbye
muchas,many
personas,people
señora,Ms
volver,return
esas,those
quizá,maybe
contra,against
camino,way
durante,during
hablando,talking
manera,way
muerto,dead
persona,person
rápido,Quick
cuál,which
ayuda,help
historia,history
iba,I was going
supongo,I suppose
nueva,new
entiendo,I get it
dentro,inside
casi,almost
puerta,door
ves,you see
pasar,pass
primero,First
significa,it means
semana,week
hacia,toward
quizás,maybe
espero,I hope
juntos,together
año,year
niños,children
pronto,soon
tío,uncle
suerte,luck
ciudad,city
siquiera,at least
feliz,happy
venir,come
hija,daughter
gustaría,would like
minutos,minutes
cuánto,how much
os,you
hey,hey
muerte,death
dejar,leave
realidad,reality
deja,let
problemas,problems
vi,saw
da,gives
importante,important
dijiste,said
corazón,heart
miedo,fear
jefe,chief
agua,Water
haré,I will do
justo,fair
horas,hours
poder,power
buenos,good ones
esposa,wife
manos,hands
debes,you must
viene,comes
venga,come on
nuestros,our
ojos,eyes
adelante,ahead
encontrar,find
mano,hand
cinco,five
niño,child
ninguna,none
otros,others
cara,expensive
cuidado,watch out
bajo,low
cerca,close
viejo,old
déjame,let me
noches,nights
bastante,quite
fin,end
tomar,drink
único,only
misma,same
escucha,listens
ningún,any
suficiente,enough
punto,point
cuándo,when
sigue,follow
haya,beech
equipo,team
grande,big
necesita,needs to
llegar,to get
incluso,even
algunos,Some
doctor,doctor
difícil,hard
aunque,though
hubiera,had
primer,first
coche,car
hago,I make
clase,class
cuatro,four
mas,more
dices,say
pequeño,little
llama,call
toma,taking
hiciste,did
allá,there
última,last
arriba,above
tierra,land
guerra,war
pensar,think
pueda,can
igual,same
loco,crazy
sangre,blood
mujeres,women
vuelta,return
fui,I was
trabajar,to work
tenido,had
juego,game
deberías,you should
cuerpo,Body
e,and
algunas,some
entrar,get in
cree,cree
podía,I could
debemos,we must
oportunidad,opportunity
teléfono,telephone
necesitamos,we need
final,final
listo,ready
fiesta,party
muchos,Many
estabas,you were
quieren,they want
vete,go away
auto,car
dar,give
vivir,live
posible,possible
ok,okay
hermana,sister
número,number
meses,months
exactamente,exactly
culpa,guilt
abajo,down
escuela,school
ido,gone
fuerte,strong
diciendo,saying
habla,speaks
esté,this
ello,it
pregunta,question
chicas,girls
eran,they were
unas,nail
pasando,going
atrás,behind
malo,bad
capitán,captain
sra.,Mrs.
bebé,baby
segundo,second
sabemos,we know
mayor,higher
comida,food
morir,To die
conozco,I know
dame,give to me
fácil,easy
comer,eat
vino,came
lista,list
haga,make
necesitas,you need
hijos,children
probablemente,probably
padres,parents
habitación,room
creer,believe
pensando,thinking
fueron,were
dime,tell me
trata,about
buscando,searching
tuve,I had
tampoco,neither
amo,love
joven,young
podrías,could you
sola,alone
par,pair
única,only
hacen,make
seguir,follow
dr.,dr.
simplemente,simply
dicen,say
medio,"means, medium"
puta,bitch
saben,they know
sentido,sense
hagas,you do
segura,safe
esperar,wait
lejos,far
arma,weapon
alto,high
pequeña,little
dólares,Dollars
seis,six
estaban,They were
seguridad,security
maldita,damn
estuvo,he was
preocupes,worry
palabra,word
esperando,waiting
queda,remains
oficina,office
matar,kill
iré,I will go
cama,bed
además,Besides
último,latest
oído,ear
habría,there would be
estará,will be
dio,it gave
recuerdo,memory
siendo,being
acerca,about
tenga,have
luz,light
correcto,Right
ud.,You.
demonios,got damn
nuestras,our
verte,to see you
dormir,sleep
sitio,site
ayudar,help
conseguir,get
di,gave
marido,husband
paz,peace
idiota,moron
plan,plan
dado,dice
cuanto,how much
peor,worst
murió,died
pueblo,village
vivo,alive
venido,I come
john,john
basta,Enough
paso,He passed
deberíamos,we should
música,music
diga,tell
minuto,minute
anoche,last night
llamar,to call
piensa,think
país,country
digas,you say
rey,king
perdón,sorry
mucha,a lot
falta,lack
pienso,I think
diablos,Devils
perdido,lost
niña,little girl
señorita,miss
diez,ten
lleva,carries
hospital,hospital
grandes,big
maldito,damned
otras,other
llamado,called
hacemos,we make
llevar,wear
fuego,fire
aqui,here
tuvo,He had
poner,place
calle,Street
acaba,just
prueba,proof
increíble,amazing
real,real
libro,book
orden,order
semanas,weeks
especial,special
mía,mine
café,coffee
duro,Lasted
empezar,start
afuera,outside
queremos,we want
perro,dog
cielo,sky
jack,Jack
puesto,Market Stall
viaje,trip
detrás,behind
cuarto,fourth
querida,Dear
haría,would do
preguntas,questions
piensas,think
querido,Dear
libre,free
buscar,look for
cual,which
diré,I will say
suena,it sounds
jugar,to play
cambio,change
película,movie
millones,millions
habrá,there will be
llamada,call
resto,rest
vemos,we see
extraño,strange
mala,bad
presidente,President
srta.,Ms.
irme,leave
ropa,clothing
perder,to lose
vuelve,returns
agente,agent
palabras,words
información,information
raro,rare
hará,will
entiendes,You understand
éste,this
trabajando,working
tratando,trying
general,general
trato,treatment
usar,use
perfecto,perfect
derecho,law
modo,mode
ayer,Yesterday
conoces,know
demás,the rest
quieras,want
podríamos,we could
noticias,news
asesino,assassin
encontrado,found
control,control
odio,hate
frente,front
sexo,sex
decirle,tell
estaré,I will be
divertido,funny
armas,weapons
recuerdas,remember
amiga,friend
grupo,group
asunto,affair
acabo,finished
mensaje,message
encima,above
atención,Attention
diferente,different
uh,uh
cállate,shut up
daño,hurt
sucede,happens
cambiar,change
siguiente,following
sino,if not
the,the
seas,be
médico,doctor
boca,mouth
dejó,left
error,error
jamás,Never
largo,long
pena,pain
voz,voice
futuro,future
siente,feels
secreto,secret
baño,bathroom
mil,thousand
decirte,tell you
sam,sam
pensaba,thought
novia,girlfriend
propia,own
sueño,dream
haz,make
fuerza,strength
deben,should
supone,supposed
estábamos,we were
ambos,both of them
ay,Oh
estuve,I was
encontré,I found
vuelto,turned
dolor,pain
dile,tell him
encanta,love
edad,age
darle,give him
pie,foot
negro,black
ganar,win
york,york
aire,air
lamento,lament
verlo,see him
asesinato,murder
vio,he saw
adónde,where
llegado,arrived
disculpe,sorry
s,s
cita,appointment
estaría,It would
fuiste,you were
sistema,system
gusto,taste
pobre,poor
negocio,deal
mente,mind
tuyo,of yours
campo,field
mire,Look
situación,situation
tras,after
hotel,hotel
vosotros,you
funciona,works
foto,Photo
abogado,attorney
loca,crazy
propio,own
alrededor,around
próxima,next
terminado,finished
hablas,speak
pagar,pay
mató,he killed
llamo,I call
personal,personal
sientes,you feel
ocurre,occurs
ésta,this
recuerda,remember
mitad,half
quiera,want
pelo,hair
tenías,had
viste,dresses
oficial,official
llegó,I arrive
compañía,company
relación,relationship
conoce,known
pase,pass
montón,heap
mejores,top
creí,thought
cena,Dinner
sentir,feel
través,through
accidente,accident
i,i
ellas,they
caja,box
tranquilo,quiet
bonito,beautiful
eras,ages
asi,So
pudo,could
vive,lives
vista,view
estúpido,stupid
línea,line
caballeros,gentlemen
haremos,will
dan,give
quédate,stay
tienda,store
comprar,to buy
entendido,it is understood
centro,center
salvo,except
mes,month
joe,joe
sol,Sun
tonto,fool
hambre,hungry
michael,Michael
mesa,table
respuesta,reply
completamente,completely
david,David
carta,letter
totalmente,totally
imposible,impossible
pruebas,tests
novio,boyfriend
normal,normal
gustan,like
frank,frank
pude,I could
charlie,charlie
traje,suit
dirección,direction
siete,seven
dijeron,they said
placer,pleasure
sean,are
tendrá,will have
barco,ship
blanco,White
tom,tom
profesor,professor
servicio,service
muchacho,boy
reunión,meeting
dejado,left
ley,law
quisiera,I would like
hubo,there was
george,george
programa,Program
carrera,career
cumpleaños,birthday
muchachos,boys
culo,ass
canción,song
hermosa,beautiful
universidad,college
boda,wedding
decirme,tell me
cualquiera,anyone
tengas,you have
hacía,toward
estés,re
sala,room
llevo,I wear
decisión,decision
espere,Wait
don,Don
necesario,necessary
sal,Salt
entra,enters
prisa,rush
carajo,fuck
embargo,embargo
interesante,interesting
tendrás,you will have
escuchar,hear
abuela,grandmother
hicieron,they made
detective,detective
horrible,horrible
suelo,floor
fotos,Photos
cárcel,jail
acá,here
io,io
mike,mike
siéntate,Sit down
decía,He said
intentando,trying
vámonos,Let's go
maldición,damn
silencio,silence
muerta,dead
capaz,able
salió,he left
club,club
terminar,end up
temo,fear
broma,joke
gobierno,government
prometo,I promise
cámara,camera
media,half
terrible,terrible
llamó,I call
regalo,present
amable,nice
dulce,sweet
muertos,dead
querías,wanted
ataque,attack
das,you give
navidad,Christmas
negocios,business
pudiera,could
ocho,eight
avión,plane
investigación,investigation
acabó,finished
juro,I swear
mantener,keep
ejército,army
papel,paper
partes,parts
ten,ten
gracioso,funny
diría,would say
principio,beginning
delante,in front
teniente,lieutenant
deseo,wish
vayas,go
nave,ship
sale,comes out
basura,garbage
vine,came
contacto,Contact
esposo,husband
tren,train
encontramos,we find
dale,Go ahead
verdadero,true
tuya,yours
alma,soul
hazlo,do it
disculpa,Sorry
junto,together
anda,anda
tendré,I will have
matrimonio,marriage
saberlo,I know
locura,madness
oro,gold
permiso,Excuse me
director,director
peligro,danger
libertad,freedom
alegro,glad
baja,low
tendremos,we will have
derecha,right
encuentra,find
pies,feet
segunda,second
maravilloso,wonderful
espacio,space
rato,little while
abuelo,grandfather
esperaba,I expected
mirando,looking
salud,Health
sorpresa,surprise
ninguno,none
miren,look
triste,sad
aun,yet
pensado,thought-out
maestro,teacher
según,according
infierno,hell
podrían,could
tipos,types
tía,aunt
crimen,crime
conocido,known
consejo,advice
ante,before
iglesia,church
intento,tried
mayoría,most
doy,I give
peter,peter
hicimos,we did
escena,scene
piso,floor
señal,signal
honor,honor
llamas,calls
abre,opens
cerebro,brain
veras,you'll see
viendo,seeing
pone,places
pregunto,I ask
cocina,kitchen
vestido,dress
inteligente,smart
vieja,old woman
caballo,horse
vienen,they come
vidas,lifes
bar,Pub
corte,cut
sucedió,it happened
adentro,indoors
drogas,drugs
enseguida,right away
busca,search
agradable,nice
carne,meat
parecía,looked like
departamento,Department
lindo,cute
mar,sea
duda,doubt
edificio,building
conocer,know
cargo,position
víctima,victim
luna,Moon
energía,Energy
frío,cold
hablo,I speak
baile,dance
trabaja,working
misión,mission
listos,ready
ayudarte,help you
izquierda,left
paul,paul
beber,to drink
deje,leave
finalmente,Finally
simple,simple
daré,I'll give
sabías,You know
puedas,can
puso,put
creía,thought
regresar,to return
llega,arrives
entender,understand
mirar,look
sacar,take
cambiado,changed
trae,brings
hermoso,beautiful
opinión,opinion
verás,you'll see
linda,beautiful
apenas,barely
segundos,seconds
cerveza,beer
harás,you will do
estuviera,was
creen,believe
oír,hear
tendría,would have
cuántos,how many
hablado,spoken
hablamos,We speak
reina,Queen
temprano,early
tema,topic
prisión,prison
porqué,why
vuelva,return
público,public
ocurrió,occurred
veré,I will see
salvar,save
partido,match
bonita,pretty
joder,fuck
causa,cause
caliente,hot
sargento,sergeant
cenar,dinner
compañero,partner
llevó,I wear
banco,Bank
existe,exists
ben,ben
zona,zone
destino,destination
base,base
solía,used to
cliente,client
irse,leave
perra,female dog
james,James
encuentro,meeting
encontró,he found
pelea,Fight
san,saint
norte,north
quise,I wanted
coronel,colonel
apuesto,handsome
peligroso,dangerous
viva,live
max,max
vienes,you come
necesitan,need
té,tea
excepto,except
juicio,judgment
podamos,we can
llave,key
equivocado,wrong
posición,position
trasero,rear
irnos,leave
espalda,back
excelente,Excellent
éxito,success
modos,modes
ventana,window
veamos,let's see
especie,species
teníamos,we had
diferencia,difference
formas,shapes
pedir,ask
últimos,latest
escúchame,listen to me
ejemplo,example
ése,that
radio,radio
lee,read
calma,calm
hogar,home
volveré,I will be back
fondo,background
humano,human
henry,Henry
tí,you
iremos,we'll go
unidos,United
habían,they had
jesús,Jesus
planeta,planet
verme,see me
respecto,respect
regreso,Return
debido,due
seré,I will be
tenían,They had
leer,read
parar,stop
lleno,full
dejé,leave
respeto,respect
debajo,below
harry,harry
escribir,to write
estación,station
pidió,he asked
alta,high
pista,track
estrella,star
enfermo,sick
duele,it hurt
sueños,dreams
veremos,we will see
miles,Thousands
darme,give me
órdenes,orders
ocupado,occupied
sigues,are you still
corre,run
podido,I have
dejes,leave
nivel,level
habéis,have
experiencia,experience
darte,to give you
salida,departure
decirlo,I say
confiar,trust
hacerte,make
necesitaba,needed
hermanos,brothers
zapatos,shoes
color,Colour
vistazo,glance
nena,baby
tratar,try
parecer,seem
juez,judge
próximo,next
paciente,patient
hayas,have
bolsa,bag
arte,art
mary,mary
jugando,Playing
llevas,take
alegra,happy
bailar,dance
diablo,Devil
oí,heard
sepa,know
estarás,you will
sur,south
banda,band
aprender,to learn
precio,price
completo,full
santo,holy
culpable,guilty
ganas,forward
tuvimos,we had
you,you
verla,see it
volvió,went back
libros,books
ojo,eye
serán,will be
cielos,Heavens
matado,killed
azul,blue
diferentes,different
irte,leave
ia,ia
comandante,commander
acción,action
reglas,rules
obra,work
esperanza,hope
cuestión,question
molesta,upset
teniendo,having
bill,bill
informe,report
jimmy,jimmy
río,River
bienvenido,welcome
abrir,open
tocar,play
bob,bob
contar,tell
sigo,I follow
interior,inside
apartamento,apartment
vea,see
estados,state
estáis,you are
preocupa,worries
tomó,I take
principal,principal
empieza,starts
londres,London
empezó,it started
vayan,go
jim,jim
llaman,call
ojalá,hopefully
perdona,forgives
vuelvo,I come back
golpe,knock
quedarme,stay
llamaré,I'll call
acabado,finish
estilo,style
nueve,nine
definitivamente,definitely
quedar,stay
cartas,letters
bomba,bomb
guardia,guard
pistola,gun
probar,try
majestad,majesty
traer,bring
marcha,March
pareces,look
común,common
aquel,that
hacerle,make
vuelo,flight
nota,note
danny,danny
humanos,humans
estaremos,we will be
valor,value
suyo,yours
objetivo,objective
repente,suddenly
debía,should
rojo,Red
bromeando,joking
irá,go to
entrada,entry
doble,double
dejaré,I'll leave
evitar,avoid
máquina,machine
cuello,neck
conocí,I met
tiempos,time
tome,take
nick,nick
animales,animals
alex,alex
acaso,perhaps
tuviera,had
pareja,couple
verano,summer
escuché,I listened
ama,love
serás,you will
mentira,lie
tarjeta,card
hagan,make
perdí,I missed
correr,to run
steve,steve
traído,brought
llegue,I arrived
preparado,prepared
haberlo,I have
tony,tony
usa,uses
intentar,try
ayudarme,help me
flores,flowers
dando,giving
vos,you
opción,option
isla,island
cierra,closes
piel,skin
enemigo,enemy
dejo,left
exacto,exact
imbécil,fool
jóvenes,young boys
pedido,order
larga,long
entiende,understands
justicia,Justice
nuevos,new
obviamente,obviously
despierta,awake
pido,I ask
calor,hot
luces,lights
refiero,I mean
fuimos,we went
batalla,battle
déjalo,leave it alone
intenta,try
sarah,sarah
fantástico,fantastic
brazo,arm
absolutamente,absolutely
llena,full
hacerme,me
salga,out
recordar,remember
escapar,escape
bosque,forest
gay,gay
señores,Sirs
quedan,are
piernas,legs
visita,visit
parís,Paris
usando,using
ganado,won
movimiento,movement
blanca,white
rico,rich
inocente,innocent
pesar,to weigh
absoluto,absolute
vacaciones,holidays
um,um
mismos,same
tomado,taken
habías,had
planes,plans
cine,cinema
toca,plays
brillante,sparkly
confianza,trust
vuestra,your
nombres,Names
especialmente,especially
fbi,fbi
embarazada,pregnant
esperen,expect
pantalones,pants
defensa,defending
terminó,finished
salido,stepped out
estupendo,great
jane,jane
presión,Pressure
inmediatamente,immediately
testigo,witness
deberían,should
olvidado,forgotten
soldados,soldiers
resulta,result
tommy,tommy
depende,It depends
motivo,reason
inglés,English
suya,hers
estudio,study
acabar,finish
sentimientos,feelings
tomando,taking
dieron,they gave
parecen,they look like
llaves,keys
perros,dogs
propósito,purpose
noticia,News
partir,from
vuestro,your
metros,meters
santa,St.
quedarse,stay
clientes,customers
podrá,you can
cuántas,how many
ridículo,ridiculous
damas,ladies
estuviste,you were
tranquila,quiet
operación,operation
come,eat
empresa,company
ayúdame,Help me
laboratorio,laboratory
elección,choice
menudo,often
beso,kiss
copa,Cup
conversación,conversation
brazos,arms
espíritu,spirit
dejas,you let
cansado,tired
interesa,interested
refieres,mean
casado,married
enorme,huge
asuntos,issues
fe,faith
muestra,sample
trampa,trap
ray,ray
billy,billy
memoria,memory
johnny,johnny
contrario,contrary
soldado,soldier
subir,go up
turno,turn
encantaría,love
preocupado,worried
restaurante,restaurant
saliendo,coming out
escrito,written
cálmate,take it easy
bienvenida,welcome
caer,fall out
llevaré,I'll take
leche,milk
estrellas,stars
prefiero,I prefer
red,net
viejos,old
solamente,only
oiga,Listen
estén,are
cuentas,accounts
taxi,cab
anillo,ring
richard,richard
preguntar,ask
victoria,victory
quiénes,Who
héroe,hero
pequeños,little ones
decidido,decided
películas,films
responsable,responsable
trago,drink
volverá,To return to
árbol,tree
ibas,going
dientes,teeth
encantado,charmed
camión,truck
vender,to sell
llame,I called
detente,stop
luchar,to struggle
cabo,cape
ruido,noise
lucha,fight
muere,go dead
reloj,watch
gato,cat
averiguar,find out
volar,fly
vayamos,we go
tanta,so much
vendrá,will come
corriendo,running
yendo,going
colegio,school
sonido,sound
caballero,gentleman
pasada,pass
código,code
hagamos,let's do
imagen,image
riesgo,risk
llegamos,we arrived
alguno,any
pan,bread
millón,million
malas,bad
dama,Lady
hielo,ice
coño,cone
cayó,it fell
prensa,press
querer,want
vengan,come
eddie,eddie
caminar,walk
televisión,TV
pasará,it will happen
momentos,moments
coger,take
posibilidad,possibility
hubiese,had
mark,mark
asiento,seat
tuviste,You saw
herido,injured
maría,Mary
seguramente,surely
proyecto,draft
pared,wall
sentí,felt
sospechoso,suspect
naturaleza,nature
ésa,that
silla,chair
perdió,lost
robert,robert
policías,police
arreglar,fix
sentado,seated
papi,Daddy
ideas,Ideas
obtener,obtain
felices,happy
señoría,lordship
cantidad,quantity
bebe,baby
mírame,Look at me
chris,chris
papa,father
llorar,cry
quedó,it was
familiar,family
desastre,disaster
locos,locos
escuche,I listened
quedarte,stay
política,politics
pedí,I asked
sois,you are
nosotras,we
will,will
enfermedad,disease
encontraron,They found
colega,colleague
príncipe,the prince
verde,green
bajar,go down
nervioso,nervous
vengo,I come
inspector,inspector
sirve,it serves
puertas,doors
fuerzas,forces
playa,Beach
cantar,sing
déjeme,let me
velocidad,speed
total,total
cabello,hair
suficientemente,enough
huellas,footprints
haberte,sorry
debí,should
unidad,Unit
estan,is it so
cuchillo,knife
t,t
oigan,hear
quienes,Who
gana,desire
tonterías,silly stuff
emergencia,emergency
perfecta,perfect
hable,I talked
gustaba,He liked
lugares,places
ryan,ryan
show,Show
robo,Stole
permite,It allows
parque,Park
uds.,You.
roto,broken
serie,Serie
puse,I put
nuevas,news
evidencia,evidence
conocerte,meet
estúpida,stupid
preocupe,worry
perdone,forgive
botella,bottle
viento,wind
mando,I send
extraña,strange
historias,stories
aquella,that
tenéis,you have
solos,alone
apoyo,support for
bala,bullet
verdadera,real
tiro,threw
época,epoch
puente,bridge
olvídalo,forget this
distancia,distance
desea,you want
dejarlo,leave
pelear,fight
pierna,leg
echar,throw
descanso,break
américa,America
área,area
orgulloso,proud
datos,data
espectáculo,show
sube,goes up
dejaste,you left
acabas,just
verá,you will see
magia,Magic
nacional,national
universo,universe
llevaba,He wore
necesitar,need
nariz,nose
aquellos,those
clases,lessons
jake,jake
casas,houses
vergüenza,shame
estarán,will be
monstruo,monster
princesa,Princess
autobús,bus
cuidar,look after
ei,ei
huevos,eggs
pocos,few
podrás,you can
enferma,sick
paseo,walk
detalles,details
llamadas,call
belleza,beauty
francia,France
abierto,open
viviendo,living
envió,Shipping
puntos,points
ministro,Minister
conducir,drive
aceptar,to accept
borracho,drunk
animal,animal
caballos,horses
trajo,brought
contrato,contract
viernes,Friday
bobby,bobby
martin,Martin
amy,amy
bienvenidos,Welcome
ex,former
hechos,acts
sociedad,society
dra.,dra.
tengan,have
quede,stay
inglaterra,England
carga,load
diste,you gave
puto,fucking
lleve,I carried
presente,Present
conocía,he knew
uso,use
dedos,fingers
oferta,offer
sentía,felt
proteger,to protect
daniel,daniel
date,date
hiciera,do
hablé,I talked
recibir,to receive
agradezco,I appreciate
robar,Steal
enamorado,in love
sepas,know
oeste,West
herida,wound
despacio,slowly
ayude,help
supe,I knew
directamente,directly
inmediato,righ now
profesional,professional
oscuro,Dark
mercado,market
cerdo,pork
tardes,afternoons
líder,Leader
grave,serious
llegué,I arrived
jurado,jury
casos,cases
acuerdas,remember
ahi,there
desaparecido,missing
debió,he must have
hubieras,had
últimamente,lately
piedra,stone
éramos,we were
habló,I speak
charles,charles
paga,pay
secretos,secrets
digamos,Let's say
intención,intention
humor,humor
dura,hard
dará,give to
seguros,insurance
leo,leo
adam,adam
and,and
ángeles,angels
querría,I would want
cerrar,close
conseguido,I got
peso,weight
víctimas,victims
asesinado,murdered
humana,human
directo,direct
central,central
termina,ends
compañeros,companions
escuchado,listened
contento,happy
llevan,They carry
podré,I will be able
oscuridad,darkness
actuar,Act
siga,follow
llevado,carried
comenzó,started
regresa,came back
privado,private
mirada,look
demonio,demon
abierta,open
kevin,Kevin
m,m
llámame,Giving me a call
siguen,follow
romper,to break
cambia,change
fiscal,fiscal
jardín,yard
natural,natural
gratis,free
cuesta,cost
amenaza,threat
pon,put
marca,brand
comenzar,start
ponte,put
medicina,medicine
podremos,we will can
tomé,take
preciosa,precious
sexual,sexual
acceso,access
necesidad,need
dueño,owner
merece,deserves
rayos,Ray
d,d
mintiendo,lying
tantas,many
imagino,I imagine
fantasma,ghost
creerlo,I believe it
llamé,I called
ponga,put
brian,brian
dé,of
pollo,chicken
varios,various
efecto,effect
felicidad,happiness
espada,sword
relaciones,relations
entró,I enter
resultado,Outcome
sombrero,hat
menor,less
recibido,received
negra,black
to,to
habido,I been
limpio,cleansed
china,China
juegos,games
correo,mail
confía,trust
video,video
perfectamente,perfectly
harán,will
teatro,theater
dormido,asleep
local,local
quedado,left
lástima,pity
calles,streets
créeme,trust me
responsabilidad,responsibility
búsqueda,search
dedo,finger
tonta,dumb
recuerdos,memories
razones,reasons
escuchando,listening
eric,eric
elegir,to choose
amas,love
huele,smells
almuerzo,lunch
cien,one hundred
adn,adn
tantos,many
pago,payment
normalmente,usually
mr,mr
pastel,cake
bastardo,bastard
cinta,headband
pasé,pass
dígame,tell me
anna,anna
costa,coast
levántate,Get up
llamando,calling
cerrado,closed
interés,interest
enfermera,nurse
comienzo,Start
olvidé,forgot
fuese,it was
militar,military
polvo,dust
bella,beautiful
quedo,I remain
kate,kate
encontraste,by contrast
voluntad,Will
varias,several
teoría,theory
roja,red
cuento,story
escenario,stage
diario,daily
propiedad,property
agujero,hole
aspecto,appearance
campamento,camp
descansar,rest
matarme,kill me
metido,I got
quiso,He wanted
ángel,Angel
enviar,Send
impresionante,Awesome
proceso,process
intentado,I tried
mio,Own
fuente,source
alcalde,mayor
ocurrido,happened
malos,bad
carretera,highway
desapareció,He disappeared
desayuno,breakfast
débil,weak
roma,Rome
sabido,known
comienza,begins
tambien,too
intentarlo,try
miembro,member
perdiendo,losing
hayan,have
fueras,you were
resultados,results
jerry,jerry
mata,Bush
sr,Mr
valiente,brave
deber,must
pecho,chest
gustó,taste
oyes,hear
thomas,thomas
periódico,Newspaper
mami,Mommy
piensan,they think
washington,Washington
tv,TV
cansada,tired
limpiar,clean
crear,create
explicar,explain
robado,Stolen
resolver,solve
maté,mate
guapo,Handsome
continuar,continue
sheriff,sheriff
funcionar,function
extra,extra
primo,cousin
manejar,drive
primeros,first
acto,act
poniendo,putting up
números,numbers
kilómetros,kilometres
andy,andy
llevará,carry
rachel,rachel
niñas,girls
premio,prize
internet,Internet
harías,do
inútil,Useless
domingo,Sunday
tomas,shots
sensación,sensation
alcohol,alcohol
tercera,third
agentes,agents
disculpas,apologies
antiguo,old
guapa,beautiful
asustado,scared
puedan,they can
sexy,sexy
genio,genius
recuperar,recover
creemos,we believe
lengua,tongue
ladrón,thief
intenté,I tried
examen,exam
deprisa,quickly
montaña,Montana
durmiendo,sleeping
disparar,shoot
entrenador,coach
queso,cheese
entero,whole
papeles,papers
pones,put
modelo,model
fútbol,soccer
detener,stop
lados,sides
miembros,members
sábado,Saturday
pongo,I put
mataron,they killed
vuelvas,return
talento,talent
descubrir,discover
gordo,Fat
tribunal,court
toque,I touched
wow,wow
hables,talk
conocemos,we know
haberme,me
dispuesto,ready
tamaño,size
dejen,leave
maravillosa,wonderful
invitado,invited
importantes,important
derechos,rights
scott,scott
declaración,statement
claramente,clearly
pacientes,patients
pérdida,lost
in,in
iban,were going
pudiste,you could
profundo,deep
gas,gas
aeropuerto,airport
consigue,get
olvidar,forget
gloria,glory
olvides,forget
volviendo,getting back
coge,picks
fué,was
llamaba,He called
pete,pete
tendrán,will
instituto,Institute
disparo,Shooting
encuentras,you find
querían,they wanted
hablemos,let's talk
dia,day
enviado,sent
pertenece,it belongs
sienta,feel
pensó,thought
cadáver,corpse
gracia,Grace
doctora,doctor
escuchen,listen
amante,lover
temporada,season
kim,kim
cuerpos,bodies
amigas,friends
larry,larry
preguntaba,asked
francés,French
mataste,you killed
techo,the ceiling
íbamos,we were going
protección,protection
médicos,doctors
lisa,smooth
venganza,revenge
pensamos,we think
walter,walter
contó,He told
discutir,argue
comprendo,I understand
idiotas,idiots
enemigos,enemies
camisa,shirt
superior,higher
criminal,criminal
preocupada,worried
bote,boat
escribió,wrote
llevamos,we carry
testigos,witnesses
recoger,collect
emily,emily
truco,trick
jason,jason
original,original
pide,requests
jeff,jeff
rosa,rose
mama,mother
negros,black
sobrevivir,survive
rostro,face
crédito,credit
compartir,share
saca,pulls out
irás,you will go
pequeñas,little
veía,He looked
empezando,starting
registro,registry
continúa,keep going
grandioso,great
viniste,did you come
esquina,corner
contado,counted
tengamos,let's have
cientos,hundreds
tormenta,storm
relájate,just relax
siéntese,sit down
chocolate,chocolate
matt,matt
pedazo,piece
tomo,I take
olor,odor
ciencia,science
kelly,kelly
conexión,Connection
vieron,they saw
salón,living room
sucio,dirty
firma,firm
vimos,we saw
pidiendo,asking
casarse,get marry
bebida,drink
tercer,third
propios,own
fuertes,powerful
lluvia,rain
recién,newly
tomaré,I will take
complicado,complicated
europa,Europe
toques,touches
cámaras,cameras
visión,vision
llego,I arrive
americano,American
diversión,fun
pareció,it seemed
libras,pounds
curso,course
disco,disk
probable,probable
precioso,beautiful
tenia,I had
lago,lake
leído,read
consiguió,got
parecido,similar
material,material
discurso,speech
entera,whole
it,Item
corta,short
completa,full
decirles,tell
lunes,Monday
efectivo,cash
cura,cure
antigua,ancient
hablan,speak
juntas,together
william,william
cáncer,Cancer
funeral,funeral
jodido,fucking
dave,dave
artista,artist
favorito,favorite
guste,like
cae,falls off
termine,I finished
entrevista,interview
sir,sir
pintura,painting
quieto,still
falso,false
india,India
corto,short
inteligencia,intelligence
destruir,destroy
cargos,charges
podías,could
mentiras,lies
señoras,ladies
helado,ice cream
felicidades,congratulations
camioneta,Van
mueve,moves
aparte,apart
rock,rock
tumba,tomb
seguimos,we follow
hablaba,she spoke
verle,see
mapa,Map
tarea,task
cambió,change
móvil,mobile
equivocada,wrong
responder,answer
vacío,empty
felicitaciones,Congratulations
computadora,computer
estudiante,student
muriendo,dying
construir,build
conocen,know
clara,clear
solución,solution
mundial,world
plato,plate
famoso,famous
des,des
dirá,will tell
ambas,both
tecnología,technology
notas,notes
malditos,accursed
cabrón,dumbass
condiciones,terms
dudo,I doubt
robó,Stole
escucho,I hear
laura,laura
rápidamente,quickly
bordo,board
nieve,snow
mensajes,messages
fecha,date
violencia,violence
n,n
sujeto,subject
acciones,Actions
fría,cold
droga,drug
saldrá,will
suponía,supposed
empezamos,we started
errores,mistakes
grace,Grace
siglo,century
molesto,annoying
acabamos,we finish
sabéis,know
cortar,cut
seria,would
muevas,move
fortuna,fortune
of,of
imaginar,imagine
archivos,records
presencia,presence
familias,families
ey,ey
quedas,you stay
solas,alone
oficiales,official
aventura,adventure
gira,tour
social,Social
comunidad,community
annie,annie
alan,alan
cero,zero
clark,clark
esperamos,we wait
ocupada,occupied
muévete,move on
convertido,converted
carl,carl
pieza,piece
estómago,stomach
disparó,Shooting
legal,legal
conseguí,I got
emma,emma
carter,sump
california,California
rara,weird
estudiantes,students
reino,kingdom
alegría,joy
barrio,neighborhood
granja,farm
podéis,you can
esfuerzo,effort
trabajaba,he worked
claire,claire
perdóname,excuse me
tesoro,treasure
empleo,job
compré,I bought
cirugía,surgery
dejamos,leave
busco,I search
trabajas,you work
clave,key
aparentemente,apparently
bravo,Bravo
ed,ed
desearía,I would like
cerrada,closed
new,new
chicago,chicago
controlar,control
pregunté,I asked for
mostrar,to show
piloto,pilot
pocas,few
tuvieron,they had
ayudarle,help
bolso,handbag
llorando,crying
kyle,kyle
duerme,sleeps
dejarme,let me
intentó,tried
respirar,breathe
aparece,appears
campaña,Bell
amistad,friendship
corriente,stream
viven,they live
huesos,bones
invitados,guests
planta,plant
ritmo,rhythm
respuestas,answers
socio,partner
esperas,you expect
caído,fallen
motor,motor
mono,monkey
llevaron,They led
página,page
poquito,bit
u,or
habíamos,we had
encontraremos,find
ruego,I beg
dejan,leave
aburrido,boring
paquete,package
casada,married
llevarte,take
ted,ted
combate,combat
útil,Useful
castillo,castle
bola,ball
canciones,songs
mataré,I will kill
muchísimo,very much
asistente,assistant
llegaron,they came
correcta,right
pondré,I will put
simon,simon
comido,Eaten
salgan,leave
empecé,I started
tirar,throw
pasan,pass
cierta,some
honesto,honest
carro,car
limpia,cleaning
volví,I returned
confío,I trust
venta,sale
huir,run away
apareció,showed up
vais,going
compromiso,commitment
gustas,like you
aseguro,assure
ira,go to
promesa,promise
decírselo,tell
cuáles,which
compras,purchases
importancia,importance
lección,lesson
hablaré,I'll talk
hacerse,to be made
personalmente,personally
roger,roger
luke,luke
bolsillo,pocket
enojado,angry
desgracia,misfortune
artículo,Article
labios,lips
cola,tail
estemos,we are
whisky,whiskey
taza,Cup
despues,then
gary,gary
preguntarte,ask you
pelota,ball
caminando,walking
andar,walk
crea,creates
chaqueta,jacket
importaría,mind to
den,den
llegará,reach
interesado,interested
atrapado,caught
supiera,know
matarlo,kill him
árboles,trees
obvio,obvious
amaba,he loved
hablaremos,we will talk
entrenamiento,training
pescado,fish
últimas,latest
pobres,poor
dioses,gods
nerviosa,nervous
vueltas,round
encontrarlo,find him
autos,cars
alice,alice
preguntarle,ask him
lucy,lucy
abrigo,coat
okay,OK
estudiar,study
b,b
sonrisa,smile
cobarde,Coward
olvida,forgets
secundaria,high school
descubierto,discovered
convirtió,he turned
coches,cars
venía,came
josh,josh
charla,chat
vives,do you live
bruja,witch
c,c
celular,cell phone
rose,rose
rompió,broke
andando,walking
vean,see
conseguiste,you get
susan,susan
veinte,twenty
encargo,charge
matarte,kill
palacio,palace
convierte,makes
ja,ja
vivos,alive
pasamos,we passed
firme,firm
daría,would give
piense,think
oigo,hear
phil,phil
sorprende,surprising
alemanes,German
milagro,miracle
soportar,put up with
dejaron,They left
smith,smith
disculpen,excuse me
moda,fashion
despacho,office
vecinos,neighbors
vaso,Cup
dejarte,leave
explosión,explosion
poderes,powers
regla,rule
acaban,they finished
copia,copy
siguiendo,Following
viajar,travel
cadena,chain
fábrica,factory
mantiene,maintains
meter,to put
contenta,content
comiendo,eating
educación,education
maneras,ways
fumar,smoke
encantador,charming
cuantos,how many
homicidio,homicide
madera,wood
mayores,greater
grado,grade
tratamiento,treatment
blancos,whites
lord,lord
anterior,previous
comisario,commissar
pizza,Pizza
millas,miles
tira,strip
fueran,they were
cumplir,comply
plata,silver
quedará,will be
quedaré,I'll stay
aléjate,get away
decidir,decide
lío,mess
preguntó,I ask
agencia,agency
humanidad,humanity
usado,used
guardias,guards
parada,stop
leyes,laws
funcionó,it worked
odia,hates
levanta,Raise
mires,look
respira,breathe
escaleras,stairs
decisiones,decisions
queréis,you want
salvaje,wild
preguntando,asking
pasos,Steps
ambulancia,ambulance
traducción,translation
trabajado,worked up
básicamente,basically
tratado,treaty
parado,stopped
especiales,special
mentiroso,liar
libres,free
servicios,services
pedirle,ask
vivía,she lived
medios,media
compra,purchase
conocimiento,knowledge
armario,wardrobe
lobo,Wolf
quedamos,stay
ciertamente,certainly
permitir,allow
tráfico,traffic
uniforme,uniform
estuvimos,we were
alemania,Germany
suave,soft
propias,own
balas,bullets
asqueroso,disgusting
ciento,hundred
invierno,winter
consigo,with him
encuentre,Find
jenny,jenny
conductor,driver
equipos,teams
arena,sand
park,park
licencia,license
tíos,uncles
jackson,jackson
dijera,tell
espejo,mirror
marina,Marine
matando,killing
seres,beings
fiestas,parties
mover,move
coincidencia,coincidence
análisis,analysis
llegando,coming
azúcar,sugar
tim,tim
casar,marry
sótano,basement
volvamos,let's go back
sabrá,will know
taylor,taylor
ocasión,chance
cheque,check
revisar,check
ponerme,put myself
suceder,happen
acusado,accused
dímelo,tell me
quedé,I was
conciencia,awareness
doc,Doc
pesadilla,nightmare
sopa,Soup
saltar,skip
heridas,wounds
pienses,think
suicidio,suicide
llamarme,call
posibilidades,possibilities
elegido,chosen one
divorcio,divorce
registros,records
recibí,I received
joey,joey
escuchas,hear
mirad,Behold
pierde,misses
abogados,lawyers
trataba,He was
americanos,American people
llevando,wearing
miel,honey
regrese,I am back
dilo,say it
hermanas,sisters
alemán,German
iría,would go
lady,lady
salí,I left
particular,particular
miras,view
frontera,border
ventaja,advantage
alerta,alert
piscina,swimming pool
regalos,gifts
comportamiento,behavior
julia,julia
señales,signals
salimos,we went out
revista,magazine
hecha,made
imágenes,images
llegas,you arrive
rápida,fast
canal,channel
paciencia,patience
sacado,taken out
echo,threw out
crisis,crisis
asesinos,murderers
oíste,did you hear
dejando,leaving
estarías,would be
anteriormente,previously
vigilancia,surveillance
desierto,desert
asustada,scared
cuerda,rope
míos,my
chuck,chuck
seguido,Following
seremos,we will
morgan,morgan
pene,penis
despierto,awake
gobernador,governor
sección,section
casarme,marry
trabajos,jobs
karen,karen
preparados,prepared
murieron,they died
oso,bear
curiosidad,curiosity
vd.,you.
hank,hank
impresión,Print
pez,fish
pasaba,passing
escuchaste,you listened
torre,tower
sientas,feel
mentir,lie
pasillo,Hall
juega,play
suéltame,Let go
arresto,arrest
ricos,rich
sencillo,simple
ruta,route
documentos,documents
enamorada,in love
apuesta,bet
perdida,lost
vinieron,they came
ayudarnos,help
presento,present
hazme,Make me
leí,I read
arthur,arthur
virus,virus
lárgate,scram
sigan,follow
compró,I buy
servir,to serve
pongas,put
alarma,alarm
identidad,identity
iguales,equal
aviso,notice
aprendido,learned
caza,hunting
daba,He was
muchacha,girl
permanecer,stay
bebés,babies
opciones,options
responde,answer back
vernos,see us
julie,julie
llamaste,called
ponerse,to put on
sacó,coat
orgullo,pride
reales,real
esperan,are waiting
vuelves,again
maggie,maggie
serlo,Serlo
cuantas,how many
enfadado,pissed off
ponen,put
altura,height
jones,jones
archivo,archive
fred,fred
ayudará,help to
fácilmente,easily
criatura,creature
saco,coat
precisamente,precisely
máximo,maximum
viniendo,coming
vendría,would
louis,louis
ilegal,illegal
refiere,refers
llamamos,call
versión,version
incendio,fire
preferiría,I'd prefer
gritar,shout
recibió,He received
concierto,concert
casualidad,chance
excusa,excuse
rodillas,knees
cruz,cross
dulces,sweets
zorra,fox
cómodo,comfortable
cruel,cruel
sofá,sofa
perdiste,you lost
encantadora,lovely
salgamos,let's go out
sombra,shadow
ganó,won
encantada,Haunted
firmar,sign
escritorio,desk
muñeca,wrist
rastro,trail
gigante,giant
pájaro,bird
ducha,shower
tomamos,we take
déjenme,leave me
condición,condition
recompensa,reward
doce,twelve
actor,actor
actitud,attitude
cuida,takes care
salsa,sauce
hubieran,they had
carlos,Charles
personaje,character
dudas,Doubts
jackie,jackie
cambios,changes
votos,votes
vivido,vivid
perdimos,we lost
suficientes,enough
entrega,delivery
comercial,commercial
decidí,I decided
tribu,tribe
pura,pure
volveremos,we will be back
voto,vote
méxico,Mexico
amar,to love
poderoso,powerful
traigo,I bring
asesinatos,murders
fresco,cool
privada,private
seamos,we are
guarda,guard
orgullosa,proud
vivimos,we live
difíciles,difficult
hagámoslo,let's do
jefa,head
trató,treatment
senador,senator
ayudando,Helping
campeón,champion
bebiendo,drinking
adorable,lovely
ayudó,helped
ciego,blind
falsa,false
jo,jo
sara,sara
bestia,beast
alteza,high King
deseos,wishes
episodio,episode
celda,cell
llevarlo,carry it
aguanta,hold
vengas,come
jueves,Thursday
montañas,mountains
pensamientos,thoughts
medianoche,midnight
llevarme,take
garganta,throat
sesión,session
pensaste,Thought
diles,Diles
muera,dies
coma,eat
sentimos,Sorry
creas,believe
escribe,writes
identificación,ID
circunstancias,circumstances
preguntado,asked
veneno,poison
primavera,spring
súper,super
vuestros,your
queríamos,we wanted
aquello,that
preocuparse,to worry
martes,Tuesday
feo,ugly
cristo,Christ
francisco,Francisco
howard,howard
virgen,Virgin
distrito,district
decidió,He decided
reputación,reputation
socorro,Help
encontraré,I'll find
castigo,punishment
dígale,tell
límite,limit
junta,meeting
ponerte,get
casados,married
líneas,lines
estudios,studies
muévanse,move
audiencia,audience
helen,helen
nació,born
mato,mato
jugador,player
hmm,hmm
humo,smoke
popular,popular
nación,nation
conocimos,met
tropas,troops
sucediendo,happening
explicación,Explanation
salen,out
discúlpeme,excuse me
presentar,present
donna,donna
celebrar,celebrate
competencia,competition
envía,sends
mantén,Keep
verlos,see them
biblioteca,library
fila,row
ésto,this
misterio,mystery
ganador,winner
puerto,port
vehículo,vehicle
escapó,he escaped
traeré,I'll bring
julio,July
lograr,achieve
desaparecer,disappear
muero,I die
quítate,take off
favorita,favorite
patio,courtyard
golpeó,hit
tontería,foolishness
miss,miss
pecado,sin
comité,committee
preparada,prepared
comprado,bought
parezca,look
emocionante,exciting
caras,faces
rescate,rescue
título,Title
llegaste,you arrived
decírtelo,tell you
adivina,guess
elizabeth,elizabeth
pánico,panic
barry,barry
quieran,want
abby,abby
exterior,Exterior
pasión,passion
llegan,arrive
preparar,prepare
guau,Wow
patrick,patrick
tierras,land
demostrar,show
elegante,Elegant
asegurarme,sure
visitar,to visit
asegúrate,sure
darles,give them
cabezas,heads
abra,open
andrew,Andrew
dean,dean
ambiente,environment
conde,count
urgente,urgent
impuestos,taxes
antonio,Anthony
distinto,different
encantan,love
ron,Ron
marcas,brands
ayudarlo,help
leyendo,reading
adecuado,suitable
cajas,boxes
abandonar,Leave
dispara,shoot
buscamos,we seek
funcionando,working
traté,I tried
cia,Inc
tomen,take
darnos,us
intentas,try
lily,lily
gustado,I liked
jamie,jamie
luchando,fighting
apesta,stinks
volando,flying
periódicos,newspapers
lucas,Luke
detenido,stopped
curioso,curious
tetas,tits
caro,expensive
asco,disgust
usó,use
buscas,looking
amanda,amanda
salgo,I go out
decirnos,tell us
enseñó,I teach
rick,rick
mírate,look to you
stan,stan
debiste,You should
océano,ocean
bolas,balls
nuevamente,again
damos,we give
pagado,paid out
federal,federal
cuán,how
escalera,stairs
acepto,I agree
km,km
terapia,therapy
lágrimas,tears
terreno,ground
autoridad,authority
encuentran,found
roca,rock
superficie,surface
cubierta,cover
terry,terry
hierba,grass
juan,Juan
prometido,promised
crecer,growing up
mental,mental
extranjero,Foreign
madame,madame
prometí,I promised
mismas,same
existen,exist
veas,go to S
lento,slow
dirige,heads
capaces,able
chino,Chinese
vuelvan,return
meta,goal
suelta,loose
despedida,farewell
sucedido,happened
pasta,pasta
cristal,crystal
vegas,vegas
gritando,Screaming
pare,pare
peces,fishes
brown,brown
guardar,save
podían,they could
sabían,they knew
literalmente,literally
salvó,except
aprecio,appreciation
fotografía,Photography
patrón,Pattern
esposas,wives
king,king
desafío,challenge
asombroso,amazing
pedazos,pieces
robin,robin
sales,you go out
clínica,clinic
atrapar,catch
experto,expert
medida,measure
tele,TV
desagradable,unpleasant
custodia,custody
nacido,born
anuncio,ad
física,physical
hollywood,hollywood
empezado,started
ma,ma
fiebre,fever
johnson,johnson
compañera,partner
ayudarla,help her
desgraciado,unfortunate
organización,organization
echa,Check
mina,mine
honestamente,honestly
deuda,debt
digan,tell
transporte,transport
cocinar,Cook
delicioso,delicious
podíamos,we could
greg,greg
dirás,you say
habilidades,skills
sentimiento,feeling
pudieras,could
golpes,hits
nadar,swim
operaciones,operations
admitir,to admit
templo,temple
adios,bye
maravilla,Wonderful
quita,remove
mate,mate
piano,piano
bombas,bombs
paredes,walls
pantalla,screen
italia,Italy
pusieron,they put
sally,sally
amén,Amen
mac,mac
civil,civil
fantasmas,ghosts
gasolina,gasoline
sabia,I knew
tyler,tyler
judíos,Jews
s.,s.
tripulación,crew
pagan,pay
arrestado,detained
extraños,strangers
canta,sings
texas,Texas
estando,being
flor,flower
ricky,ricky
usan,use
cruzar,Cross
esperemos,let's hope
guía,guide
preocuparte,worry
enseñar,teach
irán,Iran
conferencia,conference
miro,I look
habitaciones,bedrooms
galletas,cookies
hablarle,speak
delito,crime
atacar,attack
objeto,object
disparos,shots
museo,Museum
ruedas,wheel
recientemente,Recently
huevo,egg
violación,violation
regresó,Return
sufrir,suffer
tina,tub
terminamos,finished
disponible,available
rica,delicious
habilidad,skill
práctica,practice
acabe,ends
amado,loved
haberle,having
volvemos,return
tendrías,would have
maestra,teacher
city,city
pastillas,tablets
aprendí,I learned
cable,cable
nacimiento,birth
consciente,aware
alcance,scope
evento,event
alquiler,rental
ordenador,computer
incidente,incident
huh,huh
escribí,I wrote
estuvieron,they were
intentaré,I will try
pensamiento,thought
metió,he got
maleta,suitcase
condado,county
piezas,pieces
ladrones,burglars
metro,meter
kilos,kilos
recuerde,Remember
español,Spanish
motivos,reasons
explica,Explain
renunciar,give up
actuación,performance
refugio,refuge
harto,Fed up
reacción,reaction
paliza,beating
chef,Chef
ocurra,occur
marty,marty
l,l
entrado,I entered
quitar,remove
amanecer,dawn
molly,molly
corazones,hearts
rumores,hearsay
llames,you call
celoso,jealous
utilizar,use
territorio,territory
olvide,forgot
prácticamente,practically
disfrutar,enjoy
intentaba,He tried
vecino,neighbour
pública,public
collar,necklace
golf,Golf
betty,betty
marco,framework
cercano,near
fondos,money
ross,ross
bruce,bruce
montar,mount
salvado,saved
grados,degrees
dylan,dylan
moto,motorcycle
instrucciones,instructions
treinta,thirty
gordon,gordon
adonde,where
hablarte,speak
jesse,jesse
emperador,emperor
cigarrillo,cigarette
cuéntame,Tell me
do,do
secreta,secret
haberse,have
hitler,hitler
anne,anne
mortal,mortal
ronda,round
cuídate,Beware
metal,metal
puro,pure
cierre,closing
colores,colors
eva,Eve
rusia,Russia
botón,button
hijas,daughters
tenerlo,have it
tono,tone
espía,spy
empleados,employees
conduce,she drives
detalle,detail
estuvieras,you were
oliver,oliver
rusos,Russians
déjala,leave her
crema,cream
roy,roy
contesta,answers
casarte,marry
manda,Manda
dias,days
prisioneros,prisoners
echado,lying
trajiste,you brought
charlotte,charlotte
flota,fleet
marie,Marie
criminales,criminals
mmm,mmm
platos,dishes
crímenes,crimes
cometido,task
golpear,hit
igualmente,equally
dispararon,shot
dejará,will leave
tontos,Fools
sabría,would know
abran,open
ayudante,assistant
cultura,culture
revolución,revolution
hombro,shoulder
botas,boots
adoro,I like
olvidó,I forget
biblia,Bible
saludos,Cheers
katie,katie
deme,give me
adultos,Adults
sitios,sites
serpiente,snake
parker,parker
nathan,nathan
romántico,Romantic
posiblemente,possibly
adivinar,guess
peores,worse
buscan,looking for
enfrente,in front
restos,remains
capacidad,capacity
aliento,breath
placa,license plate
rata,rat
áfrica,Africa
entendí,I understood
metas,goals
cuadro,picture
afortunado,lucky
puestos,posts
japón,Japan
división,division
subtítulos,Subtitle
entradas,tickets
bicicleta,bike
vuestras,your
pesado,heavy
sugiero,I suggest
calla,shut up
espacial,space
st,st
ventanas,windows
mejorar,to get better
concurso,competition
comisaría,Police station
sincero,sincere
centavos,cents
naturalmente,naturally
deseas,you want
pasara,it will happen
jay,jay
esperado,expected
ocurrir,occur
pondrá,will
recursos,means
raza,race
muestras,samples
personales,personal
wilson,wilson
imaginación,imagination
volverás,you will come back
ceremonia,ceremony
almacén,warehouse
sabor,flavor
sentarse,sit down
on,on
unión,Union
frankie,frankie
reserva,reservation
españa,Spain
encanto,charm
aviones,planes
calidad,quality
escondido,hidden
citas,quotes
aceite,oil
pusiste,put
querrá,will want
punta,tip
cinturón,belt
podrán,will be able
cuales,which
chiste,joke
consecuencias,consequences
sinceramente,sincerely
lewis,lewis
hablaste,you spoke
vaca,cow
investigando,doing research
vuelven,return
chloe,chloe
prisionero,prisoner
investigar,research
apellido,last name
actual,current
despertar,wake
instante,instant
vincent,vincent
ud,You
morirá,die
sacaste,did you get
justin,justin
traiga,bring
sentada,sitting
mueva,move
jordan,Jordan
terminé,I finished
emociones,emotions
dormitorio,bedroom
pulso,pulse
atreves,dare
frase,sentence
partida,departure
sabíamos,we knew
parezco,I look like
excelencia,excellence
despedido,fired
moral,moral
asalto,assault
decente,decent
informes,reports
asusta,scares
trabajan,they work
my,my
doug,doug
poca,low
pasaría,would
médica,medical
combustible,fuel
discusión,discussion
verán,you will see
ciertas,certain
pata,paw
jean,Jean
antiguos,old
requiere,It requires
cogido,caught
comunicación,communication
manzana,Apple
sed,thirst
tio,uncle
joyas,jewelry
cojones,balls
noble,noble
ee.uu.,USA.
trabajamos,we work
pediste,You asked
encontrarla,find
piedras,stones
traidor,traitor
gané,I win
letra,lyrics
conseguimos,we get
vía,via
sacerdote,priest
efectos,effects
resistencia,resistance
arroz,rice
arreglado,fixed up
tarjetas,cards
descubrió,discovered
desconocido,unknown
mínimo,minimum
disparado,fired
boston,boston
entienden,they understand
bandera,flag
llamarte,call you
plaza,square
entrando,entering
tomará,it will take
visitas,visits
cooper,cooper
demasiada,too
faltan,missing
planeado,planned
imperio,empire
esperaré,I'll wait
enfadada,angry
levantar,lift up
cartera,wallet
jeremy,jeremy
importar,to import
depósito,Deposit
colegas,colleagues
periodista,journalist
comprobar,check
funcione,work
nina,little girl
mereces,deserve
forense,forensic
tensión,tension
involucrado,involved
vacía,empty
abandonado,abandoned
vídeo,video
ruso,Russian
círculo,circle
judío,Jewish
cole,cole
gritos,Screams
carol,carol
empecemos,let us begin
resultó,turned out
campos,fields
váyanse,get out
escribiendo,writing
divertida,funny
pasen,pass
pinta,Pinta
supo,he knew
ascensor,lift
quedarnos,stay
matará,will kill
aparecer,Appear
helicóptero,helicopter
actuando,acting
ooh,ooh
pasas,raisins
apúrate,hurry up
big,big
entregar,deliver
escape,escape
indios,Indians
limpieza,cleaning
rebecca,rebecca
querrás,you will want
hueso,bone
jessica,Jessica
magnífico,magnificent
trabajadores,workers
caída,drop
temperatura,temperature
habia,there were
dejaría,leave
encontrará,will find
ejercicio,exercise
lealtad,loyalty
alas,wings
pasaron,They passed
invitación,invitation
diamantes,diamonds
unidades,units
miller,miller
enojada,angry
decimos,we say
leyenda,legend
gilipollas,douchebag
tomaste,do you drink tea
paraíso,paradise
gatos,cats
costumbre,habit
podria,might
cabaña,cabin
secretaria,Secretary
lentamente,slowly
ensayo,test
pagó,payment
familiares,family
gimnasio,Gym
negativo,negative
lenguaje,language
pájaros,birds
presenta,presents
quedes,stay
garaje,garage
palo,stick
león,Lion
oídos,ears
dick,dick
espaldas,you back
apuestas,betting
científico,scientific
incluyendo,including
pelotas,balls
actividad,exercise
dragón,dragon
necesite,need
intentamos,we try
aguantar,endure
davis,davis
primeras,first
generación,generation
sexuales,sexual
apetece,fancy
grupos,groups
capital,capital
dejemos,leave
habrías,would
máquinas,machines
barato,cheap
monsieur,monsieur
sistemas,systems
fingir,pretend
pensarlo,I think
miércoles,Wednesday
escritor,Writer
solitario,lonely
recibo,receipt
conocerlo,know him
pudimos,we could
convertirse,become
almas,souls
salto,jump
sonar,Sound
publicidad,advertising
russell,russell
temporal,temporary
antecedentes,background
probado,tried
todd,todd
kenny,kenny
llamaron,they called
atractivo,attractive
váyase,Go away
barra,bar
aniversario,anniversary
intereses,interests
madres,mothers
deba,should
imagina,Imagine
niñera,baby sister
movimientos,movements
quince,fifteen
holmes,holmes
muro,Wall
recibe,receives
luce,luce
nací,I was born
prima,cousin
cubierto,covered
contando,counting
reír,laugh
producto,product
daños,damage
abrazo,hug
gafas,glasses
arreglarlo,fix it
sobrino,nephew
man,man
demanda,demand
elecciones,elections
construcción,building
ayudaré,I'll help
buscado,wanted
criaturas,creatures
dejarla,leave
internacional,international
perfil,profile
trozo,piece
actriz,actress
repito,I repeat
bendiga,bless
pistas,tracks
whoa,whoa
vecindario,neighborhood
hannah,hannah
marcus,marcus
ataques,attacks
razonable,reasonable
vende,sell
gerente,manager
sensible,sensitive
ríe,laughs
izquierdo,left
personalidad,personality
camina,walking
traes,bring
tuvieras,you had
albert,albert
conté,I told
preparando,preparing
secretario,secretary
rueda,wheel
sorprendido,Surprised
profundamente,deeply
conoció,she met
grano,grain
pagaré,I will pay
límites,limits
moneda,coin
super,super
piedad,piety
militares,military
seguía,continued
tocado,touched
ciudadanos,citizens
creado,created
temas,issues
acepta,you accept
encerrado,locked
opinas,think
empiezo,I start
borde,edge
llevarla,take
barcos,boats
toby,toby
pudieron,could
tocando,touching
harvey,harvey
profesora,teacher
dejame,let me
expresión,expression
asesinada,killed
escándalo,scandal
nervios,nerves
ios,ios
randy,randy
emoción,emotion
blake,blake
catherine,catherine
oficialmente,officially
perdedor,loser
margaret,margaret
sienten,feel
rumbo,course
valle,Valley
ian,ian
x,x
viejas,old
buscaba,sought
científicos,scientists
gorda,fat woman
juventud,youth
hayamos,we have
preocupación,concern
desnudo,naked
guión,script
grant,grant
envié,I sent
señoritas,Misses
carreras,careers
tratas,try
sucia,dirty
sophie,sophie
ratas,rats
mayo,may
tirado,lying
heroína,heroin
háblame,tell me
contestar,answer
caos,chaos
alternativa,alternative
estupidez,stupidity
derek,derek
sorprendente,surprising
pedirte,ask
principios,beginning
egoísta,selfish
mostraré,I'll show
sentarme,sit
verdaderamente,truly
enhorabuena,Congratulations
casey,casey
peligrosa,dangerous
ánimo,cheer up
viajes,travels
lujo,luxury
mia,mine
cantando,singing
religión,religion
nate,nate
risas,laughs
despejado,clear
miserable,miserable
hierro,iron
corona,crown
wayne,wayne
serías,you would be
dispositivo,device
mencionar,to mention
brad,brad
mencionó,he mentioned
inmunidad,immunity
grabación,recording
producción,production
nuclear,nuclear
clima,weather
puesta,put
buscarlo,I look
carácter,character
prostituta,prostitute
llamarlo,call him
steven,Steven
máscara,mask
alegre,cheerful
comprender,understand
volviste,you came
cambiando,Changing
alianza,alliance
encontrarás,you'll find
positivo,positive
siglos,centuries
serían,would
desafortunadamente,unfortunately
guitarra,guitar
hacían,they did
estrategia,strategy
entré,between
vinimos,we came
frecuencia,frequency
poli,cop
that,That
elena,Elena
discúlpame,excuse me
llevé,I carried
vince,vince
prohibido,prohibited
caray,Wow
arruinar,to ruin
masa,mass
existencia,existence
túnel,tunnel
bromas,jokes
evitarlo,prevent
industria,industry
trasera,rear
monstruos,monsters
mete,gets
conseguiré,I get
inocentes,innocent
colección,collection
empleado,employee
fatal,fatal
stephen,stephen
olivia,olivia
intente,try
expediente,proceedings
nancy,nancy
putas,whores
jess,jess
petición,petition
ayudado,helped
lou,lou
presentación,presentation
beth,beth
vendido,sold
cerebral,cerebral
coraje,courage
adulto,adult
rubia,blonde
mandar,send
pierdes,lose
gano,won
almorzar,to have lunch
caridad,charity
oscar,oscar
sepan,know
llegada,arrival
capítulo,chapter
disculparme,excuse me
viniera,came
gastos,expenses
sentirse,feel
entren,enter
quédese,Stay
tarta,cake
volvería,return
jersey,sweater
mataría,kill
breve,brief
obras,plays
acero,steel
llévame,ride me
street,street
suceda,happen
cigarrillos,cigarettes
funcionará,it will work
alicia,Alicia
haberla,having
camarada,comrade
confesión,confession
dijimos,we said
coartada,alibi
desnuda,naked
payaso,clown
rayo,lightning
guay,cool
naves,ships
americana,jacket
político,politician
diseño,design
condenado,condemned
convencido,convinced
edward,edward
policia,police
italiano,Italian
pedro,Peter
mm,mm
camiseta,T-shirt
vendrán,will come
extrañas,foreign
impacto,impact
equipaje,luggage
lois,lois
sufrimiento,suffering
salieron,They left
mantente,Stay
sabiendo,knowing
maten,kill
adolescente,Teen
soltero,single
descubrí,I discovered
tranquilos,quiet
influencia,influence
oxígeno,oxygen
experimento,experiment
absurdo,absurd
algun,some
habrían,they would
ponerle,put
empiece,Start
devolver,give back
propuesta,proposal
tómalo,take it
michelle,michelle
abrió,Opened
plantas,plants
cantante,singer
traición,treason
cementerio,cemetery
florida,Florida
pozo,water well
patrulla,patrol
brandon,brandon
planeando,planning
ann,ann
tragedia,tragedy
ethan,ethan
miami,miami
autoridades,authorities
trate,try
procedimiento,process
fantasía,fantasy
billetes,bills
ganamos,we won
secuestro,kidnapping
sabrás,you know
prestado,borrowed
bodas,wedding
béisbol,baseball
ciudades,cities
conejo,rabbit
pregúntale,ask her
billete,ticket
esperanzas,hopes
díselo,tell her
significado,meaning
mueren,die
shawn,shawn
cincuenta,fifty
jugadores,players
web,Web
apropiado,appropriate
robot,robot
considerado,considered
alcanzar,reach
patatas,potatoes
mantenga,keep up
continuación,continuation
tradición,tradition
países,countries
ocultar,hide
tendríamos,would
electricidad,electricity
bebidas,drinks
siguió,he followed
reto,challenge
aldea,village
robaron,they robbed
aguas,waters
caminos,roads
ellen,ellen
permitido,permitted
alli,there
cima,top
éi,Ei
risa,laugh
cumplido,compliment
objetos,objects
decide,decides
pregunte,I asked for
once,eleven
matan,kill
terrorista,terrorist
tomes,take
términos,Terms
reyes,Kings
revés,reverse
explotar,exploit
maletas,suitcases
nubes,clouds
circo,circus
darse,get
west,west
prometiste,promised
tanque,tank
uñas,nail
encargaré,I'll
terroristas,terrorists
estúpidos,stupid
héroes,heroes
salta,jumps
daremos,give
agradecido,grateful
victor,Victor
terror,terror
keith,keith
sacrificio,sacrifice
destrucción,destruction
teddy,teddy
texto,text
peleas,fights
liga,league
martha,martha
ana,Ana
enviaré,I will send
teléfonos,phones
porno,for not
diera,give
oscura,dark
tuyos,yours
olvido,I forget
queridos,dear
colina,hill
bromeas,you kidding me
sano,healthy
únicos,unique
musical,musical
pastor,Shepherd
ponerlo,put it
naranja,orange
batería,drums
trabajó,job
reuniones,meetings
sue,sue
figura,figure
jesucristo,Jesus Christ
funcionan,do they work
voces,voices
caroline,caroline
jacob,jacob
caramba,Caramba
callejón,alley
técnica,technique
marshall,marshall
refería,concerned
notado,I noticed
maquillaje,makeup
lanzar,throw
cadáveres,bodies
atacó,he attacked
vendiendo,selling
bailando,dancing
tenerte,to have you
cubrir,cover
liz,liz
policial,police
fase,phase
gus,gus
joseph,Joseph
importaba,mattered
armada,navy
fea,ugly
porquería,filth
mickey,mickey
superar,overcome
disfruta,Enjoy
sueldo,salary
abiertos,open
piénsalo,think about it
testimonio,testimony
incómodo,uncomfortable
oyó,or me
costado,side stand
apaga,turns off
considerando,considering
bolsas,bags
seguiré,I will continue
imaginé,I imagined
detenerlo,stop
diana,Diana
pasaporte,passport
infancia,childhood
suele,usually
productos,products
rocas,rocks
reverendo,reverend
mediodía,noon
golpeado,beaten
destruido,destroyed
reconozco,I recognize
plástico,plastic
young,young
barba,beard
mago,Wizard
hojas,leaves
conocerla,know her
hallar,find
mantequilla,Butter
lidiar,fight
sentencia,judgment
ideal,ideal
dámelo,give it to me
mandó,I send
residencia,home
francamente,frankly
guerrero,Warrior
ayudo,helped
sigamos,let's keep going
jennifer,jennifer
engañar,cheat
baje,down
contaré,I tell
guantes,gloves
rompe,breaks
conociste,you met
hoja,leaf
decían,they were saying
recepción,reception
logrado,accomplished
odias,you hate
comisión,commission
vampiro,vampire
finales,end
sufrido,long-suffering
azules,blue
usarlo,use it
cometer,commit
descansa,rest well
peleando,fighting
docena,dozen
estaríamos,we would
sera,it will be
lanza,spear
averiguarlo,find out
lanzamiento,launching
moverse,move
ho,ho
falla,failure
angela,angela
técnicamente,technically
dejara,leave
medias,socks
míralo,look at it
físico,physical
hacerla,make
multitud,crowd
potencial,potential
hacías,doing
famosa,famous
rutina,routine
oportunidades,opportunities
progreso,progress
fascinante,fascinating
ensalada,salad
cómoda,comfortable
prepara,prepare
tráeme,bring to me
equivocas,wrong
tubo,tube
owen,owen
sacarlo,remove it
is,is
usas,use
letras,letters
dennis,dennis
demasiados,too many
éstas,these
interrumpir,interrupt
representa,It represents
socios,partners
pecados,sins
novela,novel
herramientas,tools
desaparece,disappears
apostar,bet
ó,or
septiembre,September
vestidos,dresses
festival,festival
franceses,French
queria,wanted to
gustar,like
auxilio,help
éstos,these
fracaso,failure
berlín,Berlin
cañón,Canyon
llegaremos,we will arrive
empezaron,they started
spencer,spencer
fíjate,notice
votar,vote
merezco,I deserve
infantil,childish
estacionamiento,parking lot
asesina,murderess
sentarte,sit
mintió,she Lied
grita,shouts
ofrecer,offer
ruth,ruth
esclavos,slaves
academia,academy
probarlo,try
viuda,widow
reporte,report
monedas,you currencies
rob,rob
advertencia,warning
jugo,juice
malcolm,malcolm
pico,peak
miré,Look
rota,broken
sociales,social
amarillo,yellow
encargado,in charge
so,SW
listas,lists
as,ace
poderosa,powerful
prometió,he promised
drama,drama
confundido,confused
olvídate,forget
normales,normal
inconsciente,unconscious
asegurar,ensure
estadounidense,American
locales,local
informado,informed
resuelto,resolved
cueva,cave
conduciendo,driving
perdidos,lost
escuchó,heard
patético,pathetic
abril,April
matemáticas,mathematics
eliminar,remove
venid,come
hicieras,did
causar,cause
demasiadas,you too
vigilando,watching
función,function
solar,solar
encontrarme,find
williams,williams
dólar,dollar
trucos,tricks
h,h
lectura,reading
camarero,waiter
toman,they take
regresaré,I'll be back
tiendas,shops
encontremos,let's find
dimos,we gave
cabina,cabin
deporte,sport
virginia,Virginia
fuga,leakage
holly,holly
sospechosos,suspects
jonathan,jonathan
ala,to
champán,champagne
quedaba,He was
viera,see
formar,to form
walker,walker
detectives,detectives
entenderlo,I understand
orejas,ears
obligado,obliged
testamento,will
extremadamente,extremely
creyó,he thought
darán,they will
materia,matter
detuvo,he stopped
casco,helmet
sabremos,we know
agenda,schedule
rosas,roses
aceptado,accepted
bello,beautiful
fabuloso,fabulous
llores,weep
arruinado,ruined
enterado,learned
junio,June
baila,dances
artistas,artists
realizar,perform
hechizo,spell
respiración,breathing
extremo,extreme
historial,record
pongan,put
yeah,yeah
próximos,coming
extraordinario,extraordinary
tigre,Tiger
fianza,bail
consejos,tips
mostrarte,show you
doctores,doctors
auténtico,authentic
usamos,we use
romance,Romance
miente,lies
matthew,matthew
importan,imported
paren,paren
indio,Indian
increíblemente,incredibly
pierdo,I lose
llevaremos,take
ví,saw
ofrece,offers
seco,dry
willie,willie
quinn,quinn
sagrado,sacred
monte,mountain
paris,Paris
discos,discs
louise,louise
carrie,carrie
juguetes,toys
cerdos,pigs
enteré,I learned
escapado,I escaped
matarla,kill
casó,case
ali,ali
salgas,leave
pasajeros,passengers
debilidad,weakness
civiles,civilians
corbata,tie
dispuesta,disposed
necesitaré,I need
cuartel,barracks
cazar,hunt
robando,stealing
convencer,to convince
rollo,roll
pescar,fishing
mezcla,mixture
parejas,couples
condicional,conditional
giro,turn
bonitas,beautiful
necesites,need
molestar,bother
amantes,lovers
gris,Gray
zoe,zoe
pedimos,we ask
refuerzos,reinforcement
josé,José
colgar,hang up
heridos,wounded
arreglo,arrangement
plazo,term
harold,harold
salvajes,wild
elliot,elliot
fotografías,Photographs
sintió,He felt
hermosas,beautiful
ashley,ashley
convertir,turn into
contarle,tell
retiro,retirement
francis,francis
gravedad,gravity
importe,amount
lata,can
enseñaré,I will teach
velas,candles
suyos,his
símbolo,symbol
reconocimiento,recognition
típico,typical
ayudas,aids
regresado,I returned
conducta,conduct
lane,lane
ken,ken
am,A.M
participar,take part
lana,wool
shane,shane
hacernos,us
tratan,try
vendedor,seller
federales,federal
pudiéramos,we could
diane,diane
estrés,stress
césar,cease
soltera,single
gustará,will like
em,em
brujas,witches
horario,schedule
recuerden,remember
identificar,identify
hill,hill
alfombra,carpet
perdóneme,excuse me
actores,actors
atractiva,attractive
permítame,let me
desperté,I woke up
salía,out
recibiendo,receiving
preciso,precise
comprendes,understand
white,white
altos,high
fan,fan
papas,potatoes
anciano,old man
profunda,deep
petróleo,Petroleum
intenciones,intentions
francesa,French
neil,neil
jin,jin
rango,rank
sombras,shades
malvado,evil
defender,defend
lleguemos,get
suba,up
jaula,cage
watson,watson
natalie,natalie
comentarios,comments
dosis,dose
cartel,poster
disparen,shoot
esperad,wait
cargar,load
enviaron,sent
jodida,fucking
seguí,I followed
aproximadamente,approximately
postre,dessert
escala,scale
estudiando,studying
pavo,Turkey
origen,origin
considerar,to consider
fiel,faithful
diego,Diego
embajador,ambassador
tatuaje,tattoo
población,population
harris,harris
comes,you eat
llamen,call
horribles,horrible
vampiros,vampires
dormida,asleep
niveles,levels
largas,long
pandilla,gang
agrada,pleases
traigan,bring
onda,wave
atrapados,caught up
duque,duke
bajas,low
dejaremos,leave
b.,b.
trono,throne
canto,singing
aumento,increase
esconder,hide
políticos,politicians
muertes,deaths
anthony,anthony
pensabas,you thought
saqué,I took
taller,workshop
fantástica,fantastic
practicar,to practice
asientos,seating
armado,armed
gibbs,gibbs
habrán,they have
considera,considers
atender,attend
ponemos,we
we,we
consigues,get
sentados,seated
costó,cost
soñando,dreaming
stanley,stanley
creó,I believe
ayúdenme,help me
juzgado,court
hablarme,Talk to me
janet,janet
bebido,drunk
pierdas,miss
ponlo,put it
gallina,chicken
miguel,Miguel
octubre,October
sentirme,feel
riesgos,risks
dificil,hard
besar,kiss
lavar,to wash
sacarte,you out
cuyo,whose
cayendo,falling down
emocional,emotional
prometida,fiancee
molestia,annoyance
christine,christine
consiga,Get
huella,paw print
agarra,Grab
karl,karl
condena,sentence
decírmelo,tell me
cafetería,coffee shop
honesta,honest
tómate,tomato
pablo,Paul
medidas,measurements
ofreció,he offered
dió,it gave
quizas,maybe
celosa,jealous
instinto,instinct
bancos,banks
mías,mine
emocionado,excited
juguete,toy
villa,town
conocida,known
servirá,will serve
norman,norman
centavo,penny
lincoln,lincoln
connor,connor
potencia,power
unido,United
julian,Julian
copias,do you copy
receta,recipe
interesada,interested
seguirá,will follow
oírme,hear me
normas,rules
cocaína,cocaine
encontrarte,find you
cambie,change
asesinó,assassin
huyendo,running away
marihuana,marijuana
entramos,we enter
congreso,congress
capa,cap
tocó,he played
mágico,magical
beneficios,Benefits
aburrida,boring
invito,I invite
período,period
corredor,runner
marte,Mars
ayudaría,would help
cortado,chopped up
mentiste,you lied
olvidaste,Forgot
nieto,grandchild
odiaba,I hated
fraude,fraud
zapato,shoe
mantenerlo,keep
liam,liam
tiró,threw
sector,sector
conseguirlo,to get it
furgoneta,van
causado,inflicted
beneficio,benefit
querrías,You'd want
graduación,graduation
alejado,remote
junior,junior
complejo,complex
miraba,he looked
patas,legs
columna,column
empieces,start
bienes,goods
quisieras,wanted
clásico,classic
saque,serve
oírlo,hear it
hígado,liver
robaste,you stole
decías,were saying
all,all
lleven,lead
trabajé,I worked
muebles,furniture
actos,acts
células,cell
presa,dam
hubiéramos,we had
travis,travis
joan,joan
páginas,pages
raymond,raymond
llenar,fill in
riley,riley
cambian,change
sonríe,smile
moscú,Moscow
ordenó,he ordered
go,go
motel,motel
venimos,we come
cuente,count
a.,to.
preguntes,ask
mentido,I lied
decidimos,we decided to
house,house
alimentos,foods
actúa,acts
prefieres,prefer
mason,mason
presupuesto,budget
prepárate,ready
ubicación,Location
etapa,stage
olvidaré,I forget
trajes,suits
santos,Saints
idioma,language
fruta,fruit
reconoce,recognize
vuela,Flying
ganando,winning
bendición,blessing
luis,Luis
compasión,compassion
reconocer,recognize
desarrollo,development
contarte,tell you
vomitar,barf
cazador,Hunter
pesca,fishing
arco,arc
wendy,wendy
llora,weeps
abandonó,abandonment
supiste,did you know
abogada,a lawyer
fama,fame
plano,flat
elige,choose
maíz,corn
remedio,remedy
harta,sick
maria,Mary
muéstrame,show me
audrey,audrey
acostumbrado,used
green,green
leonard,leonard
disfraz,costume
termino,finished
hombros,shoulders
química,chemistry
vela,candle
muelle,dock
tiroteo,gunfire
dirigir,lead
enterrado,buried
acento,accent
psiquiatra,psychiatrist
escoger,choose
estupenda,great
canadá,Canada
indica,indicates
deudas,debts
subiendo,going up
bla,bla
desayunar,have breakfast
tomaron,they took
fines,purposes
espíritus,spirits
ingeniero,engineer
cráneo,skull
desesperado,desperate
baby,baby
separados,separated
queja,complain
jugada,move
bajando,going down
signos,signs
dirías,say
von,von
buscaré,I will look
comen,eat
hong,hong
pediré,I'll
documento,document
descripción,description
tercero,third
estructura,structure
rehenes,hostages
lleguen,reach
botellas,bottles
encuentren,find
bomberos,firefighters
horno,oven
préstamo,loan
black,black
tratamos,we try
autopsia,autopsy
ocupados,occupied
penny,penny
metí,I got
pares,pairs
propietario,owner
supieras,supieras
adecuada,right
cuarenta,forty
profesión,profession
británico,British
exámenes,exams
tracy,tracy
evan,evan
seth,seth
moleste,bother
agosto,August
logró,achievement
marchar,to March
logan,logan
crecido,grown up
representante,representative
empiezas,start
tareas,chores
gabriel,Gabriel
vodka,vodka
dí,gave
re,re
terribles,terrible
infeliz,unhappy
enormes,enormous
geniales,great
generoso,generous
brindis,toast
rita,rita
directa,direct
hacéis,do
actualmente,at present
rifle,rifle
casino,casino
logro,achievement
trajeron,they brought
celos,jealousy
artículos,articles
estable,stable
escuadrón,squadron
ciudadano,citizen
colin,colin
sospecha,suspicion
violento,violent
engañado,cheated
relacionado,related
niega,denies
vietnam,Vietnam
batman,batman
vendió,he sold
ralph,ralph
chaval,kid
macho,male
allison,allison
menores,lower
constantemente,constantly
conozca,know
directora,director
borracha,drunk
ventas,sales
alivio,relief
trauma,trauma
enseñarte,teach you
estadounidenses,US
necesidades,needs
bart,bart
exposición,exposition
negociar,negotiate
todavia,still
explicarlo,explain
copas,cups
golpea,hit
edificios,buildings
región,region
duros,hard
moviendo,moving
kitty,kitty
aman,love
kong,kong
ford,ford
shh,shh
lógica,logic
eligió,elected
sammy,sammy
sangrando,bleeding out
jefes,bosses
comió,ate
traducido,translated
narices,nose
deberes,homework
grito,scream
empresas,Business
contactos,contacts
engaño,cheated
acusación,accusation
cirujano,surgeon
pagando,paying
cenizas,ashes
retraso,delay
asesinar,murder
mentí,I lied
imaginas,imagine
haciéndolo,doing it
ocurriendo,happening
pechos,breasts
solicitud,request
enfermedades,diseases
soporto,I stand
buscarla,search
mona,monkey
fresca,fresh
prioridad,priority
mentes,minds
francos,francs
rumor,rumor
confías,trust
dibujo,He drew
saliste,did you go out
contaste,tell
buscarte,look for you
prefiere,prefer
almirante,admiral
gastar,spend
vendrás,will come
use,use
craig,craig
warren,warren
conjunto,set
profesionales,professionals
ciertos,some
verdes,green
invitó,he invited
alumnos,students
presentó,he presented
informar,report
cortó,short
maya,Maya
apagar,to turn off
malditas,accursed
harían,would
nelson,nelson
besos,Kisses
graciosa,funny
chinos,Chinese
noviembre,November
invisible,invisible
contarme,tell
economía,economy
logramos,we
combinación,combination
enfermos,sick
conectado,connected
sucederá,will happen
asumir,assume
rusa,Russian
habitual,habitual
id,id
posesión,possession
inténtalo,Try it
ministerio,ministry
saludable,healthy
firmado,signed
oreja,ear
calientes,hot
personajes,characters
liberar,break free
cogió,he took
toro,bull
pintar,paint
eternidad,eternity
similar,Similary
sobrina,niece
tortura,torture
máxima,maxim
franco,Frank
earl,earl
raras,rare
paige,paige
espérame,wait for me
nene,baby
deportes,sports
sígueme,Follow me
sra,Mrs
pulmones,lungs
cuánta,how much
necesitaremos,we will need
isabel,Isabel
acabará,will end
manzanas,apples
ratón,mouse
eléctrica,electric
ee,ee
productor,producer
quédense,Stay
demuestra,shows
lauren,lauren
eventos,events
entendiste,got it
v,v
reciente,recent
empiezan,begin
pasaste,you spent
enfrentar,deal
dejaba,leaving
escucharme,listen to me
apariencia,appearance
aves,birds
radiación,radiation
advierto,warning
quemado,Burned
corea,Korea
sandy,Sandy
síntomas,symptoms
japoneses,Japanese
kurt,kurt
juzgar,judge
adrian,adrian
cervezas,beers
quemar,burn
kent,kent
marzo,March