Vietnamese,English
tôi,I
không,are not
là,was
anh,brother
có,have
ta,It
của,of the
đi,go
đã,is already
đó,there
sẽ,will
chúng,they
gì,what
một,one
được,OK
và,and
cô,Miss
làm,do
phải,right
rồi,already
người,people
này,this
cho,for
em,Kids
đây,here
con,children
sao,star
biết,know
ông,he
nói,to speak
nó,it
thể,can
với,with
cậu,boy
thế,How
lại,again
ra,out
vậy,Thus
để,to
nào,What
ấy,she
cái,the
đang,are
muốn,want
trong,in
mà,but
như,as
nhưng,but
khi,when the
những,the
đến,come
đâu,where
chuyện,matter
chỉ,just
cả,both
về,about
thì,then
họ,surname
giờ,hours
thôi,stop
thấy,see
còn,still
cũng,also
vào,into the
các,the
bị,equipment
nghĩ,think
đấy,there
ai,Who
thật,real
hắn,his
nếu,if
mình,his
việc,job
nữa,again
rất,very
vì,because
cần,necessary
chứ,rather
à,à
điều,thing
sự,the
tới,next
xin,please
thứ,kind
chưa,not
nhà,home
lên,up
đúng,it's correct
từ,from
mẹ,mom
nghe,listen
hơn,than
mọi,all
bạn,friend
tớ,I
nên,Candlestick
chết,died
mày,you
ơn,favor
đầu,head
đừng,do not
tìm,Find
tốt,good
tin,believe
hãy,let's
quá,too
nhiều,much
trước,before
cảm,cold
bà,she
ý,reviews
hay,or
công,the
nhất,Best
tao,I
bố,Father
tất,all
bao,bag
trên,on
tên,Name
lỗi,error
tại,in
thành,Fort
sau,after
cháu,grandchildren
ngày,day
khác,other
xem,see
theo,according to the
chắc,sure
gặp,meet
bắt,catch
yêu,to love
cứ,themselves
qua,by
vẫn,still
cùng,and
ngay,right
thích,prefer
cách,way
nhìn,look
sống,living
bọn,us
lúc,at
giết,kill
mới,new
quan,offices
chào,Hello
đưa,pass
lắm,very
gọi,call
hết,over
bảo,security
hai,two
rằng,that
ăn,eat
giúp,help
hiểu,understand
lấy,pick
ngài,sir
tự,self
lần,time
chính,primary
tay,hand
nhân,press
cuộc,the
bỏ,revoke
năm,year
mất,lost
hả,huh
vụ,service
xe,car
ngươi,thee
nhận,take
cha,dad
chúa,God
khỏi,from
nay,now on
định,No.
tiền,money
thời,time
cơ,agencies
nhé,Please
do,by
trở,return
bé,little
mặt,face
đường,Street
vâng,Yes
gái,girl
luôn,always
mấy,few
gia,Family
nhau,together
lời,word
nơi,place
chị,sister
xuống,down
bây,now
thưa,sir
số,number
động,moving
đồ,thing
ngoài,out
toàn,full
bất,Real
sát,close
thực,real
từng,ever
phòng,room
thằng,guy
kẻ,who
hàng,row
bằng,equal
chẳng,barely
chút,bit
nhớ,mind
chú,uncle
nhiên,course
lý,physical
chỗ,seat
học,learn
nhanh,fast
quay,rotary
sĩ,Doctorate
cố,try
tuyệt,great
lẽ,probably
chiến,fight
hỏi,ask
đại,contemporary
tiếp,more
tình,love
ơi,my
bên,side
đồng,copper
vui,fun
ổn,is fine
gian,time
tâm,center
cứu,assist
đề,recommended
i,i
sinh,born
trả,pay
bộ,the set
đều,are
máy,machine
vài,few
vị,you
nước,country
giống,like
đánh,fight on
xảy,happened
chơi,play
trai,clams
tối,dark
cảnh,scene
câu,the sentence
kia,that
ko,ko
giữ,Hold
hành,onions
vô,wealth
kết,link
bởi,by
hiện,current
giới,world
vừa,fit
tiếng,language
báo,newspaper
tưởng,believe
chờ,await
lo,worry
đẹp,pretty
hôm,Thursday
viên,member
hình,Figure
đáng,worth
vấn,issues
trọng,weight
bình,jar
đủ,enough
oh,oh
cám,bran
lớn,big
sáng,shining
bác,uncle
lâu,long
thần,God
sợ,scared
biệt,special
thông,information
cổ,neck
giải,solution
phụ,extra
thường,often
thương,love
vẻ,draw
cuối,final
rõ,clear
cửa,door
hợp,well suited
trung,Mid
bản,copy
dùng,use
ôi,Oh
tra,investigation
bắn,shoot
cầu,bridge
ba,father
hội,festival
t,t
đội,team
tiên,first
thân,Dear
chạy,run
thêm,more
đứa,children
thay,rather
mang,Carry
quân,military
xác,verified
đời,existence
ngủ,sleeping
trời,God
đổi,change
nhỏ,small
liên,venture
tội,sin
nghĩa,means
an,security
điện,electricity
dù,albeit
bay,fly
nữ,female
vệ,protection
phát,release
đối,for
c,c
đêm,night
trẻ,young
bệnh,sick
gần,near the
hoàn,Full
trường,schools
đợi,wait
tính,compute
nhỉ,huh
đất,land
đứng,stand
ngồi,sit
trông,looks
chiếc,the
n,n
xa,far
coi,watch
chứng,proof
ảnh,image
kể,including
khó,difficult
quyết,settlement
chịu,bear
năng,power
tập,collection
súng,guns
vọng,outlook
giá,price
hoặc,or
sắp,almost
xong,accomplished
tử,death
đàn,Forums
sẵn,available
kiểm,inspection
mở,open
cao,high
uống,to drink
chuyển,moved on
dừng,stop
ít,little
dưới,below
đình,Home
chủ,master
chọn,choose
điên,crazy
vật,object
thử,to try on
thống,system
kiếm,sword
mắt,eye
trưởng,Secretary
kế,next
phần,part
biến,Out
lòng,heart
sư,Professor
loại,species
mạnh,strong
thuốc,medicine
đấu,tournament
thức,wake
dễ,easy
vợ,wife
dụng,Its
y,Health
trái,left
quái,hell
phía,the
tiến,up
đau,pain
yeah,yeah
điểm,point
lực,force
sai,wrong
ng,ng
tệ,Currency
chắn,sure
quả,fruit
khốn,woe
sàng,ready
quên,forget
là,was
phút,minute
minh,intelligent
gã,guy
mừng,Welcome
kỳ,Any
hơi,a little bit
a,a
chân,foot
kinh,business
tuần,week
có,have
mua,buy
thủ,prime
đặc,special
may,sew
duy,only
trí,mind
tàu,ship
sức,health
trò,trick
quyền,permission
kìa,behold
mỗi,every
quý,precious
phố,city
buổi,day
thư,letters
hạ,Summer
bài,Posts
đặt,put
tháng,month
hôn,kiss
mai,roof
tài,User
diễn,to act
to,big
the,the
phép,permit
nổi,well
pháp,France
khách,guest
đôi,double
hiệu,mark
mặc,wear
vũ,universe
yên,yen
quốc,Nations
máu,blood
hệ,generation
đơn,single
khí,gas
khiến,cause
phá,breaking
tục,continue
thú,interesting
tuổi,year old
dân,people
chuẩn,standard
tạo,create
cá,fish
luật,the law
dẫn,guide
phục,s
m,m
nhiêu,much
mau,quickly
hiểm,insurance
bàn,table
hoàng,King
độ,point
mạng,network
sách,book
chó,dog
tiêu,pepper
ư,u
phạm,commit
chúc,wish
nhiệm,responsibility
thoại,phone
tinh,refined
tránh,avoid
gây,cause
thúc,ends
khu,region
danh,name
tranh,paintings
ổng,ổng
thắng,prevail
cây,tree
xấu,bad
you,You
xuất,Recommended
áo,shirt
s,S
sếp,boss
hy,hy
tiệt,Sterilizers
chí,Releases
cấp,grade
giả,false
xử,treatment
tấn,ton
mật,Secured
thiết,Facilities
khá,rather
liệu,Whether
địa,geography
lạc,lost
bán,sell
trình,submit
tượng,statue
thoát,exit
tạm,provisional
ngon,tasty
đoán,guess
thiên,Sky
giáo,spear
mời,invite
rời,leave
thanh,bar
okay,okay
dự,projected
chàng,guy
lệnh,Comeinand
l,l
hứa,promise
nằm,lie
sớm,Soon
hey,hey
dối,false
dịch,Translate
viết,write
hoạch,planning
vời,great
giữa,Between
ma,ghost
bóng,ball
hộ,Flat
nghỉ,Vacation
sử,history
nạn,victims
hại,detrimental
căn,Apartments
tim,heart
nguy,risk
hồ,lake
dậy,up
băng,ice
mục,items
phim,movie
giỏi,great
viện,hospital
hướng,direction
tế,health
tĩnh,static
thuật,arts
nhóc,Kid
đọc,read
kiểu,type
trị,treatment
phản,reaction
giao,delivery
tù,prison
rối,puppet
trốn,hide
rượu,alcohol
đá,rock
bước,steps
dấu,sign
ngu,sleep
đức,virtue
cười,laugh
tư,investment
cánh,wing
vòng,ring
mỹ,America
hoa,flower
lập,create
lạ,strange
tổng,total
ban,department
đóng,closed
tác,Business
hề,clown
lượng,volume
tụi,us
càng,more
thận,kidney
di,cell
bánh,cake
da,skin
ngốc,idiot
án,court
đám,group
tham,taking
tức,News
văn,Literature
mong,hope
già,old
nghiệp,Karma
thuyền,boat
bí,pumpkin
trang,Page
nè,nè
lũ,flood
hồi,time
độc,poison
hạnh,happiness
khỏe,strong
hẹn,appointment
gửi,to send
đùa,funny
trừ,minus
cáo,fox
khoảng,space
nhảy,dance
giác,sensory
thầy,teacher
đầy,full
khoan,bore
món,dish
khả,availability
phi,fees
nghiệm,experience
hóa,goods
cẩn,carefully
suy,failure
đông,bronze
suốt,throughout
vua,king
kéo,drag
chồng,husband
thất,the seventh
đô,capital
nhật,Update
nghi,Comfort
khủng,crisis
tiếc,regret
dành,reserved
thị,marketing
lái,driving
tương,relatively
bữa,Accessible
của,of the
chả,rolls
kiếp,lifetime
trận,battles
im,im
bức,picture
mãi,forever
triệu,million
quanh,around
màu,color
buồn,sad
chúng,they
đã,is already
riêng,private
biển,sea
nàng,she
dài,long
đỡ,support
sơ,Profile
ngờ,unexpected
nổ,explosive
đạo,director
đem,brought
linh,flexibility
chức,officials
chất,matter
thẳng,straight
chống,fight
mơ,dream
tổ,nest
hoạt,activity
gì,what
mắn,Luckily
lịch,calendar
gắng,to
quen,familiar
chừng,some
thù,feud
đó,there
sẽ,will
khóa,lock up
được,OK
đuổi,evict
nguyên,original
cầm,hold
thuộc,of
lửa,fire
uh,uh
lính,soldier
ghét,hate
dạy,teach
ngăn,compartment
kiến,is
thả,drop
thu,collection
thiếu,short
ngôi,person
lợi,profit
nam,male
chia,share
cắt,cut
dây,cord
lắng,about
thậm,maybe
sở,department
nhập,import
trách,accountability
ghi,write the
đen,black
lão,aging
cưới,Wedding
hẳn,really
ly,glass
âm,minus
nghị,conference
ngựa,horse
binh,infantry
cũ,old
vàng,yellow
phân,distributed
hủy,cancel
phương,the
v,v
trợ,Accessibility
ngoại,exchange
tây,west
tòa,court
tai,ear
truyền,TV
đạn,bullet
kì,stay
ký,sign
nghiêm,seriously
tá,dozen
vết,patch
nhắc,prompted
đảm,make
tiệc,feast
dám,dare
la,la
ok,ok
quần,trousers
mối,termites
chấp,challenge
phiền,mind
th,th
và,and
đổ,to pour
lựa,selected
ràng,clear
nửa,half
lầm,wrong
chung,general
chế,processing
ước,to wish
chi,expenditure
một,one
cướp,rob
hi,hi
john,John
nhờ,thanks
rồi,already
này,this
bại,lose
quỷ,devil
huy,commander
ch,ch
đằng,behind
tiểu,elementary
hát,sing
cử,election
ca,shift
cưng,my babe
mã,codes
chuyến,trip
thi,exam
khăn,towels
làm,do
phải,right
lễ,feast
lai,crossbred
vượt,reached
lối,manner
thuyết,theory
tha,excuse
nóng,hot
vùng,region
phúc,happiness
giấy,paper
tích,integrated
người,people
thái,Status
nhạc,music
tận,take
rắc,sprinkle
u,u
buộc,tie
xét,Reviews
kích,fire
đoàn,group
tiết,more
thịt,meat
tóc,hair
trắng,white
thuận,Conveniently
phù,compliance
rơi,fall
chăm,hard
lạnh,cold
cực,pole
nhóm,group
kim,Kim
b,b
tỉnh,the provincial
cộng,community
mái,roof
ty,companies
cung,supply
săn,hunting
cuốn,coil
tướng,Minister
dữ,data
giận,angry
thượng,rooftop
miệng,mouth
soát,control
sản,Is
tăng,increase
ứng,application
bắc,north
vi,Because
trộm,thieves
phí,Free
sửa,repair
lệ,charter
cà,coffee
lừa,trick
mức,levels
túi,handbag
thánh,St
đỏ,red
giây,seconds
hưởng,awarded
yếu,weak
dõi,Subscribe
and,and
ích,Additional
trại,camp
cơn,gust
khai,declare
sâu,deep
vương,King
thở,breath
jack,jack
tí,little
ah,ah
diện,comprehensive
hồn,soul
hầu,almost
đảo,island
tín,credit
xúc,contact
nỗi,that
phủ,government
biểu,Popular
hòa,Air
loạn,disorder
nặng,heavy
tấm,sheet
lớp,Class
bom,bomb
nh,nh
chuyên,specialized
ác,evil
bận,engaged
huynh,brother
dĩ,course
chương,chapter
lí,thread
chữa,cure
lãnh,receive
đột,raid
kính,glasses
rút,withdraw
phóng,launch
ở,in
thỏa,deal
khỉ,monkey
á,Asian
lộ,way
cạnh,edge
kỹ,engineering
hậu,Queen
hùng,hero
sang,to
thề,swear
đoạn,segment
sóc,squirrel
khẩu,export
luyện,training
thăm,visit
giản,Simplified
sạch,clean
frank,frank
chim,bird
xếp,ratings
nha,nha
quán,shop
mùi,odor
nó,it
ánh,light
đón,to pick up
biết,know
lá,leaves
tồi,wrong
phong,room
ngạc,pleasantly
giấu,hide
thủy,Water
quản,management
thuê,to rent
lành,healthy
tôn,religious
tường,wall
hỏng,fail
thể,can
não,Brain
new,new
tầm,Games
ê,Hey
vực,area
vậy,Thus
loài,species
hộp,box
xanh,blue
tắm,shower
tắt,Turn off
ngừng,cease
siêu,super
dọn,clear
nhắn,Visitor
ấn,publications
thừa,excess
ô,umbrella
nguyện,vow
dựng,up
sân,Yard
nói,to speak
thế,How
nợ,in debt
lặng,quiet
nội,internal
mùa,season
it,it
đập,hit
diệt,Removal
chà,rub
tầng,floors
hạn,term
kiện,to sue
mắc,suffer
trực,online
đài,stations
muộn,late
bạc,silver
sót,shortcomings
lưu,save
can,intervention
quà,gift
say,drunk
đống,heap
khắp,around
hút,absorb
giám,director
giường,bed
lại,again
chặn,block out
hảo,perfect
với,with
xinh,beautiful
cục,Department
trấn,town
in,print
du,travelers
núi,Mountain
đích,destination
nắm,hold
chạm,touch
nguồn,source
nào,What
chụp,take a shot
phê,get high
h,H
hữu,property
khoa,faculty
so,Compare
truy,access
thua,lose
tồn,N
tàn,disabled
xây,construction
dính,sticky
bang,states
ngân,banking
ném,throw
tờ,sheet
chìa,key
nuôi,feed
đói,hungry
kh,kh
nhầm,confused
đẩy,to push
of,of
khóc,cry
kêu,sounding
giấc,dream
dục,fitness
khổ,suffering
bốn,four
chặt,chop
ẩn,hidden
hiệp,united
úy,Captain
no,no
áp,pressure
chán,bored
rừng,Forest
nghệ,technology
mẫu,form
trễ,late
luận,Comments
thang,ladder
hào,trench
cậu,boy
sổ,register
đèn,lamp
lưng,back
phận,department
quy,provided
vận,campaign
khởi,launch
chậm,slow
biên,record
tộc,ethnic
chữ,word
cháy,Fire
khắc,notch
dàng,easy
dòng,current
bò,cow
ngàn,thousand
hổ,tiger
dị,horror
dọa,threatened
túc,sufficiency
xứng,value
giảm,reduction
để,to
ấy,she
bầu,elected
mệt,tired
nhẫn,rings
đào,dig
trải,spread
châu,Continental
mê,crush
trạng,Condition
ngục,prison
hầm,tunnel
kỷ,th
mi,mi
tiện,convenient
tốc,Expressway
hoang,wilderness
tung,launched
gà,chicken
chiều,pm
sam,sam
whoa,whoa
lỗ,hole
ừm,umm
thiệt,real
mệnh,fate
vỡ,breaking
triển,growth
dương,positive
những,the
cái,the
sắc,sharp
me,me
nghiên,research
tặng,donate
cư,Residential
sáu,six
ám,hinted
dao,knife
my,my
sa,sa
lạy,prostrate
hải,customs
vinh,glory
tổn,loss
đệ,followers
mũi,nose
o,o
nga,Russia
tóm,summary
chảy,run
lùi,backward
ninh,security
ngoan,good
mà,but
xung,pulse
dạ,yes
tỏ,show
hứng,inspiration
toán,maths
hài,comedy
york,york
vai,shoulder
khám,examination
che,cover
mông,butt
sông,river
bội,multiple
ống,tube
vĩ,great
bi,bi
hồng,pink
miễn,exempt
ghế,chair
đến,come
đốc,Director
ha,ha
lương,wage
thẩm,competent
d,d
ngược,reverse
thiệu,recommend
giọng,tone
khiển,control
dặm,mile
thưởng,bonus
chối,deny
bụng,stomach
niềm,conviction
hỏa,fire
khoản,Clause
well,well
peter,Peter
kịch,dramatic
rộng,wide
sạn,Hotels
tán,spread
phán,negotiations
james,james
bè,raft
gió,wind
nối,link
hấp,steamed
thoải,comfortable
thờ,church
lôi,haul
cập,update
giam,prison
đốt,burned
nhẹ,light
chiếm,accounting for
họp,meetings
ghê,Horror
e,e
mộ,tomb
vẽ,painting
on,on
địch,the enemy
kho,warehouse
dì,aunt
cắp,theft
phẩm,Products
đâm,puncture
chuột,mouse
wow,wow
that,có
muốn,want
tạp,complex
đeo,wear
hãi,fear
phu,elaborately
trao,handed out
cản,clearance
lao,lao
nghề,occupation
màn,screen
cặp,bag
răng,tooth
bạo,violence
trống,empty
cả,both
trụ,pillar
thám,detective
cụ,instruments
xuyên,trans
canh,soup
cờ,flag
khiếp,terror
hạt,seed
vớ,sock
thí,contestants
cứng,hard
thiện,friendly
xương,bone
thợ,artisan
michael,michael
thảm,carpet
lan,spread
tố,factor
mèo,cats
tan,fade
rồng,dragon
trăm,hundred
môn,subjects
điệp,messages
phạt,punish
hò,Dating
um,um
kẹt,trapped
cú,shot
long,dragon
ngực,chest
ben,ben
đua,race
dạng,shape
rồ,Madness
đế,insole
bả,baits
lục,green
trùng,coincidence
xưa,old
xã,commune
g,g
đe,anvil
khuyên,recommend
hư,bad
rửa,wash
tùy,custom
sóng,wave
mình,his
chỉ,just
giày,shoes
thẻ,card
giàu,rich
khứ,past
treo,hang
leo,climb
cân,scales
harry,harry
lãng,romantic
bãi,park
võ,martial
cóc,Warts
tắc,switches
lẫn,and
câm,dumb
trần,bare
cổng,gate
cãi,argue
lang,lang
cận,access
ngọn,top
gấp,urgently
bơi,swim
bẩn,dirty
bám,cling
trưa,noon
phó,deal
thai,thai
mẽ,strong
chuyện,matter
đụng,bump
mike,mike
jim,jim
hung,assault
đồn,stronghold
tải,downloads
claire,claire
nhiệt,heat
sứ,ceramic
đòi,claim
lỡ,Miss
tống,served
ép,squeeze
dần,gradually
lui,retreat
mạch,circuit
kịp,keep
bật,pop
hối,exchange
thấp,short
đạt,reached
đáp,answer
charlie,charlie
cỡ,size
về,about
đựng,contain
ấm,tepid
còn,still
nhiễm,infection
tước,Stripping
nhắm,aiming
rachel,rachel
rác,garbage
cởi,take off
đc,DC
mồm,mouth
xâm,invasion
don,don
thật,real
mảnh,Piece
david,david
ngón,finger
cất,build
khẩn,emergency
chiếu,mat
dụ,example
vẩn,suspensions
tuy,though
bia,beer
chấm,dot
joey,joey
thấy,see
dung,capacity
đậu,bean
phiếu,promissory note
đấy,there
tom,tom
họ,surname
mười,ten
thơ,poem
mưu,staff
bờ,edge
ảo,virtual
xu,coin
ngã,fall
nát,crushed
dũng,courage
vé,ticket
cũng,also
lĩnh,leader
ngang,transverse
gan,liver
chai,bottle
trà,tea
căng,strained
ross,ross
đăng,to post
man,false
kí,Register
lát,slice
r,r
thèm,cravings
alex,alex
dạo,walking
bếp,a kitchen
chôn,bury
liều,dose
trúng,hit
đéo,đéo
all,all
đương,or
dẹp,up
thì,then
đếm,count
vào,into the
george,george
doanh,business
what,what
bảy,seven
chỉnh,correction
mưa,rain
góc,corner
niệm,anniversary
làng,village
giáng,fall
đa,multi
ngơi,business
các,the
phức,multiple
dựa,based
we,chúng
hỗ,support
miếng,bit
thảo,beautiful
fbi,fbi
sỹ,Graduate
giờ,hours
tái,re
nô,slavery
hmm,hmm
hoại,septic
thăng,ascend
huấn,training
gác,upstairs
trăng,moon
joe,joe
ngắn,short
mô,tissue
túy,Obtained
chứa,contain
dầu,oil
nấu,cook
nông,shallow
chớ,Do not
nãy,earlier
oliver,oliver
thách,challenge
cấm,prohibit
nâng,elevate
ph,ph
gương,mirror
is,is
nghĩ,think
đỉnh,top
điếm,prostitute
sắt,Iron
sẻ,shall
dứt,stop
hân,pleased
lộn,confused
mạo,Appearance
hoảng,Depression
tu,tu
mù,blind
bẫy,trap
nữa,again
tuyên,states
ngại,constraints
bị,equipment
kệ,shelves
lượt,in turn
huh,huh
your,ngôn
thổi,blow
thập,gathering
will,will
thùng,bin
ủng,supporters
ôm,hug
à,à
họa,paint
buôn,trafficking
dâm,sex
phẫu,surgery
trứng,egg
môi,each
trạm,station
chứ,rather
tuyết,snow
cải,improvements
cốc,the cup
mát,cool
mary,mary
phiên,turn
xóa,erase
lùng,down
bảng,board
ho,cough
mụ,she
nếu,if
gi,gi
tả,description
khổng,giant
cắn,bite
ngọt,sweet
đấm,to punch
khiêu,sexually
gấu,bears
house,house
giành,eagerly
quang,optical
móc,hanger
giãn,relaxing
dường,seems
rắn,snake
jimmy,jimmy
bào,cell
quảng,advertisement
ví,wallet
bão,storm
song,yet
ức,depression
quyển,vol
ghé,Visitors
điều,thing
bob,bob
mày,you
sơn,paint
vờ,pretend
liền,instant
huyết,blood
hắn,his
mượn,borrow
rất,very
đớn,excruciating
vì,because
barry,barry
tách,Cup
bệ,dais
chóng,quickly
kín,private
sự,the
tr,tr
niên,young
chở,carry
hét,shout
ngữ,language
danny,danny
lông,hair
hạng,class
lồ,Colossi
cớm,cop
pháo,fireworks
khát,thirsty
ga,ga
suýt,almost
ung,rotten
nguyền,curse
paris,paris
phỏng,interview
max,max
nhục,humiliated
tuyến,online
tốn,consuming
cam,oranges
mộng,dream
hòn,islet
hè,summer
mũ,hat
ray,ray
hận,hate
kĩ,carefully
paul,paul
bồ,bồ
gắn,apply
hà,Galaxy
cút,quail
p,p
sàn,floors
cứt,sit
vãi,scatterings
for,for
tạ,weightlifting
sói,the wolf
chìm,sank
gián,cockroaches
tủ,chest
đúng,it's correct
hèn,cowardly
táo,apple
trì,prime
trá,indirection
quê,Village
nền,background
kiên,firm
kẹo,candy
be,beige
sarah,sarah
lưỡi,tongue
bày,presents
buông,let go of
trượt,to slide
gãy,fractures
bông,cotton
kem,cream
bá,promotion
bill,bill
vân,cloud
thải,waste
nghiện,addiction
liệt,paralysis
cần,necessary
vội,hurry
sữa,milk
óc,brain
hương,incense
cỏ,grass
lô,parcel
khuôn,mold
hiến,give
mò,curious
việc,job
cương,diamond
tri,tri
miền,domain
hãy,let's
monica,monica
phe,party
this,this
mark,mark
khôn,wise
kháng,resistance
xứ,land
ngầm,implicit
trừng,punished
nướng,Grilled
vây,besiege
muội,soot
khối,grade level
cát,sand
trôi,drift
bóp,squeeze
manh,vulnerable
tiệm,shop
mì,noodles
gói,package
mồi,quarry
điệu,tone
god,god
nick,nick
thứ,kind
mồ,sweat
khùng,crazy
thổ,brothel
tháo,remove
gốc,origin
bụi,dust
dâu,strawberry
tv,television
giai,the period
tuân,compliance
lầu,upstairs
đảng,party
mập,fat
bar,bar
xoay,turn
sara,sara
mạn,romantic
đuôi,rear
re,re
ân,grace
tỷ,Billion
sốt,fever
go,go
nhốt,confine
đần,đần
tám,eight
bỏng,burn
bồi,compensation
dở,bad
know,know
âu,World
emily,emily
chọc,to poke
pha,mix
k,k
mến,Dear
gởi,send
hôi,foul
thỉnh,invite
mỏi,fatigue
tháp,tower
khô,dried
nhát,shy
nhảm,so lame
mọi,all
chandler,chandler
tươi,fresh
kỉ,century
ngắm,contemplate
henry,henry
hô,coral
chín,nine
ngôn,discourse
từ,from
lee,Lee
tommy,tommy
nút,knot
li,li
by,by
tỉ,billion
mạc,Tent
tang,mourning
thoảng,Occasionally
tởm,loathe
hỗn,mixed
đít,ass
đuối,drowning
bốc,loading
rũ,shake
tiêm,injection
đền,temple
tới,next
xích,leash
cạn,shallow
vứt,throw
ngũ,sleep
xạ,radiation
giỡn,joking
phái,sect
đạp,bicycle
dò,probe
triều,Dynasty
truyện,story
cược,betting
billy,billy
nương,Hilly
anna,anna
vĩnh,permanent
đừng,do not
đĩa,plate
chăng,affordable
lâm,forestry
ruột,intestine
giơ,jam
kém,least
jane,jane
vầy,Thus says
hít,breathe
tròn,round
trói,rope
giật,shock
heo,stale
he,heh
carl,carl
van,valve
dave,dave
xóm,neighbors
hoan,Festival
gợi,prompt
tìm,Find
tịch,President
tụ,convergence
thiêu,incinerate
right,right
hiếp,rape
nụ,bud
lò,oven
thối,rot
chủng,strain
vườn,garden
cột,column
ốm,Sick
thụ,receptor
váy,dress
dáng,shape
nhà,home
chết,died
mét,meters
ủy,Commissioner
má,mother
mãn,complacency
chuông,bell
vỏ,bark
thiếp,card
đàng,Eden
đồi,hill
nạ,masks
bự,big
huống,case
hàn,solder
cai,withdrawal
ưu,priority
bối,given
đầu,head
eddie,eddie
mềm,soft
hang,cave
gỡ,uninstall
san,san
lặn,dive
tốt,good
with,with
cu,cu
richard,richard
tùng,spare
giáp,armor
quyến,charm
ngọc,gem
london,london
mỏ,bill
ghen,jealous
gỗ,the wood
đẻ,to lay
quỳ,kneeling
hiếm,rare
jake,jake
tia,ray
cuồng,rapturous
cỗ,deck
tân,new
quỹ,funds
viễn,telecommunications
mr.,Mr.
dã,Wildlife
tàng,Museum
diệu,magic
tràn,to spill
vốn,capital
bạn,friend
matt,matt
nhịp,rhythm
phổi,lung
điển,Dictionary
mexico,mexico
khoác,jackets
quét,to scan
than,charcoal
rẽ,turn
béo,fat
thao,Sports
thiệp,card
bực,upset
ll,ll
tony,tony
khoẻ,health
cúi,bow
trục,axis
quá,too
bổ,Cut
tô,Car
yes,yes
trinh,s
tất,all
ngớ,silly
trùm,boss
camera,camera
thỏ,rabbit
huyền,jet
gối,pillow
vững,firm
nhất,Best
kiệt,masterpiece
ngẩn,silly
lợn,pig
khích,encourage
chffff,chffff
thắc,concerns
nộp,submitted
robert,robert
sợi,yarns
chấn,injury
william,william
come,come
dưỡng,nursing
bạch,White
chiêu,moves
bớt,cut
đinh,nail
cắm,plug
daniel,daniel
nhiều,much
báu,treasure
up,ups
ngửi,smell
nghìn,thousand
dùm,Dum
đòn,blow
góp,contributed
bê,veal
xăng,gasoline
phoebe,phoebe
cơm,rice
taxi,taxi
rẻ,cheap
ngài,sir
martin,martin
loạt,series
co,co
adam,adam
khói,smoke
ý,reviews
bố,Father
gồm,including
gục,down
ti,ti
steve,steve
lót,Lining
sướng,praises
gánh,carry
ve,draw
đắn,sound
ong,ong
kevin,kevin
nghèo,poor
rốt,eventually
nhi,children
ướt,wet
hoài,nostalgic
chui,wipe
cảng,port
gạt,brushed
suất,productivity
ồn,noise
johnny,johnny
mmm,mmm
cảm,cold
xé,rend
việt,Vietnam
dean,dean
vả,fig
virus,virus
lau,wipe
bến,Wharf
râu,beard
like,like
bọn,us
ưa,Popularity
thà,rather
ngưỡng,threshold
scott,scott
xì,blow
thô,rough
trước,before
shh,shh
bậc,degree
cuộn,roll
xuân,spring
stark,stark
but,but
lặp,repeat
ngưng,cease
biện,measures
charles,charles
tò,curious
just,just
one,one
khoảnh,moments
tại,in
tuyển,selected
khớp,joint
chris,chris
robot,robot
bề,surface
are,are
sụp,collapse
trú,stay
phấn,chalk
dày,thick
đê,dike
trương,policy
lén,slip
nắng,sunny
trật,miss
arthur,arthur
lỗi,error
giang,giang
chốt,latch
vở,notebook
sung,figs
nhí,Boys
khoang,cavity
cậy,dependable
bọc,wrap
buýt,bus
đàm,phlegm
nathan,nathan
got,got
ái,charity
alô,Hello
nhàng,gentle
chff,chff
trúc,structures
bắp,corn
nôn,vomit
bà,she
mọc,grow
thắt,constriction
cự,focus
sốc,shock
aah,aah
video,video
tam,triangle
chợ,market
bó,bunch of
nhặt,pick
love,love
brian,brian
ván,boarding
hannah,hannah
hâm,Fan
baby,baby
alice,alice
lược,strategy
thuế,tax
morgan,morgan
thomas,thomas
quận,District
ngào,sweet
ngoái,last
rào,hurdle
not,not
bồn,bathtub
x,x
dan,dan
va,and
phối,Coordinator
ngành,branch
rome,rome
bọ,bug
mổ,surgery
cia,cia
get,get
phật,Buddha
ooh,ooh
thỉu,filthy
lưới,grid
dư,residual
khoá,course
chép,Copy
washington,washington
red,red
nhét,put
hệt,identically
thác,waterfall
đáo,originality
thành,Fort
chu,cycle
lắm,very
kate,kate
giặt,wash
hoạn,castrate
mươi,fifty
cụt,penguin
out,out
mẹ,mom
ngắt,interrupt
dắt,guide
ngày,day
vong,deaths
hước,humor
thạch,jelly
de,de
tầu,ships
rủa,cursed
trữ,reserve
đứt,off
bắt,catch
sống,living
jesus,jesus
kỵ,cavalry
gậy,stick
cách,way
vẫn,still
mớ,tangle
kênh,channels
cứ,themselves
rằng,that
bút,pen
nhấn,press
have,have
ghép,join
vang,wine
walter,walter
móng,nail
thuần,pure
tỏa,shine
khúc,segment
đạc,Fixtures
xông,steam
chén,Cup
bể,bellows
cài,install
hiền,meek
nhá,nhá
pete,pete
xô,shove
cưỡng,forced
cống,drain
rộn,busy
cựu,former
voi,elephants
chăn,blanket
đo,measure
cùng,and
nạp,loaded
yo,yo
bobby,bobby
city,city
xài,spend
nhạy,sensitivity
xí,ugly
dàn,orchestra
nhìn,look
sờ,touch
chóc,chóc
rick,rick
giết,kill
nỗ,efforts
cường,strong
cạo,Strippers
andy,andy
vắng,absent
tảng,foundation
doug,doug
thích,prefer
rỗng,hollow
hưu,pensions
kê,Statistics
francis,francis
wilson,wilson
cấu,structure
dãy,Range
finch,Finch
khác,other
there,there
hank,hank
lấy,pick
ngập,flooded
ow,ow
đắt,expensive
lật,Flip
độn,padded
dại,mad
hắc,dark
khen,praise
marty,marty
côn,insect
ted,ted
lúc,at
mờ,opaque
chắc,sure
hiển,show
đệch,dech
đô-la,dollars
tráng,coated
pin,the battery
xế,driver
now,now
gọn,short
nốt,notes
quấy,harassment
hoá,goods
queen,Queen
hello,hello
khoai,potato
ryan,ryan
maria,maria
gõ,knocking
was,was
amy,amy
bruce,bruce
nho,grapes
đoạt,won
chém,cut
đãi,treat
dược,pharmaceutical
if,if
khoái,pleasure
radio,radio
đếch,dech
nọ,The other
khấu,Dramatic
texas,texas
rảnh,free
lăn,rolling
lỏng,liquid
hoãn,they eat
cừu,lamb
xíu,xíu
mây,cloudy
mm,mm
bầy,herd
blur,blur
toà,court
té,fall
chuộc,atone
fscx,fscx
fscy,fscy
viêm,inflammation
lồng,cage
dỗ,coax
fscx,fscx
katie,katie
cò,stork
nuốt,swallow
jones,jones
they,chúng
lê,pear
ơ,Matt
run,quiver
tể,allows
ngộ,treatment
good,good
victor,victor
nhu,need
bù,compensation
su,su
dọc,vertical
gặp,meet
gordon,gordon
chẳng,barely
bẻ,brake
roy,roy
vạn,thousand
chào,Hello
lạp,Greek
simon,simon
mực,ink
xà,soap
here,here
đai,band
ranh,boundary
trưng,referendum
hằng,constant
lincoln,lincoln
hố,pit
sherlock,sherlock
đà,momentum
rung,vibrate
annie,annie
eric,eric
thói,habits
họng,throat
wayne,wayne
rưỡi,half
hạm,flagship
xưởng,workshop
mới,new
nhấc,lifted
tẩy,eraser
vặt,Classified
edward,edward
lăng,shrine
mại,Commerce
carter,carter
trích,extract
giúp,help
jesse,jesse
châm,prick
king,King
cưỡi,Riding
sean,sean
vịt,duck
trộn,shuffle
giùm,help
dịp,occasions
tát,slap
tiềm,potential
ối,amniotic
trân,treasured
time,time
đỗ,park
giảng,teaching
let,let
al,al
rớt,fall
uhm,Uhm
nhện,spider
muôn,all
j,j
xăm,tattoo
lắc,shake
tông,cardboard
phun,puff
hitler,hitler
jason,jason
walt,Walt
non,young
gài,tuck
muối,salt
lẻ,retail
lắp,mounting
tiễn,practice
cúp,cup
huỷ,cancellation
kiệm,save
bột,flour
chiên,fried
nón,hat
chằm,lasciviously
amen,amen
gay,gay
tăm,toothpick
súc,cattle
emma,emma
thâm,deep
phú,varies
hở,open
marcus,marcus
vất,throw
đẳng,class
bỏ,revoke
bã,dregs
thơm,fragrant
sẹo,scar
amanda,amanda
hết,over
tật,Parking
tần,frequency
chuy,Chuy
lột,strip off
xá,amnesty
lều,tent
thầm,silently
đậy,cover
tào,tào
tản,radiators
fiona,fiona
hãng,the firm
ed,ed
bye,bye
tê,numb
nhã,elegantly
rưởi,trash
mu,mu
lần,time
điếu,cigarettes
ragnar,Ragnar
rủi,risks
pizza,Pizza
kiêu,supercilious
jackson,jackson
xộn,mess
luân,rotation
harold,harold
gươm,sword
rỉ,rusty
chicago,chicago
dập,stamping
miller,miller
đáy,bottom
múa,dance
đồ,thing
dâng,dedicate
luke,luke
tự,self
trở,return
quí,precious
chính,primary
gọi,call
két,safes
lọ,jar
vincent,vincent
los,los
thoả,agreed
gớm,nauseate
kèn,trumpet
chase,chase
sét,lighting
rập,Arabic
buồng,room
dịu,soothe
chuồn,scoot
đè,overrides
lây,spread
ethan,ethan
ward,ward
when,khi
lucy,lucy
tị,refugee
lùn,short
chuyền,volleyball
chớp,lighting
tyler,tyler
mm-hmm,mm-hmm
àh,Ah
hiro,hiro
chiến,fight
khảo,references
bấm,press
lily,lily
banh,ball
thiêng,sacred
hiểu,understand
down,down
dơ,dirty
thea,Thea
california,california
louis,louis
đường,Street
yểm,cover
whoo,whoo
mất,lost
trèo,climb
ngậm,hydrated
trồng,grow
chày,Baseball
nhằm,to
bùa,amulet
hàm,jaw
underwood,underwood
bảo,security
chua,sour
lố,lố
phổ,popular
còng,cuffs
làn,lane
khỏa,Exhibitionism
rose,rose
tui,tui
nhở,cautions
laurel,laurel
ngẫu,random
dê,goat
đệt,đệt
clay,clay
vay,borrow
molly,molly
yi,yi
thép,steel
cà-phê,the coffee
sánh,compare
cốt,reinforced
chuck,chuck
vịnh,Bay
nhé,Please
suỵt,whist
trầm,deep
lisa,lisa
chuỗi,Chain
thuỷ,hydro
nếm,taste
thung,thung
sưu,gallery
lucas,lucas
đính,attached
vỗ,pat
khinh,contempt
lũng,Valley
bịch,bags
cuộc,the
ủi,iron
chuồng,cage
lờ,ignored
ngư,fishermen
tớ,I
quãng,distances
phudeviet.org,phudeviet.org
phiêu,Adventures
phil,phil
ngh,ngh
dán,paste
uy,uy
chĩa,pointed
walker,walker
gary,gary
vải,fabric
vạch,bar
sườn,side
gideon,gideon
garcia,garcia
qu,qu
đấng,Beings
rock,rock
định,No.
who,who
maggie,maggie
jerry,jerry
sảnh,lobby
căm,hate
nhận,take
nã,wanted
chinh,main
nhị,II
khỏi,from
liễu,willow
củ,tubers
khử,eliminate
white,white
ham,enjoy
cháu,grandchildren
quầy,the counter
búp,Doll
lấp,fill
jordan,jordan
hoàng,King
khao,khao
lọc,filter
cớ,excuse
spartacus,spartacus
at,at
kẹp,clip
ngoài,out
mia,mia
láo,láo
carrie,carrie
thiểu,least
bơ,butter
đợt,round
diệp,chlorophyll
khán,crowd
rể,groom
ngất,faint
vú,breast
sọ,skull
nhường,gave way
nàn,complaining
angela,angela
khẳng,confirmed
khôi,reset
ro,ro
nghịch,inverse
lượn,glider
thực,real
điền,fill
see,see
gái,girl
tặc,hijackers
dội,rebound
smith,smith
hãm,braking
đĩ,moll
cẩu,Crane
sắm,purchase
nhổ,pluck
kẻ,who
xả,exhaust
chị,sister
bàng,eagle
lung,lung
nâu,brown
tứ,Quarterfinals
vegas,vegas
đại,contemporary
lận,defraud
holmes,holmes
giọt,drop
cafe,cafe
đố,puzzle
pablo,pablo
hãnh,proud
xuống,down
elizabeth,elizabeth
tè,pee
ian,ian
xỉn,dull
xách,handbags
đái,urinate
roger,roger
kèm,together
linda,linda
toa,car
rạp,theater
reid,reid
bond,bond
moi,moi
karen,karen
ngây,blankly
quăng,toss
from,from
quậy,dolly
chổ,place
bát,bowl
vẹn,integrity
clark,clark
jessica,jessica
chẩn,diagnostic
hỡi,O
alo,alo
julie,julie
flash,flash
vụ,service
hoà,Conditioning
lời,word
khiếu,complaints
hả,huh
savage,savage
reese,reese
ốc,snails
thước,size
charlotte,charlotte
cameron,cameron
rỗi,Available
ngô,Corn
vuốt,claw
rách,torn
êm,smoothly
tro,ash
park,park
ngụy,puppet
raymond,raymond
little,little
khơi,coast
robin,robin
him,photographing
bơm,pump
cố,try
mặt,face
xui,bad
cấy,implant
xưng,confess
bậy,amiss
tuyệt,great
nhạt,pale
caesar,Caesar
as,as
bất,Real
teddy,teddy
xoa,rub
thịnh,prosperity
nấm,mushroom
angeles,angeles
chèo,paddle
khung,frames
nít,Court
dr.,dr.
greg,greg
đoan,group
victoria,victoria
tiếp,more
màng,membrane
how,how
ang,ang
aaron,aaron
nhì,second
carol,carol
lánh,isolated
grant,grant
duyên,coast
phiến,blade
jay,jay
rèn,Forged
matthew,matthew
rau,vegetable
đánh,fight on
côi,fatherless
sòng,casinos
ǵ,ǵ
harvey,harvey
chúa,God
fan,fan
cõi,realms
wells,wells
marie,marie
sập,collapse
nấp,hiding
ngai,the throne
tẩu,mouthpiece
khoe,showing off
sáo,flute
el,el
dặn,commanded
ruồi,fly
buồm,sail
đam,Checkers
a-lô,Hello
khuẩn,bacterial
nhớ,mind
take,take
felicity,Felicity
choàng,muffle
mòn,trail
evan,evan
han,han
khéo,dexterous
tọa,coordinates
andrew,andrew
phàn,complain
bùng,boom
thấu,lens
lẩn,commutation
gen,gene
susan,susan
quặc,outrageous
soi,soi
gotham,gotham
bé,little
santa,santa
bịa,fabricated
thần,God
số,number
bằng,equal
shaw,shaw
h-san,h-san
náo,uproar
gonna,gonna
động,moving
email,email
want,want
jacob,jacob
big,big
chỗ,seat
chốn,place
larry,larry
lậu,pirated
ngột,unexpectedly
đầm,dress
mỏng,thin
khờ,imbecile
am,am
cặn,scale
dna,dna
ráng,try
phô,City
bùn,mud
parker,parker
sôi,boiling
dồn,cornered
dennis,dennis
coulson,Coulson
miêu,miêu
trọn,entire
cooper,cooper
alan,alan
hử,huh
nở,blooming
oxy,oxygen
sex,sex
debbie,debbie
toàn,full
nét,strokes
hẹp,narrow
ây,Hey
canada,canada
castle,castle
đội,team
cole,cole
lam,lam
howard,howard
about,about
son,lipstick
team,team
tà,deviant
chffffff,chffffff
way,way
cay,plough
lơ,neglected
vồ,maul
brown,brown
brody,Brody
jean,jean
patrick,patrick
xảy,happened
búa,hammer
học,learn
giống,like
chục,dozen
túng,in need
berlin,berlin
black,black
manny,manny
mãnh,mãnh
ào,loud
toi,toi
đao,executioner
dời,displacement
lydia,lydia
hông,hip
sương,dew
chun,chun
cuddy,Cuddy
đ,e
mĩ,mĩ
khâu,sew
ngạo,conceited
gạch,brick
allen,allen
mẻ,scratch
đươc,dressed
world,world
day,day
boston,boston
nhuận,profit
thủng,perforation
s.h.i.e.l.d.,s.h.i.e.l.d.
tình,love
saul,saul
chút,bit
tiền,money
lướt,Surfing
gai,thorn
vã,vã
cáu,irritated
thời,time
xuôi,down
trêu,tease
thê,Martha
night,night
ki,ki
chì,lead
men,yeast
foreman,foreman
snow,snow
ừ,yeah
mason,mason
nghiền,squish
xám,Gray
wyatt,Wyatt
bộ,the set
khái,overview
đều,are
giới,world
lẽ,probably
bản,copy
beth,beth
alpha,alpha
lọt,caught
súp,soup
tím,Violet
khuất,obscure
ashley,ashley
lance,lance
nhãn,labels
catherine,catherine
nina,nina
florida,florida
đũa,chopsticks
còi,Horn
giữ,Hold
chửi,verbally
đẽ,dike
piano,piano
she,she
grayson,grayson
nguyệt,moon
bướm,butterfly
vị,you
nến,candle
nghiệt,severe
joseph,joseph
cán,rolling
feet,feet
malcolm,malcolm
gũi,friendly
kiềm,alkali
dưa,melons
davis,davis
cứu,assist
lẻn,sneaked
palmer,palmer
soạn,composer
noah,noah
look,look
bôi,lather
đắm,wrecked
potter,potter
buddy,buddy
hiếu,hospitality
thank,thank
vần,rhyme
bưu,postal
líu,twister
đan,Knit
huệ,Favored
sừng,horn
ngầu,bloodshot
mộc,carpentry
vòi,faucet
rực,brightly
nảy,bouncing
hàng,row
len,wool
thụy,thụy
bóc,peeled
st.,st.
khống,null
iris,iris
nhích,edged
thét,scream
nhai,chew
nồng,hot
scofield,scofield
trả,pay
where,where
chờ,await
đồng,copper
nhúc,crawling
thằng,guy
mấy,few
ngợi,praise
đực,male
scarlett,scarlett
dốc,hill
kelly,kelly
hỏi,ask
na,na
lawrence,lawrence
make,make
a.,a.
lề,margin
bỗng,suddenly
vu,vu
jenny,jenny
tối,dark
helen,helen
bennet,bennet
từng,ever
riley,riley
bịt,Sealant
kyle,kyle
phụng,worship
never,never
julia,julia
kết,link
lạm,inflation
lewis,lewis
sát,close
vác,Slovak
đẹp,pretty
lẹ,rapid
tý,too
jon,jon
seth,seth
us,us
laura,laura
ngự,seated
vài,few
guy,guy
felix,felix
bẩm,congenital
johnson,johnson
green,green
thắn,candidly
cửa,door
rên,whimper
bầm,mother
ron,ron
rebecca,rebecca
game,game
norman,norman
km,kilometer
ken,ken
găng,mittens
phơi,dry
ahh,ahh
internet,Internet
moses,moses
xót,mercy
lệch,deviation
khuyến,extension
nước,country
lester,lester
back,back
sưởi,heating
phế,wASTE
nạt,bullying
vẫy,waved
cáp,cable
trọ,Accommodation
đùi,femoral
fitz,Fitz
hydra,hydra
cua,crab
phòng,room
miami,miami
ned,ned
bonnie,bonnie
chip,chip
bùm,boom
xơ,fiber
dinh,headquarters
roi,rod
nhạo,fun
scotland,Scotland
thây,see
barney,barney
trán,forehead
ẩm,warm
sĩ,Doctorate
nhỡ,missed
grace,grace
giời,giời
hụt,deficit
bảnh,dapper
more,more
khe,slots
tủy,marrow
logan,logan
hù,scare
doạ,threatened
ổn,is fine
hái,pick
taylor,taylor
phết,spreadable
trơn,slippery
nứt,cracked
tuệ,Property
chôm,chôm
bế,closing
lưỡng,bisexual
gầm,roar
jeff,jeff
lannister,lannister
khiết,purified
nhiễu,interference
terry,terry
miles,miles
tôm,shrimp
nộ,wrath
đôn,pedestal
chạy,run
kirk,Kirk
bách,cypress
đứng,stand
ớt,Chili
sir,sir
justin,justin
bord,bord
over,over
sỉ,Wholesale
mánh,tricks
lười,lazy
rầy,hoppers
bong,Bubble
sandwich,sandwich
spock,Spock
hiện,current
ann,ann
avatar,Avatar
show,show
uh-huh,uh-huh
connor,Connor
phanh,brake
sylar,Sylar
maya,maya
gìn,preserve
josh,josh
megan,megan
sô,chocolate
điếc,deaf
nhúng,dip
trặc,trouble
nhánh,branch
web,Visit
nhồi,stuffed
nháy,blink
tỉa,trim
vướng,caught
doc,doc
music,music
kara,Kara
cisco,cisco
địt,địt
lý,physical
lựu,pomegranate
arrow,arrow
phang,phang
moscow,moscow
lõi,core
vãn,courtship
séc,checks
chú,uncle
ôn,review
thảy,all
vụn,shred
blue,blue
think,think
hoành,diaphragm
nhựa,plastic
bì,packing
betty,betty
lẫy,tumblers
bắn,shoot
thoáng,airy
cưa,sawing
triết,philosophy
starling,starling
benjamin,benjamin
né,evade
bỉ,Belgium
sợ,scared
alexander,alexander
gầy,thin
west,west
cún,puppy
chư,Vassal
giở,lifted
miện,crown
ellen,ellen
hm,hm
chanh,lemon
qkk,qkk
hòng,attempt
why,why
hill,hill
mỡ,fat
xuẩn,Absurdistan
happy,happy
daisy,daisy
khuya,late
hack,hack
vặn,wring
neo,anchor
hổng,gaping
jill,jill
phước,blessings
chen,chen
mợ,auntie
zoe,zoe
tiếng,language
thự,villa
could,could
his,hIS
nicholas,nicholas
jamie,jamie
chước,Mirroring
bấy,then
ugh,ugh
then,Athens
chuckles,chuckles
hunter,hunter
cat,cat
que,rods
xôi,distant
marshall,marshall
clarke,clarke
ali,ali
đãng,clear
chồn,fox
fred,fred
hotch,hotch
ngủ,sleeping
vách,wall
christian,christian
need,fash
tưởng,believe
dơi,bats
khiên,shield
chích,sting
rùa,turtle
liếm,lick
lớn,big
our,our
barnes,Barnes
trượng,knobstick
nóc,roof
tạng,organ
star,star
đề,recommended
dỡ,unloading
giầy,shoes
liêng,discerned
aw,aw
merlyn,Merlyn
nhượng,concessions
ạ,sir
jo,jo
rán,fry
would,would
choáng,Stun
bình,jar
alfred,alfred
mac,mac
rach,rach
michelle,michelle
quyên,donation
vừa,fit
nancy,nancy
her,the her
turner,turner
truồng,bare
bừa,harrow
rót,pouring
xịt,spray
trào,movement
cathy,cathy
chật,tight
xen,intercropping
giếng,well
hành,onions
rợ,Barbarian
chuối,banana
nề,masonry
trọng,weight
or,or
sammy,sammy
báo,newspaper
judy,judy
thoái,quit
boy,boy
aang,Aang
hẻm,gorge
lãm,shows
albert,albert
há,Shall
bổn,responsibility
đáng,worth
lou,lou
mr,Mr
vạt,flap
lách,spleen
yến,oats
stone,stone
derek,derek
clb,club
vẻ,draw
xác,verified
đểu,đểu
nghiêng,inclined
quạ,crow
nhược,weakness
trời,God
manhattan,manhattan
won,won
hạ,Summer
whiskey,whiskey
nản,discouraged
von,von
abby,Abby
joy,joy
cuối,final
lộng,inshore
dùng,use
duyệt,Browser
sê,Serial
lm,shut up
ngần,shy
give,give
heart,heart
rành,rành
bởi,by
blake,blake
door,door
barbara,barbara
francisco,francisco
viếng,visit
phiện,opium
khiêm,humility
cong,curved
gào,screamed
đủ,enough
đợi,wait
nắp,lid
caroline,caroline
watson,watson
chang,chang
mật,Secured
báng,bang
pho,cheese
mìn,mine
florence,florence
hăng,Rampage
cối,mortars
dưng,suddenly
tề,presentable
please,please
bời,Boi
sally,sally
tivi,television
chloe,chloe
nghênh,welcome
đắp,up
cửu,multiplication
kid,kid
lìn,Lin
trút,vent
central,central
chọi,fighting
joshua,joshua
vali,Suitcase
dang,book
stan,stan
rỡ,brightly
cọc,deposit
alvin,alvin
điềm,sign
gã,guy
ă,ă
bổng,Whistles
chợt,suddenly
dừng,stop
elena,elena
zoom,zoom
chê,damn
stephen,stephen
tokyo,tokyo
samuel,samuel
ao,pond
holly,holly
ồ,oh
hong,hong
huân,Order
ngứa,itching
hot,hot
thuẫn,contradictions
biệt,special
nực,scorching
nhào,knead
brooklyn,brooklyn
rổ,basketball
phụ,extra
gus,Gus
sync,sync
chải,brush
nhỉ,huh
onii-chan,onii-chan
shit,shit
skye,skye
cúng,offerings
sophie,sophie
percy,percy
jersey,jersey
hội,festival
hán,drought
penny,penny
lầy,marshy
chùi,wipe
đả,Perforce
lân,nearby
diễn,to act
táng,interment
frankie,frankie
darcy,darcy
away,away
thẹn,blustery
ohh,ohh
ngó,look
oz,oz
jackie,jackie
cỡi,riding
israel,israel
steven,steven
skyler,Skyler
nhỏ,small
dana,dana
kiếm,sword
martha,martha
gps,gps
kông,Kong
rủ,invite
cảnh,scene
sorry,sorry
giải,solution
xảo,Magic
khăng,insists
sâm,ginseng
cám,bran
đắc,prime
becca,becca
kong,kong
núp,hide
bịp,bluff
sherman,sherman
anne,anne
vụng,clumsy
cào,claw
đm,đm
năn,contrition
vùi,buried
owen,owen
rãi,cobble
lường,measure
subteam,subteam
hector,hector
casey,casey
rải,spread
kề,adjacency
gom,consolidation
rình,lurk
c.,c.
cầu,bridge
jc,jc
brad,brad
donnie,Donnie
ưng,Falcon
xoáy,eddy
tấp,pull over
đức,virtue
ấu,early
vấn,issues
xoắn,twisted
lon,can
lúa,paddy
đất,land
mẩu,pieces
ru,ru
suối,heating
thôn,village
some,some
đời,existence
dải,strip
hình,Figure
dó,poonah
nhãi,chew
b.,b.
sonny,sonny
virginia,virginia
vét,dredging
téi,Tei
rò,leakage
becky,becky
mỉa,sarcasm
tell,tell
hal,hal
cằn,cằn
finn,Finn
been,Been
neil,neil
mách,tips
máy,machine
củi,firewood
trâu,buffalo
gạo,rice
lốp,tire
đối,for
tracy,tracy
colombia,colombia
nai,deer
siết,tightened
tua,tentacle
chiếc,the
vành,coronary
nín,silenced
dẫm,tread
dc,dc
oscar,oscar
bọt,foam
ivan,ivan
bo,bo
nhiếp,photography
thừng,rope
off,off
ollie,Ollie
ngạt,asphyxiated
sấm,Thunder
đụ,fuck
nicky,nicky
sủa,bark
cừ,piles
gần,near the
quyết,settlement
quấn,wrap
noel,noel
adn,ADN
ak,ak
fox,fox
dẻo,plasticizer
girl,girl
chổi,besom
keo,glue
lút,Sneaky
đàn,Forums
enterprise,enterprise
tuỳ,customization
thắp,lit
bus,bus
hand,hand
nén,compressed
eo,waist
đình,Home
tựa,seat
life,life
dai,tough
bernie,bernie
nhức,ache
mitch,mitch
phàm,philistine
dea,dea
dale,dale
had,Had
bén,sharp
diêm,matches
ronnie,ronnie
chưởng,attorney
sing,sing
bravo,bravo
khéng,Kheng
kèo,rafter
dick,dick
phát,release
vật,object
dù,albeit
kìm,pincers
hợp,well suited
leonard,leonard
cọ,rub
did,did
nghĩa,means
sáng,shining
nồi,pot
mickey,Mickey
lip,lip
hãn,Horde
nghếch,nghếch
hon,hon
cóng,freeze
chặng,leg
khó,difficult
thường,often
sandy,sandy
nhàm,blase
wall,wall
heh,heh
einstein,einstein
kai,kai
tẻ,dull
mép,edge
joffrey,Joffrey
bác,uncle
háo,spectators
xiếc,circus
quý,precious
marcel,marcel
baker,baker
đổi,change
richie,richie
travis,travis
bauer,Bauer
fort,fort
thức,wake
robbie,robbie
lizzy,lizzy
súng,guns
young,young
sẵn,available
carlos,carlos
góa,widow
khoán,stock
vodka,vodka
dốt,ignorant
đứa,children
harris,harris
trẻ,young
tập,collection
diego,diego
tơ,Counters
nhăn,wrinkled
thẳm,abyss
facebook,Facebook
dory,dory
feel,feel
wendy,wendy
lorenzo,lorenzo
rạch,Canal
isaac,isaac
sách,book
cước,charges
khan,anhydrous
đu,swing
bới,dig
uý,captain
roman,roman
lảng,shy
mấu,line
loa,speak
pierre,pierre
xi,xi
xịn,xịn
văng,Sofas
hú,howling
đẫm,Bloody
ó,ó
nhẽ,supposed
them,added
boris,boris
sưng,swelling
xỉ,slag
vá,patch
trắc,monitoring
chay,vegetarian
rõ,clear
toilet,toilet
juan,juan
thản,ease
kit,kit
honey,honey
vanessa,vanessa
nguội,cool
latin,latin
thanks,thanks
băn,wondered
delta,delta
chói,vivid
đấu,tournament
hạch,ganglion
harrison,harrison
tỵ,Refugee
chốc,moment
margaret,margaret
ếch,a frog
houston,houston
too,too
sùng,worm
nữ,female
nhịn,fasting
orleans,orleans
kiểm,inspection
abraham,abraham
dom,dom
cuba,cuba
sasha,sasha
cindy,cindy
rosie,Rosie
xẻo,excision
gabriel,gabriel
dí,wit
tử,death
lãi,interest
lu,lu
jess,jess
vinci,vinci
caitlin,Caitlin
chịu,bear
lt,lt
xít,Nazi
đành,had
xéo,sidelong
hốt,hốt
xắn,lovely
kể,including
karl,karl
wade,wade
still,STILL
hoả,fire
nhĩ,atrial
boong,deck
hollywood,hollywood
hunt,hunt
omar,omar
afghanistan,afghanistan
papa,papa
mốc,musty
nhằn,nhằn
hiên,porch
klaus,klaus
nhử,decoy
donald,donald
vươn,themselves
really,really
điểm,point
phẳng,plane
nấy,nấy
wallace,wallace
ương,Central
call,call
tội,sin
mắng,scolded
cành,spike
thống,system
đệm,buffer
bu,bu
ià,BUDAPEST
nêu,tell
tệ,Currency
mắt,eye
thử,to try on
eh,eh
jennifer,jennifer
jules,jules
dượng,Uncle
mâu,contradictions
úp,úp
santiago,santiago
khoăn,wondered
chọn,choose
erik,erik
bìa,cover
cal,cal
gật,nod
cave,cave
ầm,fuss
heather,heather
donna,donna
petrelli,Petrelli
đốn,chop down
nhậu,nhậu
lội,swim
tara,tara
vệ,protection
diana,diana
sấu,crocodile
halloween,Halloween
bernard,bernard
lượm,gather
vic,vic
phía,the
escobar,escobar
stifler,Stifler
street,Street
rob,rob
lanh,linen
sid,sid
tuế,minnows
scotty,scotty
philadelphia,philadelphia
sky,sky
ri,ri
đôla,dollar
điện,electricity
merlin,merlin
kev,kev
quáng,uncritical
úc,Australia
kế,next
oán,resentment
ng,ng
andrea,andrea
yuri,Yuri
apache,apache
going,going
trym,trym
trường,schools
vọng,outlook
gieo,sow
quẳng,threw
gáy,nape
collins,collins
randy,randy
oan,oan
hoạ,painter
khuyết,Accessible
trát,warrant
phép,permit
franklin,franklin
oa,oa
kang,kang
ruth,ruth
conrad,conrad
đậm,dark
ngồi,sit
dead,dead
mỳ,Noodle
f,f
hood,hood
diễu,march
bad,bad
thuyên,displacement
erin,erin
burrows,Burrows
xỏ,pierced
quentin,quentin
trụi,naked
nỉ,felt
subbing,subbing
lay,shake
mạnh,strong
cẩm,Qigong
valentine,valentine
phần,part
đày,ostracize
đúc,casting
ngõ,lane
liz,liz
tướng,Minister
khoát,decisively
miên,Hypnosis
dưới,below
nhọn,sharp
wanna,wanna
murphy,murphy
slade,Slade
chót,last
lane,lane
tú,excellence
bạ,Directory
reo,ring
đục,opaque
home,home
pheebs,pheebs
trevor,trevor
kìa,behold
kennedy,kennedy
mở,open
patty,patty
loan,loan
hươu,deer
chắn,sure
olivia,olivia
only,only
laughing,laughing
division,division
mỉm,smiling
thọ,life
fuck,fuck
jazz,jazz
nhủ,like
were,were
i,i
jeremy,jeremy
sàng,ready
lauren,lauren
monroe,monroe
ellis,ellis
rễ,roots
winterfell,winterfell
flint,flint
đắng,bitter
tụng,chant
ralph,ralph
kenny,kenny
trum,trum
reed,reed
nate,nate
kền,nickel
lốc,whirlwind
buổi,day
hòm,coffin
tuột,slip off
damon,damon
bài,Posts
si,si
elliot,elliot
mạ,plating
daryl,Daryl
bú,suck
austin,austin
quất,blueberries
ướp,marinated
rương,coffer
beckett,Beckett
vince,vince
georgia,georgia
thấm,absorb
trái,left
giá,price
quẹo,turn
chó,dog
crixus,Crixus
geeta,Geeta
phone,phone
through,through
quỵ,stroke
bella,bella
bell,bell
translated,translated
gallagher,Gallagher
simmons,Simmons
gôn,goal
lẽo,lẽo
yoo,yoo
gót,heel
christine,christine
trí,mind
bái,cult
abu,abu
tết,Tet
nhung,velvet
atlanta,atlanta
giỏ,baskets
ngừa,preventive
rụi,down
mack,mack
léo,clever
kiêng,abstinence
cass,cass
mikey,Mikey
damien,Damien
falcone,Falcone
biến,Out
nòng,barrel
kira,kira
chuyển,moved on
điêu,sculpture
quẩn,vicious
wally,wally
tục,continue
nom,nom
rụng,shed
ricky,ricky
tụt,lag
chceec,chceec
rìu,axe
hé,revealed
sue,sue
lằn,plait
se,se
wolf,wolf
xoá,deleted
moon,moon
vũ,universe
thính,hearing
baxter,baxter
lóc,snakehead
bryan,bryan
again,again
đút,put
wait,wait
nhơ,remember
mmm-hmm,mmm-hmm
fletcher,fletcher
nsa,NSA
parkman,Parkman
hưng,manic
gắt,scorching
troy,troy
miranda,miranda
amber,amber
rand,rand
lòng,heart
sure,sure
both,Both
hức,hức
sức,health
thầu,contractors
quốc,Nations
náu,shelter
eve,eve
bourne,bourne
éo,eo
tượng,statue
todd,todd
vest,vest
mừng,Welcome
delaney,Delaney
ngượng,shy
quỉ,demons
đặt,put
hoàn,Full
chuẩn,standard
janice,Janice
marco,marco
biếng,lazy
chfaebb,chfaebb
kathy,kathy
bét,bét
nhọc,hard
eva,eva
toby,toby
phò,pro
leon,leon
prince,prince
loại,species
dằn,ballast
raven,raven
rã,apart
natalie,natalie
fbl,FBL
something,something
cốp,Jacob
keith,keith
two,two
rữa,washing
cause,Cause
què,lame
hí,theater
lenny,lenny
boyka,Boyka
christ,christ
theodore,theodore
chủ,master
tưng,tưng
xẩy,happened
kansas,kansas
elias,elias
tiến,up
charley,Charley
quái,hell
face,face
xước,scratch
clyde,clyde
khả,availability
capitol,capitol
khốn,woe
nhuộm,dye
katniss,katniss
sansa,Sansa
khía,respects
sebastian,sebastian
dong,Dong
batman,Batman
khép,close
bộc,upsurge
hoắc,patchouli
quinn,quinn
old,old
cúc,chrysanthemum
tụy,pancreas
las,las
has,has
nikita,nikita
vuông,square
hừm,hm
douglas,douglas
ford,ford
brazil,brazil
zach,zach
pat,pat
nại,complaints
krypton,krypton
dunbar,Dunbar
flynn,Flynn
veronica,veronica
nak,nak
find,find
lụa,silk
rio,rio
dĩa,plate
shane,shane
eugene,eugene
láng,glossy
ngơ,blind
woody,woody
dog,dog
triệt,thoroughly
spencer,spencer
vắt,squeeze
cười,laugh
thúc,ends
xẻ,sawn
around,around
duncan,duncan
tã,diaper
violet,Violet
chừa,leave
ngoạn,breathtaking
kg,kg
rạng,rạng
fish,fish
didn,didn
miss,miss
khiến,cause
hell,hell
angel,angel
quyền,permission
samurai,samurai
mọt,weevil
crowley,Crowley
quả,fruit
eyes,eyes
xao,stir
thủ,prime
perry,perry
phồng,Puff
guys,guys
phá,breaking
ngụ,implied
crassus,Crassus
grand,grand
rôi,then
min,min
chùm,cluster
uống,to drink
nhảy,dance
morris,morris
luồng,stream
chí,Releases
mama,mama
lính,soldier
khốc,violently
tổng,total
mút,sucking
better,better
khoáng,mineral
anderson,anderson
amelia,amelia
ngòi,fuse
ngâm,mash
williams,williams
stop,stop
đùng,whiz
tess,tess
del,del
kan,kan
nan,nan
chuốc,asking
dẫn,guide
rãnh,trench
jefferson,jefferson
gates,gates
trọc,denuded
calvin,calvin
trưởng,Secretary
hoặc,or
niêm,Listed
ói,vomiting
frankenstein,Frankenstein
bô,father
trò,trick
liam,liam
nhiệm,responsibility
river,river
gara,garage
nasa,nasa
montgomery,montgomery
cồn,alcohol
ever,Ever
ngủi,lived
bailey,bailey
sighs,sighs
gân,close
lệnh,Comeinand
ngoãn,obediently
chappie,chappie
lấn,encroached
khiêng,helped
sub,sub
ít,little
chòng,stall
hold,hold
tính,compute
bradley,bradley
liệu,Whether
ráp,Collapsible
lăm,five
dãi,permissiveness
gasps,gasps
chậu,pot
remy,remy
rợn,chillingly
nể,respectable
xua,scare
micah,micah
diều,kite
ain,ain
trẫm,station
rìa,edge
live,live
ấp,hamlet
abe,abe
lionel,lionel
perez,perez
christina,christina
isabelle,isabelle
stefan,stefan
sắp,almost
cỏi,willed
lavigne,lavigne
bon,bon
mặp,portly
bàn,table
stannis,stannis
cháo,porridge
axit,acid
xơi,xơi
choi,Choi
laptop,laptop
mài,grinding
tạo,create
xạo,lie
said,said
sài,sài
hậu,Queen
vera,vera
earl,Earl
light,light
mãi,forever
evil,evil
môt,Unmatched
củng,increased
dột,leaking
mẹo,tips
chánh,chief
inch,inch
đốm,spot
zeus,Zeus
playing,playing
cuốn,coil
golf,golf
sạc,charging
gas,gas
cm,cm
lothbrok,lothbrok
nazir,Nazir
bing,bing
ừa,ừa
zack,Zack
d.c.,D.C.
hiểm,insurance
tina,tina
olive,olive
tràng,colon
boom,boom
gloria,gloria
anthony,anthony
chúc,wish
bruno,bruno
thạo,expert
hawaii,hawaii
hercules,hercules
độ,point
nzt,NZT
arnold,arnold
dallas,dallas
lim,lim
bênh,defended
hans,hans
alison,alison
mick,mick
carson,carson
phố,city
thiền,meditation
hứa,promise
philip,philip
ngặt,strict
mạt,grit
people,People
hall,hall
lực,force
mean,mean
stanley,stanley
buzz,buzz
chùa,Temple
nicole,nicole
cynthia,cynthia
bud,bud
russell,russell
qui,qui
lìa,depart
yoko,yoko
fscy,fscy
đới,tropical
fscx,fscx
th́,th
kỳ,Any
igt,IGT
satan,satan
rậm,bushy
marion,marion
goku,goku
lorraine,lorraine
angie,angie
mississippi,mississippi
samantha,samantha
lola,lola
đặc,special
khâm,admiration
huyệt,pit
euro,euro
sushi,Sushi
nhũng,corruption
leslie,leslie
ana,ana
top,top
jin,jin
made,made
quạt,fan
chao,Chao
jj,JJ
allison,allison
giàn,scaffold
ngỗng,goose
viết,write
rượt,hotfoot
suôn,smoothly
thái,Status
helena,helena
yep,yep
ohio,ohio
kent,kent
kíp,kip
tạt,breaking
clip,clip
ngửa,Backstroke
núm,knob
chambers,chambers
bích,flange
earth,earth
bền,lasting
soái,Marshal
dream,dream
duke,duke
quẩy,quẩy
chứng,proof
dễ,easy
gwen,gwen
bít,Sealing
mafia,mafia
glenn,glenn
hiệu,mark
uốn,curling
d.,d.
harvard,Harvard
cheee,cheee
blur.,blur.
chaaa,chaaa
dorothy,dorothy
lít,liter
bolton,bolton
jaime,jaime
sharon,sharon
phác,therapy
into,Into
jonathan,jonathan
chàng,guy
chfbaa,chfbaa
je,je
strange,strange
ku,ku
xay,Garbage
thoát,exit
blah,blah
mcgill,McGill
murdock,Murdock
cúm,flu
stella,stella
curtis,curtis
nhõm,relief
titan,titanium
nora,nora
mùt,jam
khánh,Independence
laughs,laughs
thúi,rot
thệ,oath
heidi,heidi
chướng,distention
tơi,to
translator,translator
bộn,bộn
woman,woman
rà,review
phút,minute
nolan,nolan
hacker,hacker
xáo,disturbance
conway,conway
art,art
gregory,gregory
cí,Ci
google,google
phục,s
trơ,inert
daphne,daphne
metro,metro
lộc,Loc
niki,niki
hudson,hudson
sun,sun
elijah,Elijah
sảng,delirium
ngốc,idiot
bạt,Awning
jerusalem,jerusalem
tụi,us
lạc,lost
club,club
romeo,romeo
great,great
tôi-,I-
pam,pam
bí,pumpkin
trỗi,emergence
nàng,she
rùng,creepy
nothing,nothing
khét,khet
dụng,Its
carmen,carmen
soda,soda
cày,plowing
nanh,canine
ưi,iron
iraq,iraq
hugo,hugo
diane,diane
jude,Jude
val,val
every,every
hayes,hayes
woo,woo
xuất,Recommended
dylan,dylan
tránh,avoid
sexy,sexy
gập,folding
peabody,peabody
e.,e.
thú,interesting
nhót,and dancing
túm,caught
colorado,colorado
yu,yu
vớt,fish
ceo,ceo
std,std
nặc,Anonymity
thoi,buffet
chịch,prick
quật,Excavating
thuốc,medicine
ghim,pin
hót,singing
dự,projected
buck,buck
ganh,contention
radar,radar
tẹo,tẹo
kendra,kendra
quát,extensive
ngáy,snore
ngẫm,ngẫm
fs,fs
ăc,AC
te,te
jai,jai
venice,venice
mầm,germ
thắng,prevail
keep,keep
air,air
lùa,Sliding
nổi,well
thượng,rooftop
job,job
snart,snart
hoi,hoi
sút,shot
mặc,wear
đoán,guess
allah,allah
quế,cinnamon
găm,dagger
camelot,Camelot
át,ace
rẩy,shaking
janet,janet
edgar,edgar
mứt,jam
thiến,neuter
độc,poison
porter,porter
ramon,ramon
tuco,tuco
tịnh,translational
julian,julian
i,i
xỉu,faint
cợt,fun
fnhobo,fnhobo
link,link
vò,pitcher
copy,copy
madison,madison
trầy,scratch
mễ,mễ
mcclane,McClane
hát,sing
thing,thing
j.,j.
tuý,drug
kị,cavalry
jang,jang
mak,mak
cổ,neck
chéo,cross
chiêm,dream
gặm,gnaw
ẩu,reckless
oxford,oxford
sheldon,sheldon
place,place
captain,captain
lucky,lucky
khuấy,stirred
ria,mustache
rip,rip
le,le
địa,geography
khí,gas
dolores,Dolores
heroin,heroin
mảng,Plate
chẽ,close
sen,lotus
freddy,freddy
phớt,felt
vượng,prosperity
ni,ni
rèm,blinds
vienna,vienna
winchester,winchester
carlo,carlo
sanders,sanders
rồi.,already.
sục,jacuzzi
lả,exhausted
bai,Posts
cánh,wing
linderman,Linderman
reynolds,reynolds
ellie,ellie
trụy,failure
arizona,arizona
vằn,zebra
khiếm,blinds
lord,lord
grey,gray
nốc,gulping
hăm,intimidation
xấu,bad
sydney,sydney
uh-oh,uh-oh
roland,roland
april,april
quỷ,devil
dậy,up
marvin,marvin
vung,region
phimhd.vn,phimhd.vn
abigail,abigail
mốt,fashion
bệnh,sick
missouri,missouri
gotta,gotta
bói,divine
pháp,France
hên,hên
frodo,Frodo
muỗi,mosquito
martini,martini
fire,fire
sweet,sweet
peeta,peeta
nịnh,flattery
first,first
mm-hm,mm-hm
phà,ferry
dừa,coconut
ninja,ninja
mỗi,every
roberto,roberto
uỷ,authorized
chạp,sluggish
dìm,shoves
po,po
giục,expedite
mạng,network
tuần,week
lẳng,lẳng
guitar,guitar
xuồng,canoe
much,much
blood,blood
e-mail,email
nhộn,Pop
dumbledore,Dumbledore
jonah,Jonah
campbell,campbell
dance,dance
philly,philly
lì,li
vòng,ring
chapman,chapman
gao,rice
bjorn,Bjorn
joan,joan
tít,headline
fine,fine
bước,steps
rong,algae
sanchez,sanchez
fisk,fisk
tru,Stay
vy,vy
phộng,peanuts
prentiss,prentiss
stuart,stuart
louise,louise
rắm,fart
vàng,yellow
càn,raid
blog,blog
ngẩng,lifted
rita,rita
langley,langley
nelson,nelson
loanh,loanh
cffb,cffb
island,island
dude,dude
hời,bargain
bẽ,humiliated
before,all before
dấu,sign
cụm,cluster
dicaprio,DiCaprio
vời,great
hướng,direction
là-,was-
pop,pop
tennis,tennis
pepper,pepper
belle,belle
vatican,vatican
chè,tea
chầu,adoration
gửi,to send
xẻng,shovel
trội,excel
ii,ii
vợ,wife
thọc,thrust
summer,summer
nikki,nikki
bull,bull
ash,ash
lập,create
trận,battles
nghẹt,stuffiness
pharaoh,pharaoh
geller,Geller
thằn,lizard
phắn,part
naples,naples
powers,powers
không.,are not.
leonardo,leonardo
nghỉ,Vacation
metatron,Metatron
katherine,katherine
high,high
shakespeare,shakespeare
ảnh,image
piper,piper
chòm,constellation
nọc,stilt
đản,birthday
end,end
everything,everything
đóng,closed
antonio,antonio
file,file
tháng,month
luis,luis
linc,LINC
sò,clam
data,data
bishop,bishop
caleb,Caleb
willy,willy
andre,andre
vệt,streak
randall,randall
pierce,pierce
fax,fax
sầu,sorrow
áo,shirt
stu,stu
christopher,christopher
floki,floki
phản,reaction
kitty,Kitty
aye,Aye
tuổi,year old
ü,ü
sử,history
thompson,thompson
pan,pan
l.a.,l.a.
yoga,yoga
benny,benny
chảo,pan
morphine,morphine
herbie,Herbie
trc,trc
x-quang,X-ray
thận,kidney
jody,jody
tho,tho
clayton,clayton
út,youngest
subtitle,subtitle
rossi,rossi
biêt,know
tusk,Tusk
harper,harper
vo,vo
sâm-banh,champagne
try,tRY
chan,chan
xổ,lottery
online,online
ngả,reclining
evelyn,evelyn
tròng,Contacts
vũng,puddle
sparta,sparta
teo,atrophic
iron,iron
nới,ease
tèo,Teo
dịch,Translate
phẫn,indignation
connie,connie
times,times
chaney,CHANEY
lảm,Levellers
hayley,hayley
knocking,knocking
moore,moore
cmn,cmn
tựu,achievements
phím,keys
brick,bricking
tài,User
rico,rico
giả,false
rollo,Rollo
side,side
these,những
khá,rather
usd,USD
vitamin,vitamin
vấp,tripped over
help,help
thóc,paddy
nhút,shy
pound,pounds
nevada,nevada
hoffman,hoffman
logic,logic
point,point
brandon,brandon
cạp,Leggings
giẻ,rag
bần,Hospice
hope,hope
gin,gin
liêu,bureaucracy
hen,asthma
bíp,beep
brock,Brock
floyd,floyd
xém,almost
ập,strikes
arkham,arkham
tĩnh,static
mon,mon
nang,follicle
poe,PoE
thình,suddenly
pope,pope
cage,cage
wa,wa
sokka,Sokka
iran,iran
anton,anton
phịch,flopped
chộp,grab
elsa,elsa
lữ,tour
saint,saint
ding,ding
elle,elle
tráo,duplicity
bựa,bựa
gu,Style
mulder,Mulder
natasha,natasha
cấp,grade
ng,ng
tem,stamp
cabin,cabin
s.t.a.r.,s.t.a.r.
kè,embankment
kurt,kurt
deacon,Deacon
xù,terry
vọt,bounds
gyeon-woo,Gyeon-woo
diggle,Diggle
sugar,sugar
hotchner,hotchner
ui,ui
nhấm,nhấm
lynch,lynch
stay,stay
thím,aunt
suresh,suresh
viktor,viktor
lết,creep
petrov,Petrov
move,move
ngán,bored
điểu,điểu
toái,dark
mei,mei
pennsylvania,pennsylvania
album,album
bừng,flushes
tưới,irrigation
rời,leave
thor,thor
karate,karate
phỉ,hazelnut
mịa,mịa
chester,chester
nhả,release
kén,cocoon
boxing,boxing
bướng,contumacious
cairo,cairo
raul,raul
nemo,Nemo
days,days
drake,drake
argh,argh
clara,clara
ctu,ctu
columbia,columbia
tỏi,garlic
tessa,tessa
hugh,hugh
hằn,vicious
nhe,bared
bẩy,trap
sheila,sheila
bánh,cake
lex,lex
xử,treatment
laser,laser
east,east
lòi,lòi
always,always
cocaine,cocaine
napoleon,napoleon
mền,rug
rao,Ad
mụn,acne
churchill,Churchill
cyrus,cyrus
đuợc,Okay
scotch,scotch
labs,labs
theresa,theresa
detroit,detroit
miriam,miriam
virgil,virgil
sal,sal
tấn,ton
isabel,isabel
giun,worms
gina,gina
kane,kane
lara,lara
banks,banks
alexis,alexis
solomon,solomon
mủ,pus
peterson,peterson
naomi,naomi
rang,roasted
nhẹn,mobility
lady,lady
crawford,crawford
sớm,Soon
godfrey,godfrey
mind,mind
party,party
ireland,ireland
tyrion,Tyrion
xiên,slant
roosevelt,roosevelt
id,id
jenkins,Jenkins
phét,phét
stein,stein
heathcliff,Heathcliff
chần,blanched
hói,bald
hyah,hyah
ripley,Ripley
kiều,overseas
nham,lava
khải,revealed
paula,paula
quyệt,perfidious
t.,t.
kẻo,lest
put,put
tạm,provisional
cùi,leper
hạnh,happiness
lyle,lyle
gray,gray
yếm,plastron
cằm,chin
chập,convolution
hoạch,planning
đỡ,support
boa,boa
bingley,Bingley
warren,warren
samaritan,Samaritan
bợm,Tricksters
denise,denise
jensen,jensen
đạm,protein
gắng,to
đùa,funny
yay,yay
brandy,brandy
gerry,Gerry
hủ,hu
gãi,scratching
gavin,Gavin
carly,carly
melissa,melissa
vơ,Maldives
phillips,phillips
queens,queens
interpol,Interpol
thị,marketing
graham,graham
things,things
judith,judith
three,three
bân,Bin
vòm,roof
cleveland,cleveland
mửa,puke
yoon,yoon
giêsu,giêsu
brenda,brenda
protein,the protein
brendan,brendan
sóc,squirrel
lửng,mezzanine
rosa,rosa
skynet,Skynet
cocktail,cocktail
ngụm,sip
diếm,secretive
hills,hills
nài,insist
đạn,bullet
shawn,shawn
soo,soo
butler,butler
méo,distortion
sôcôla,chocolate
sandra,sandra
hun,hun
anita,anita
xở,managed
hẽm,Alley
cersei,cersei
doing,doing
mị,mị
lyla,lyla
craig,craig
vs,with
martinez,martinez
rô,checkered
thuộc,of
ngựa,horse
gretchen,gretchen
last,last
bữa,Accessible
butch,butch
ark,ark
jeffrey,jeffrey
lũ,flood
trốn,hide
milan,milan
fisher,fisher
micky,micky
gàng,neatly
sophia,sophia
free,free
wheeler,wheeler
shrek,shrek
money,money
luật,the law
thò,sticking
hùm,lobster
lụt,overwhelm
batiatus,Batiatus
tành,Stage
seattle,seattle
ando,ando
vấy,stained
dòm,expressed an
gò,hill
rv,rv
should,shouldnt
tạc,carved
joon,joon
mướn,rent
cora,Cora
gcpd,gcpd
dvd,DVD
sullivan,sullivan
westeros,World of A Song of Ice and Fire
sành,terracotta
frost,frost
dzậy,is fine
giỏi,great
sparrow,sparrow
thă,excuse
thoại,phone
edit,edit
măng,cement
nện,pounding
appa,appa
those,những
terrence,Terrence
nhạc,music
katara,katara
four,four
nằm,lie
russo,Russo
lúng,scratching
vicky,vicky